/*
Navicat MySQL Data Transfer

Source Server         : mysql
Source Server Version : 50096
Source Host           : localhost:3306
Source Database       : shirodemo

Target Server Type    : MYSQL
Target Server Version : 50096
File Encoding         : 65001

Date: 2019-03-22 11:56:13
*/

SET FOREIGN_KEY_CHECKS=0;

-- ----------------------------
-- Table structure for sys_category
-- ----------------------------
DROP TABLE IF EXISTS `sys_category`;
CREATE TABLE `sys_category` (
  `id` varchar(64) NOT NULL,
  `name` varchar(32) NOT NULL,
  PRIMARY KEY  (`id`),
  KEY `sys_category_id` (`id`),
  KEY `sys_category_name` (`name`)
) ENGINE=InnoDB DEFAULT CHARSET=utf8;

-- ----------------------------
-- Records of sys_category
-- ----------------------------
INSERT INTO `sys_category` VALUES ('258221379760033792', '娱乐');
INSERT INTO `sys_category` VALUES ('258221160834142208', '旅行');
INSERT INTO `sys_category` VALUES ('258221102512345088', '电影');
INSERT INTO `sys_category` VALUES ('258220956378599424', '科技');
INSERT INTO `sys_category` VALUES ('258220866029096960', '艺术');
INSERT INTO `sys_category` VALUES ('258221020287209472', '财经');

-- ----------------------------
-- Table structure for sys_comments
-- ----------------------------
DROP TABLE IF EXISTS `sys_comments`;
CREATE TABLE `sys_comments` (
  `id` varchar(255) NOT NULL,
  `sys_mid` varchar(255) NOT NULL,
  `sys_uid` varchar(255) NOT NULL,
  `content` text NOT NULL,
  `isdelete` int(11) NOT NULL default '0',
  PRIMARY KEY  (`id`,`sys_mid`,`sys_uid`),
  KEY `sys_comments_mid` (`sys_mid`),
  KEY `sys_comments_uid` (`sys_uid`),
  KEY `sys_comments_id` (`id`),
  CONSTRAINT `sys_comments_mid` FOREIGN KEY (`sys_mid`) REFERENCES `sys_moments` (`id`),
  CONSTRAINT `sys_comments_uid` FOREIGN KEY (`sys_uid`) REFERENCES `sys_user` (`id`)
) ENGINE=InnoDB DEFAULT CHARSET=utf8;

-- ----------------------------
-- Records of sys_comments
-- ----------------------------
INSERT INTO `sys_comments` VALUES ('259734452639502336', '258672711964954624', '258220666812239872', '1231456456', '0');
INSERT INTO `sys_comments` VALUES ('259763446692843520', '258672711964954624', '258220666812239872', '你好', '0');
INSERT INTO `sys_comments` VALUES ('259765608479068160', '258672711964954624', '258220666812239872', '你好啊', '0');
INSERT INTO `sys_comments` VALUES ('259998478288162816', '258672711964954624', '258220666812239872', '你好不好啊', '0');
INSERT INTO `sys_comments` VALUES ('259999076597239808', '258672711964954624', '259998995865276416', '我不好', '0');
INSERT INTO `sys_comments` VALUES ('260095118386794496', '258672711964954624', '258220666812239872', '111', '0');
INSERT INTO `sys_comments` VALUES ('260459222091829248', '258672725193789440', '258220666812239872', '你好', '0');
INSERT INTO `sys_comments` VALUES ('260473265569533952', '258672750086983680', '260473052700217344', '你好', '0');
INSERT INTO `sys_comments` VALUES ('263464570029477888', '258672741937451008', '258220666812239872', '123132', '0');
INSERT INTO `sys_comments` VALUES ('293737456543600640', '258672737634095104', '258220666812239872', '1111', '0');
INSERT INTO `sys_comments` VALUES ('305374185692205056', '305118002293116928', '258220666812239872', '111', '0');

-- ----------------------------
-- Table structure for sys_history
-- ----------------------------
DROP TABLE IF EXISTS `sys_history`;
CREATE TABLE `sys_history` (
  `id` varchar(255) NOT NULL,
  `sys_uid` varchar(255) NOT NULL,
  `sys_mid` varchar(255) NOT NULL,
  `historyTime` timestamp NOT NULL default CURRENT_TIMESTAMP on update CURRENT_TIMESTAMP,
  PRIMARY KEY  (`id`,`sys_uid`,`sys_mid`),
  KEY `sys_history_uid` (`sys_uid`),
  KEY `sys_history_mid` (`sys_mid`),
  KEY `sys_history_id` (`id`),
  KEY `sys_history_historyTime` (`historyTime`),
  CONSTRAINT `sys_history_mid` FOREIGN KEY (`sys_mid`) REFERENCES `sys_moments` (`id`),
  CONSTRAINT `sys_history_uid` FOREIGN KEY (`sys_uid`) REFERENCES `sys_user` (`id`)
) ENGINE=InnoDB DEFAULT CHARSET=utf8;

-- ----------------------------
-- Records of sys_history
-- ----------------------------
INSERT INTO `sys_history` VALUES ('260834965288259584', '258220666812239872', '258672750086983680', '2018-11-16 15:50:52');
INSERT INTO `sys_history` VALUES ('260837259887120384', '258220666812239872', '258672772807528448', '2018-11-16 15:55:14');
INSERT INTO `sys_history` VALUES ('260837278845374464', '258220666812239872', '258672784333475840', '2018-11-16 15:55:19');
INSERT INTO `sys_history` VALUES ('260837299976278016', '258220666812239872', '259767021661720576', '2018-11-16 15:55:24');
INSERT INTO `sys_history` VALUES ('260837333002227712', '258220666812239872', '260459878039031808', '2018-11-16 15:55:31');
INSERT INTO `sys_history` VALUES ('260851385837424640', '258220666812239872', '259637051492798464', '2018-11-16 16:51:22');
INSERT INTO `sys_history` VALUES ('263464570444713984', '258220666812239872', '258672741937451008', '2018-11-23 21:55:14');
INSERT INTO `sys_history` VALUES ('260837352497352704', '258220666812239872', '259634349023039488', '2018-11-23 21:55:47');
INSERT INTO `sys_history` VALUES ('260834716255653888', '258220666812239872', '258672737634095104', '2019-03-18 20:02:04');
INSERT INTO `sys_history` VALUES ('260477506665189376', '258220666812239872', '258672724686278656', '2019-03-18 20:19:12');
INSERT INTO `sys_history` VALUES ('260837359585726464', '258220666812239872', '259634126842368000', '2019-03-18 20:30:55');
INSERT INTO `sys_history` VALUES ('305117983582326784', '258220666812239872', '259637021620965376', '2019-03-18 20:31:01');
INSERT INTO `sys_history` VALUES ('260837243244122112', '258220666812239872', '258672725193789440', '2019-03-18 21:55:57');
INSERT INTO `sys_history` VALUES ('305118028457185280', '258220666812239872', '305118002293116928', '2019-03-19 13:30:18');
INSERT INTO `sys_history` VALUES ('260837319962136576', '258220666812239872', '259637038024888320', '2019-03-19 13:31:43');
INSERT INTO `sys_history` VALUES ('305382592285380608', '258220666812239872', '258672762011389952', '2019-03-19 14:02:29');
INSERT INTO `sys_history` VALUES ('305481272040493056', '258220666812239872', '305481243313704960', '2019-03-19 20:40:02');
INSERT INTO `sys_history` VALUES ('260837342422634496', '258220666812239872', '260473638782898176', '2019-03-20 12:13:57');
INSERT INTO `sys_history` VALUES ('305116920678584320', '258220666812239872', '305116888583770112', '2019-03-21 15:19:17');
INSERT INTO `sys_history` VALUES ('306126749308162048', '258220666812239872', '306126563949285376', '2019-03-21 15:19:30');
INSERT INTO `sys_history` VALUES ('306127527594823680', '258220666812239872', '306127464411828224', '2019-03-21 15:22:35');
INSERT INTO `sys_history` VALUES ('306128297350270976', '258220666812239872', '306128284087881728', '2019-03-21 15:25:39');
INSERT INTO `sys_history` VALUES ('306215680162795520', '259998818651738112', '306215665667280896', '2019-03-21 21:12:53');
INSERT INTO `sys_history` VALUES ('306216606541942784', '259998818651738112', '306216526124552192', '2019-03-21 21:16:33');
INSERT INTO `sys_history` VALUES ('306217009375481856', '259998818651738112', '306216995878211584', '2019-03-21 21:18:09');
INSERT INTO `sys_history` VALUES ('306217815801729024', '259998818651738112', '306217800593182720', '2019-03-21 21:21:22');
INSERT INTO `sys_history` VALUES ('306218116155838464', '259998818651738112', '306218096320974848', '2019-03-21 21:22:33');
INSERT INTO `sys_history` VALUES ('306220441926766592', '306218396192739328', '306220423836733440', '2019-03-21 21:31:48');
INSERT INTO `sys_history` VALUES ('306220768025513984', '306218396192739328', '306220716980834304', '2019-03-21 21:33:06');
INSERT INTO `sys_history` VALUES ('306221437025390592', '306218396192739328', '306221423263879168', '2019-03-21 21:35:45');
INSERT INTO `sys_history` VALUES ('306222224635990016', '306218396192739328', '306222196580290560', '2019-03-21 21:38:53');
INSERT INTO `sys_history` VALUES ('306222581176995840', '306218396192739328', '306222563405729792', '2019-03-21 21:40:18');
INSERT INTO `sys_history` VALUES ('306225602019594240', '306218396192739328', '306225585397567488', '2019-03-21 21:52:18');
INSERT INTO `sys_history` VALUES ('306225996955258880', '306218396192739328', '306225984242323456', '2019-03-21 21:53:52');
INSERT INTO `sys_history` VALUES ('306226956670734336', '306218396192739328', '306226865918578688', '2019-03-21 21:57:41');
INSERT INTO `sys_history` VALUES ('306227685418471424', '306218396192739328', '306227670956511232', '2019-03-21 22:00:35');
INSERT INTO `sys_history` VALUES ('306229021031665664', '306227866931171328', '306229005672124416', '2019-03-21 22:05:53');
INSERT INTO `sys_history` VALUES ('306229649455845376', '306227866931171328', '306229627456720896', '2019-03-21 22:08:23');
INSERT INTO `sys_history` VALUES ('306234204469989376', '306232379880640512', '306234191912243200', '2019-03-21 22:26:29');
INSERT INTO `sys_history` VALUES ('306234933075120128', '306232379880640512', '306234916708945920', '2019-03-21 22:29:23');
INSERT INTO `sys_history` VALUES ('306233318771396608', '306232379880640512', '306233300471648256', '2019-03-21 22:29:28');
INSERT INTO `sys_history` VALUES ('306235381739819008', '306232379880640512', '306235370352283648', '2019-03-21 22:31:10');
INSERT INTO `sys_history` VALUES ('306236316394328064', '306232379880640512', '306236305208119296', '2019-03-21 22:34:53');
INSERT INTO `sys_history` VALUES ('306238430973661184', '306232379880640512', '306237677995429888', '2019-03-21 22:43:17');
INSERT INTO `sys_history` VALUES ('306238450221322240', '306232379880640512', '306237256337854464', '2019-03-21 22:43:21');
INSERT INTO `sys_history` VALUES ('306238464301600768', '306232379880640512', '306236739821899776', '2019-03-21 22:43:25');
INSERT INTO `sys_history` VALUES ('306424449136201728', '306232379880640512', '306424427057385472', '2019-03-22 11:02:27');

-- ----------------------------
-- Table structure for sys_like
-- ----------------------------
DROP TABLE IF EXISTS `sys_like`;
CREATE TABLE `sys_like` (
  `id` varchar(255) NOT NULL,
  `sys_uid` varchar(255) NOT NULL,
  `sys_mid` varchar(255) NOT NULL,
  `islike` int(11) NOT NULL default '1',
  PRIMARY KEY  (`id`,`sys_uid`,`sys_mid`),
  KEY `sys_like_uid` (`sys_uid`),
  KEY `sys_like_mid` (`sys_mid`),
  KEY `sys_like_id` (`id`),
  CONSTRAINT `sys_like_mid` FOREIGN KEY (`sys_mid`) REFERENCES `sys_moments` (`id`),
  CONSTRAINT `sys_like_uid` FOREIGN KEY (`sys_uid`) REFERENCES `sys_user` (`id`)
) ENGINE=InnoDB DEFAULT CHARSET=utf8;

-- ----------------------------
-- Records of sys_like
-- ----------------------------
INSERT INTO `sys_like` VALUES ('260021228482465792', '258220666812239872', '258672724686278656', '1');
INSERT INTO `sys_like` VALUES ('260021950108274688', '258220666812239872', '258672725193789440', '1');
INSERT INTO `sys_like` VALUES ('260025441874743296', '259998995865276416', '258672711964954624', '1');
INSERT INTO `sys_like` VALUES ('260109264440397824', '258220666812239872', '258672741937451008', '1');
INSERT INTO `sys_like` VALUES ('260109287265800192', '258220666812239872', '258672746035286016', '1');
INSERT INTO `sys_like` VALUES ('260109310565158912', '258220666812239872', '258672750086983680', '1');
INSERT INTO `sys_like` VALUES ('260109328663580672', '258220666812239872', '258672754394533888', '1');
INSERT INTO `sys_like` VALUES ('260109343825989632', '258220666812239872', '258672758454620160', '1');
INSERT INTO `sys_like` VALUES ('260109360083111936', '258220666812239872', '258672762011389952', '1');
INSERT INTO `sys_like` VALUES ('260109378831650816', '258220666812239872', '258672769749880832', '1');
INSERT INTO `sys_like` VALUES ('260114055828738048', '258220666812239872', '258672711964954624', '1');
INSERT INTO `sys_like` VALUES ('260131501407080448', '258220666812239872', '258672737634095104', '1');
INSERT INTO `sys_like` VALUES ('260473285920296960', '260473052700217344', '258672750086983680', '1');

-- ----------------------------
-- Table structure for sys_moments
-- ----------------------------
DROP TABLE IF EXISTS `sys_moments`;
CREATE TABLE `sys_moments` (
  `id` varchar(64) NOT NULL,
  `sys_uid` varchar(64) NOT NULL,
  `sys_cid` varchar(64) NOT NULL,
  `title` varchar(64) NOT NULL,
  `image` varchar(128) default NULL,
  `content` text NOT NULL,
  `time` datetime default NULL,
  `amountOfReading` int(11) default NULL,
  `isdelete` int(11) NOT NULL default '0',
  `slogan` varchar(255) default NULL COMMENT '标语',
  `transpondBy` varchar(255) default NULL COMMENT '转发自',
  PRIMARY KEY  (`id`,`sys_uid`,`sys_cid`),
  KEY `sys_uid_FK` (`sys_uid`),
  KEY `sys_moment_id` USING BTREE (`id`),
  KEY `sys_moment_title` USING BTREE (`title`),
  KEY `sys_moments_cid_FK` (`sys_cid`),
  KEY `sys_moments_isdelete` (`isdelete`),
  CONSTRAINT `sys_moments_cid_FK` FOREIGN KEY (`sys_cid`) REFERENCES `sys_category` (`id`),
  CONSTRAINT `sys_uid_FK` FOREIGN KEY (`sys_uid`) REFERENCES `sys_user` (`id`)
) ENGINE=InnoDB DEFAULT CHARSET=utf8;

-- ----------------------------
-- Records of sys_moments
-- ----------------------------
INSERT INTO `sys_moments` VALUES ('258672711964954624', '258220666812239872', '258221379760033792', 'tttt', '/uploadImages/55b79182-7161-4e2b-9ce4-d569cb60cb91_1489483188488.jpg', '<p>12312</p>\r\n', '2018-11-10 16:34:06', '151', '1', '1231', null);
INSERT INTO `sys_moments` VALUES ('258672717186863104', '258220666812239872', '258221379760033792', 'ttt', '/uploadImages/0847d25e-9190-40b9-8280-06622b374d53_1489483188488.jpg', '<p>12312</p>\r\n', '2018-11-10 16:34:07', '1', '1', '1231', null);
INSERT INTO `sys_moments` VALUES ('258672721007874048', '258220666812239872', '258221379760033792', 'kkkk', '/uploadImages/27e752bc-7e40-4690-837f-0e685c84125f_1489483188488.jpg', '<p>12312</p>\r\n', '2018-11-10 16:34:08', '1', '1', '1231', null);
INSERT INTO `sys_moments` VALUES ('258672724686278656', '258220666812239872', '258221379760033792', '1212', '/uploadImages/bb7403f6-bde0-4051-9912-fc0547cc6526_1489483188488.jpg', '<p>12312</p>\r\n', '2018-11-10 16:34:09', '61', '0', '1231', null);
INSERT INTO `sys_moments` VALUES ('258672725193789440', '258220666812239872', '258221379760033792', '1212', '/uploadImages/9bb928a9-cc96-4168-8e48-bce8a40462f0_1489483188488.jpg', '<p>12312</p>\r\n', '2018-11-10 16:34:09', '35', '0', '1231', null);
INSERT INTO `sys_moments` VALUES ('258672737634095104', '258220666812239872', '258221379760033792', '1212', '/uploadImages/f3ec46f3-a2e6-42a1-a7ee-de252073bf5b_1489483188488.jpg', '<p>12312</p>\r\n', '2018-11-10 16:34:12', '25', '0', '1231', null);
INSERT INTO `sys_moments` VALUES ('258672741937451008', '258220666812239872', '258221379760033792', '1212', '/uploadImages/a61119a4-b462-4507-8e0a-f68ec97cf6cf_1489483188488.jpg', '<p>12312</p>\r\n', '2018-11-10 16:34:13', '8', '0', '1231', null);
INSERT INTO `sys_moments` VALUES ('258672746035286016', '258220666812239872', '258221379760033792', '1212', '/uploadImages/c7ed8800-96e0-498a-b6ca-33745826ac29_1489483188488.jpg', '<p>12312</p>\r\n', '2018-11-10 16:34:14', '4', '0', '1231', null);
INSERT INTO `sys_moments` VALUES ('258672750086983680', '258220666812239872', '258221379760033792', '1212', '/uploadImages/3cdf911d-1abf-4dc9-8608-18be5cd7e025_1489483188488.jpg', '<p>12312</p>\r\n', '2018-11-10 16:34:15', '8', '0', '1231', null);
INSERT INTO `sys_moments` VALUES ('258672754394533888', '258220666812239872', '258221379760033792', 'testpage', '/uploadImages/f812a8e4-e100-45c2-b715-893ffa1bfde2_1489483188488.jpg', '<p>12312</p>\r\n', '2018-11-10 16:34:16', '4', '0', '1231', null);
INSERT INTO `sys_moments` VALUES ('258672758454620160', '258220666812239872', '258221379760033792', '1212', '/uploadImages/b9a1a8a3-cb4e-44f3-8453-565eb77cac5b_1489483188488.jpg', '<p>12312</p>\r\n', '2018-11-10 16:34:17', '2', '0', '1231', null);
INSERT INTO `sys_moments` VALUES ('258672762011389952', '258220666812239872', '258221379760033792', '1212', '/uploadImages/590b07a6-359a-412e-bf3f-1cf4cff3321c_1489483188488.jpg', '<p>12312</p>\r\n', '2018-11-10 16:34:18', '2', '0', '1231', null);
INSERT INTO `sys_moments` VALUES ('258672765916286976', '258220666812239872', '258221379760033792', '1212', '/uploadImages/e02258fc-18d2-4ebc-990d-82d9faa4cb16_1489483188488.jpg', '<p>12312</p>\r\n', '2018-11-10 16:34:18', '0', '0', '1231', null);
INSERT INTO `sys_moments` VALUES ('258672769749880832', '258220666812239872', '258221379760033792', '1212', '/uploadImages/8af46527-97a5-4d9c-a26b-18c1a792625f_1489483188488.jpg', '<p>12312</p>\r\n', '2018-11-10 16:34:19', '2', '0', '1231', null);
INSERT INTO `sys_moments` VALUES ('258672772807528448', '258220666812239872', '258221379760033792', '1212', '/uploadImages/b3355817-ed5b-4f99-b4cc-a2b4606d1736_1489483188488.jpg', '<p>12312</p>\r\n', '2018-11-10 16:34:20', '2', '0', '1231', null);
INSERT INTO `sys_moments` VALUES ('258672775068258304', '258220666812239872', '258221379760033792', '1212', '/uploadImages/191d5de9-2c4b-47f1-8d62-f51112da837e_1489483188488.jpg', '<p>12312</p>\r\n', '2018-11-10 16:34:21', '0', '0', '1231', null);
INSERT INTO `sys_moments` VALUES ('258672776758562816', '258220666812239872', '258221379760033792', '1212', '/uploadImages/389246e1-ac7b-42d1-baba-0e10972c2db2_1489483188488.jpg', '<p>12312</p>\r\n', '2018-11-10 16:34:21', '0', '0', '1231', null);
INSERT INTO `sys_moments` VALUES ('258672778817966080', '258220666812239872', '258221379760033792', '1212', '/uploadImages/b35f130f-aace-43a5-8796-34c508f65c83_1489483188488.jpg', '<p>12312</p>\r\n', '2018-11-10 16:34:22', '0', '0', '1231', null);
INSERT INTO `sys_moments` VALUES ('258672780214669312', '258220666812239872', '258221379760033792', '1212', '/uploadImages/5eb5a118-7385-4e4a-b3be-4c0ab61504f0_1489483188488.jpg', '<p>12312</p>\r\n', '2018-11-10 16:34:22', '0', '0', '1231', null);
INSERT INTO `sys_moments` VALUES ('258672781594595328', '258220666812239872', '258221379760033792', '1212', '/uploadImages/d503212c-d88d-4b46-80ce-3e542c9111fe_1489483188488.jpg', '<p>12312</p>\r\n', '2018-11-10 16:34:22', '0', '0', '1231', null);
INSERT INTO `sys_moments` VALUES ('258672782890635264', '258220666812239872', '258221379760033792', '1212', '/uploadImages/dd806938-ef90-4f55-80ea-b5f94e812f68_1489483188488.jpg', '<p>12312</p>\r\n', '2018-11-10 16:34:22', '0', '0', '1231', null);
INSERT INTO `sys_moments` VALUES ('258672784333475840', '258220666812239872', '258221379760033792', '1212', '/uploadImages/319a0050-3166-477e-98b4-7ad79061b66c_1489483188488.jpg', '<p>12312</p>\r\n', '2018-11-10 16:34:23', '1', '0', '1231', null);
INSERT INTO `sys_moments` VALUES ('258672785621127168', '258220666812239872', '258221379760033792', '1212', '/uploadImages/f3c24e1c-2865-4ec0-a4af-6e0044c4945b_1489483188488.jpg', '<p>12312</p>\r\n', '2018-11-10 16:34:23', '0', '0', '1231', null);
INSERT INTO `sys_moments` VALUES ('258672787026219008', '258220666812239872', '258221379760033792', '1212', '/uploadImages/eb8fdce0-cace-443a-ac4e-604aa8f84a1c_1489483188488.jpg', '<p>12312</p>\r\n', '2018-11-10 16:34:23', '0', '0', '1231', null);
INSERT INTO `sys_moments` VALUES ('258672788620054528', '258220666812239872', '258221379760033792', '1212', '/uploadImages/ea59e1ea-01d2-489c-98b9-49fd3130d7d7_1489483188488.jpg', '<p>12312</p>\r\n', '2018-11-10 16:34:24', '0', '0', '1231', null);
INSERT INTO `sys_moments` VALUES ('258672791992274944', '258220666812239872', '258221379760033792', '1212', '/uploadImages/20ed487c-96d8-4f33-bdd7-c08b01752a4d_1489483188488.jpg', '<p>12312</p>\r\n', '2018-11-10 16:34:25', '0', '0', '1231', null);
INSERT INTO `sys_moments` VALUES ('258672794227838976', '258220666812239872', '258221379760033792', '1212', '/uploadImages/d4d190d5-73c1-4085-bc94-a1bfec020007_1489483188488.jpg', '<p>12312</p>\r\n', '2018-11-10 16:34:25', '0', '0', '1231', null);
INSERT INTO `sys_moments` VALUES ('258727158296481792', '258220666812239872', '258221160834142208', '5646', '/uploadImages/de603e34-015c-4440-8487-0a91a2b4138f_1489483188488.jpg', '<p>45645</p>\r\n', '2018-11-10 20:10:27', '1', '0', '45646', null);
INSERT INTO `sys_moments` VALUES ('259634126842368000', '258220666812239872', '258221020287209472', '音乐', '/uploadImages/da86af19-413c-4b16-8376-88ec0be6a2b2_Tulips.jpg', '<p>测试音乐</p>\r\n', '2018-11-13 08:14:25', '9', '0', '测试音乐', null);
INSERT INTO `sys_moments` VALUES ('259634349023039488', '258220666812239872', '258221020287209472', '测试音乐', '/uploadImages/767b8ebf-a372-45f5-8e93-e5cf2059befd_Hydrangeas.jpg', '<p><img alt=\"\" src=\"/uploadImages/fb5963fb-5e13-4397-88e8-934dd20a805a_.jpg\" style=\"height:768px; width:1024px\" /></p>\r\n\r\n<p>&nbsp;</p>\r\n\r\n<blockquote>\r\n<p>测试音乐</p>\r\n</blockquote>\r\n', '2018-11-13 08:15:18', '5', '0', '测试音乐', null);
INSERT INTO `sys_moments` VALUES ('259637021620965376', '258220666812239872', '258220866029096960', 'test222', '/uploadImages/efbb3cef-eddc-490d-9ba7-46770e83136e_Chrysanthemum.jpg', '<p><img alt=\"\" src=\"/uploadImages/6cb37abd-6f09-40f3-a0e1-fa755221af80_.jpg\" style=\"height:768px; width:1024px\" /></p>\r\n', '2018-11-13 08:25:55', '3', '0', '222', null);
INSERT INTO `sys_moments` VALUES ('259637038024888320', '258220666812239872', '258220866029096960', 'test222', '/uploadImages/efc1dc39-fec8-45a6-b5b1-bbe85e431a35_Chrysanthemum.jpg', '<p><img alt=\"\" src=\"/uploadImages/6cb37abd-6f09-40f3-a0e1-fa755221af80_.jpg\" style=\"height:768px; width:1024px\" /></p>\r\n', '2018-11-13 08:25:59', '2', '0', '222', null);
INSERT INTO `sys_moments` VALUES ('259637044714803200', '258220666812239872', '258220866029096960', 'test222', '/uploadImages/2ccc0478-da76-48b4-b5c3-eef0b2a2e9cc_Chrysanthemum.jpg', '<p><img alt=\"\" src=\"/uploadImages/6cb37abd-6f09-40f3-a0e1-fa755221af80_.jpg\" style=\"height:768px; width:1024px\" /></p>\r\n', '2018-11-13 08:26:00', '0', '0', '222', null);
INSERT INTO `sys_moments` VALUES ('259637051492798464', '258220666812239872', '258220866029096960', 'test222', '/uploadImages/f988bbde-a573-47b9-bcdc-cdf93742a5fe_Chrysanthemum.jpg', '<p><img alt=\"\" src=\"/uploadImages/6cb37abd-6f09-40f3-a0e1-fa755221af80_.jpg\" style=\"height:768px; width:1024px\" /></p>\r\n', '2018-11-13 08:26:02', '1', '0', '222', null);
INSERT INTO `sys_moments` VALUES ('259767021661720576', '258220666812239872', '258221160834142208', 'test图片', '/uploadImages/44874460-6069-44ee-a2eb-4ebff61b0123_Koala.jpg', '<p>测试图片<img alt=\"\" src=\"/uploadImages/a457f9a2-dfd5-421e-9ee5-3d4f021f3807_.jpg\" style=\"height:768px; width:1024px\" /></p>\r\n', '2018-11-13 17:02:29', '4', '0', '测试图片', null);
INSERT INTO `sys_moments` VALUES ('260459878039031808', '258220666812239872', '258220866029096960', '哈哈哈哈', '/uploadImages/ac3aeaaa-5406-444b-8173-89d4428d7b2c_Hydrangeas.jpg', '<p><img alt=\"\" src=\"/uploadImages/9d0237e5-bc89-4131-990b-4da6968d3432_.jpg\" style=\"height:768px; width:1024px\" /></p>\r\n\r\n<p>121212</p>\r\n', '2018-11-15 14:55:39', '5', '0', '你好哈哈哈哈', null);
INSERT INTO `sys_moments` VALUES ('260473638782898176', '260473052700217344', '258220866029096960', '王啸宇', '/uploadImages/dd9846ae-0f85-48a5-9364-a66e3869c9bf_Jellyfish.jpg', '<p><img alt=\"\" src=\"/uploadImages/6b8117f1-b530-4398-b43e-82eca3c10ebe_.jpg\" style=\"height:768px; width:1024px\" /></p>\r\n', '2018-11-15 15:50:20', '25', '0', '哈哈哈哈哈', null);
INSERT INTO `sys_moments` VALUES ('305116888583770112', '258220666812239872', '258221020287209472', '音乐', null, '<p>测试音乐</p>\r\n', '2019-03-18 20:26:40', '7', '0', '测试音乐', null);
INSERT INTO `sys_moments` VALUES ('305118002293116928', '258220666812239872', '258220866029096960', 'test222', '/uploadImages/efbb3cef-eddc-490d-9ba7-46770e83136e_Chrysanthemum.jpg', '<p><img alt=\"\" src=\"/uploadImages/6cb37abd-6f09-40f3-a0e1-fa755221af80_.jpg\" style=\"height:768px; width:1024px\" /></p>\r\n', '2019-03-18 20:31:06', '24', '0', '222', '258220666812239872');
INSERT INTO `sys_moments` VALUES ('305481243313704960', '258220666812239872', '258220866029096960', '王啸宇', '/uploadImages/dd9846ae-0f85-48a5-9364-a66e3869c9bf_Jellyfish.jpg', '<p><img alt=\"\" src=\"/uploadImages/6b8117f1-b530-4398-b43e-82eca3c10ebe_.jpg\" style=\"height:768px; width:1024px\" /></p>\r\n', '2019-03-19 20:34:29', '2', '0', '哈哈哈哈哈', '260473052700217344');
INSERT INTO `sys_moments` VALUES ('306126563949285376', '258220666812239872', '258220956378599424', '张一鸣：10年面试2000人，我发现混的好的人，全都有同一个特质', '/uploadImages/84656df6-6efa-47d1-b257-3866ef5ef215_2019031909473391.jpg', '<p>张一鸣演讲整理：</p>\r\n\r\n<p>为何毕业多年后<br />\r\n原本水平差不多的同学都拉开了差距？</p>\r\n\r\n<p>大家好！各位都非常年轻，我今天来的时候挺有压力。因为我毕业快11年了，看到你们，真是觉得&ldquo;长江后浪推前浪&rdquo;。</p>\r\n\r\n<p>我去年参加了武汉的校招，感觉新一代年轻人的素质确实都非常好。我昨天就在想，今天应该跟大家分享什么。想了想，先把题目拟出来，把乔布斯的&ldquo;Stay hungry, Stay foolish&rdquo;，改成&ldquo;Stay hungry, Stay young&rdquo;。</p>\r\n\r\n<p>我想跟大家分享一下我自己毕业后的工作经历和体会。另外，我作为面试官，过去10年里，可能面试过小2000个年轻人。有的和我在一家公司，有的去了别家公司，他们发展差别其实非常大。从算法层面上讲，我们把这叫做&ldquo;正例&rdquo;和&ldquo;负例&rdquo;。我想分享一下：为什么&ldquo;正例&rdquo;和&ldquo;负例&rdquo;发展差别这么大？</p>\r\n\r\n<p>什么是&ldquo;Stay hungry, Stay young&rdquo;？&ldquo;Stay hungry&rdquo;，大家都知道，就是好奇心、求知若渴、上进心。但为什么要说&ldquo;Stay young&rdquo;？</p>\r\n\r\n<p>我觉得年轻人有很多优点：做事不设条条框框，没有太多自我要维护，经常能打破常规，非常努力、不妥协、不圆滑世故。</p>\r\n\r\n<p>10年过去了，有的年轻人，依然保持着这些很好的特质。我觉得这就算&ldquo;Stay young&rdquo;。</p>\r\n\r\n<p>&ldquo;Stay young&rdquo;的人基本没有到天花板，一直保持着自我的成长。相反，很多人毕业后提高了技能，但到一个天花板后，就不再成长了。</p>\r\n\r\n<p><br />\r\n我先分享我的个人经历<br />\r\n我是如何在毕业第2年就成了<br />\r\n管理四五十人团队的主管？</p>\r\n\r\n<p>2005年，我从南开大学毕业，加入了一家公司叫酷讯。我是最早期加入的员工之一，一开始只是一个普通工程师，但在工作第 2 年，我在公司管了四五十个人的团队，负责所有后端技术，同时也负责很多产品相关的工作。</p>\r\n\r\n<p>有人问我：为什么你在第一份工作就成长很快？是不是你在那个公司表现特别突出？</p>\r\n\r\n<p>其实不是。当时公司招聘标准也很高。跟我同期入职的，我记得就有两个清华计算机系的博士。</p>\r\n\r\n<p>那我是不是技术最好？是不是最有经验？我发现都不是。后来我想了想，当时自己有哪些特质。</p>\r\n\r\n<p>1、我工作时，不分哪些是我该做的、哪些不是我该做的。我做完自己的工作后，对于大部分同事的问题，只要我能帮助解决，我都去做。当时，Code Base中大部分代码我都看过了。新人入职时，只要我有时间，我都给他讲解一遍。通过讲解，我自己也能得到成长。</p>\r\n\r\n<p>还有一个特点，工作前两年，我基本上每天都是十二点一点回家，回家以后也编程到挺晚。确实是因为有兴趣，而不是公司有要求。所以我很快从负责一个抽取爬虫的模块，到负责整个后端系统，开始带一个小组，后来带一个小部门，再后来带一个大部门。</p>\r\n\r\n<p>2、我做事从不设边界。当时我负责技术，但遇到产品上有问题，也会积极地参与讨论、想产品的方案。很多人说这个不是我该做的事情。但我想说：你的责任心，你希望把事情做好的动力，会驱动你做更多事情，让你得到很大的锻炼。</p>\r\n\r\n<p>我当时是工程师，但参与产品的经历，对我后来转型做产品有很大帮助。我参与商业的部分，对我现在的工作也有很大帮助。记得在07年底，我跟公司的销售总监一起去见客户。这段经历让我知道：怎样的销售才是好的销售。当我组建头条招人时，这些可供参考的案例，让我在这个领域不会一无所知。</p>\r\n\r\n<p>以上就是我刚毕业时的特点。</p>\r\n\r\n<p>10年观察<br />\r\n我遇到的优秀的年轻人都有这5大特质！</p>\r\n\r\n<p>后来，我陆续加入到各种创业团队。在这个过程中，我跟很多毕业生共处过，现在还和他们很多人保持联系。跟大家分享一下，我看到的一些好和不好的情况。总结一下，这些优秀年轻人有哪些特质呢？</p>\r\n\r\n<p>第一，有好奇心，能够主动学习新事物、新知识和新技能。今天不太谦虚，我把自己当做正例，然后再说一个负例。我有个前同事，理论基础挺好，但每次都是把自己的工作做完就下班了。他在这家公司呆了一年多，但对网上的新技术、新工具都不去了解。所以他非常依赖别人。当他想要实现一个功能，他就需要有人帮他做后半部分，因为他自己只能做前半部分&mdash;&mdash;如果是有好奇心的人，前端、后端、算法都去掌握、至少有所了解的话，那么很多调试分析，自己一个人就可以做。</p>\r\n\r\n<p>第二，对不确定性保持乐观。比方说头条最开始时，我跟大家讲：我们要做1亿的日启动次数。（当然，现在不止1亿了，我们现在的日启动次数已经差不多5亿。）很多人觉得，你这家小公司怎么可能做得到呢？大公司才能做得好。所以他就不敢努力去尝试。只有乐观的人会相信，会愿意去尝试。其实我加入酷讯时也是这样。那家公司当时想做下一代搜索引擎（最后也没有做成，只做了旅游的垂直搜索）。我不知道其他人怎么想的，我自己觉得很兴奋。我确实没有把握，也不知道怎么做，但当时就去学，就去看所有这些相关东西。我觉得最后也许不一定做成，或者没有完全做到，但这个过程也会很有帮助&mdash;&mdash;只要你对事情的不确定性保持乐观，你会更愿意去尝试。</p>\r\n\r\n<p>第三，不甘于平庸。我们在座各位，在同学中已经非常优秀了。但我想说，其实走向社会后，应该再设定更高的标准。我见到很多大学期间的同学、一起共事的同事中，有很多非常不错的人才，技术、成绩都比我好。但10年过去，很多人没有达到我的预期：我觉得他应该能做得很好，但他却没有做到。</p>\r\n\r\n<p>很多人毕业后，目标设定就不高了。我回顾了一下，发现有同事加入银行IT部门：有的是毕业后就加入，有的是工作一段时间后加入。为什么我把这个跟&ldquo;不甘于平庸&rdquo;挂在一起呢？因为他们很多人加入，是为了快点解决北京户口，或者当时有些机构有分房补助，可以购买经济适用房。</p>\r\n\r\n<p>后来我就在想一个问题，如果自己不甘于平庸，希望做得非常好的话，其实不会为这些东西担心：是否有北京户口，是否能买上一套经济适用房？</p>\r\n\r\n<p>如果一个人一毕业，就把目标定在这儿：在北京市五环内买一个小两居、小三居，把精力都花在这上面，那么工作就会受到很大影响。他的行为会发生变化，不愿意冒风险。</p>\r\n\r\n<p>比如我见到以前的朋友，他业余做一些兼职，获取一些收入。那些兼职其实没有什么技术含量，而且对本职工作有影响，既影响他的职业发展，也影响他的精神状态。我问他为什么，他说，哎，快点出钱付个首付。我觉得他看起来是赚了，其实是亏的。</p>\r\n\r\n<p>不甘于平庸很重要。我说不平庸，并不是专门指薪酬要很高或者技术很好，而是你对自己的标准一定要高。也许你前两年变化得慢，但10年后再看，肯定会非常不一样。</p>\r\n\r\n<p>第四，不傲娇，要能延迟满足感。我在这里举个反例：两个我印象比较深刻的年轻人，素质、技术都蛮不错，也都挺有特点。我当时是他们的主管，发现他们在工作中deliver的情况始终不好。他们觉得其他同事比他们做得差，其实不是：他们确实可以算作在当时招的同事里面TOP 20%，但误以为自己是TOP 1%。所以很多基础一点的工作，比如要做一个调试工具，他就不愿意做，或者需要跟同事配合的工作，他就配合得不好。</p>\r\n\r\n<p>本来都是资质非常好的人才，人非常聪明、动手能力也强，但没有控制好自己的傲娇情绪。我觉得这和&ldquo;不甘于平庸&rdquo;不矛盾。&ldquo;不甘于平庸&rdquo;是你目标要设得很高，&ldquo;不傲娇&rdquo;是你对现状要踏实。</p>\r\n\r\n<p>这2000个样本当中，我见到很多我原来觉得很好的，其实没有我想象中的发展好，我原来觉得不好的，其实超出我的预期。这里我也举个例子：</p>\r\n\r\n<p>当时我们有个做产品的同事，也是应届生招进来，当时大家都觉得他不算特别聪明，就让他做一些比较辅助的工作，统计一下数据啊做一下用户反弹啊之类。但现在，他已经是一个十亿美金公司的副总裁。</p>\r\n\r\n<p>后来我想想，他的特点就是肯去做，负责任，从来不推诿，只要他有机会承担的事情，他总尽可能地做好。每次也不算做得特别好，但我们总是给他反馈。他去了那家公司后，从一个用户量不到10万的边缘频道负责起来，把这个频道越做越好。由于这是一个边缘频道，没有配备完整的团队，所以他一个人承担了很多职责，也得到了很多锻炼。</p>\r\n\r\n<p>第五，对重要的事情有判断力。选什么专业、选什么公司、选什么职业、选什么发展路径，自己要有判断力，不要被短期选择而左右。上面一些例子，也都涵盖了这一点。比如当时很多人愿意去外企，不愿意去新兴的公司。06、07年，很多师弟、师妹问我职业选择，我都建议他们去百度，不要去IBM、微软。但实际上，很多人都是出于短期考虑：外企可能名气大、薪酬高一点。</p>\r\n\r\n<p>虽然这个道理，大家都听过很多遍。刚毕业时薪酬差三五千块，真的可以忽略不计。短期薪酬差别并不重要。但实际上，能摆脱这个、能有判断力的人，也不是特别多。</p>\r\n\r\n<p>这些就是我想跟大家分享的。谢谢！</p>\r\n\r\n<p><br />\r\n---------------------&nbsp;<br />\r\n作者：Javajiagou&nbsp;<br />\r\n来源：CSDN&nbsp;<br />\r\n原文：https://blog.csdn.net/Java_Zou/article/details/88655292&nbsp;<br />\r\n版权声明：本文为博主原创文章，转载请附上博文链接！</p>\r\n', '2019-03-21 15:18:46', '1', '0', '张一鸣：10年面试2000人，我发现混的好的人，全都有同一个特质', null);
INSERT INTO `sys_moments` VALUES ('306127464411828224', '258220666812239872', '258220956378599424', '中国最有名的8个程序员', '/uploadImages/d4e6b109-faad-431d-9109-052bce692910_20190219202539889.png', '<p>众所周知，雷军、张小龙在成名之前，就是业界知名的程序员。</p>\r\n\r\n<p>1.雷军：毕业于武汉大学计算机系，大三的时候就帮人写程序，成了百万富翁。1991年进入金山软件做程序员，一做就是7年。后来他成为金山总经理，又创办了小米。</p>\r\n\r\n<p>2.张小龙，在做微信之前，就是业内知名的程序大牛，一个人开发出了电子邮件foxmail。后来在腾讯负责QQ邮箱，又带领团队开发了微信，他也被称为是&ldquo;微信之父&rdquo;。</p>\r\n\r\n<p><img alt=\"\" src=\"/uploadImages/6030882d-6472-48e4-aea9-93181683540c_.png\" style=\"height:427px; width:640px\" /><br />\r\n其实还有很多大佬，也是程序员出身，下面两位分别是&ldquo;金山&rdquo;和&ldquo;巨人&rdquo;的创始人。</p>\r\n\r\n<p>3.求伯君：毕业于国防科技大学，有&ldquo;中国第一程序员&rdquo;之称，1989年一个人写出了WPS。1994年在珠海创办了金山，并且发现并提拔了雷军，成为雷布斯的伯乐。</p>\r\n\r\n<p>4.史玉柱，1989年深圳大学研究生毕业，用9个月的时间研发出一套排版系统，4个月后赚到100万。之后就去了珠海，成立了巨人公司，后来又做了某白金和著名网游。</p>\r\n\r\n<p><img alt=\"\" src=\"/uploadImages/9f852462-3702-40ea-b08e-35db5ebd676d_.png\" style=\"height:428px; width:640px\" /><br />\r\n下面出场的两位是：三大门户之一的&ldquo;网易&rdquo;、杀毒软件&ldquo;360&rdquo;的老大。</p>\r\n\r\n<p>5.周鸿祎，毕业于西安交大计算机系，毕业后进入方正集团担任程序员、项目经理。后来创办三七二一公司，2006年投资做了奇虎360。</p>\r\n\r\n<p>6.丁磊，1993年毕业于电子科技大学，1997年创办网易，当时网易的架构就是丁磊设计的。3年后，网易在纳斯达克上市，2003年那年，丁磊就成了中国首富。</p>\r\n\r\n<p><img alt=\"\" src=\"/uploadImages/148bab2d-87fd-4dac-981f-8e2e022fc63a_.png\" style=\"height:410px; width:640px\" /><br />\r\n再来是互联网巨头&ldquo;腾讯&rdquo;的老大：马化腾。</p>\r\n\r\n<p>7.马化腾，在创立腾讯之前，曾在深圳一家公司做了5年的程序员。直到1997年发现以色列人的ICQ时，才和深圳大学的几个同学（张志东、陈一丹、徐晨烨）一起开发中文版的OICQ软件。再后来的事情大家都知道了。2018年，腾讯股票飞涨的时候，马化腾超过恒大许家印，成为中国大陆首富。</p>\r\n\r\n<p><img alt=\"\" src=\"/uploadImages/aa294213-a167-4a09-bffc-ed9d1364c7b2_.png\" style=\"height:426px; width:640px\" /><br />\r\n压轴的大佬是&ldquo;百度&rdquo;老大：李彦宏，都不能用程序员这个词了，应该说是科学家。</p>\r\n\r\n<p>8.李彦宏，是学霸级的人物，1991年毕业于北京大学信息管理系，随后赴美留学完成计算机硕士学位。他的成就不只是百度，他个人持有&ldquo;超链分析&rdquo;技术专利，甚至奠定了现代搜索引擎的发展方向。</p>\r\n\r\n<p>2001年，李彦宏回国创立了百度，2011年，李彦宏以94亿美元的身家超过了娃哈哈的宗庆后，成为大陆地区的首富。</p>\r\n\r\n<p><img alt=\"\" src=\"/uploadImages/5b482448-8a68-4cd4-abe0-6397b6e2da5e_.png\" style=\"height:426px; width:640px\" /><br />\r\n&ldquo;我自己是一名从事了5年前端的老程序员，辞职目前在做讲师，今年年初我花了一个月整理了一份最适合2019年学习的web前端干货，从最基础的HTML+CSS+JS到移动端HTML5到各种框架都有整理，送给每一位前端小伙伴，这里是小白聚集地，欢迎初学和进阶中的小伙伴。&quot;<br />\r\n---------------------&nbsp;<br />\r\n作者：编程彭于晏&nbsp;<br />\r\n来源：CSDN&nbsp;<br />\r\n原文：https://blog.csdn.net/weixin_44330260/article/details/87731893&nbsp;<br />\r\n版权声明：本文为博主原创文章，转载请附上博文链接！</p>\r\n', '2019-03-21 15:22:20', '1', '0', '中国最有名的8个程序员', null);
INSERT INTO `sys_moments` VALUES ('306127980743233536', '258220666812239872', '258220956378599424', '大龄码农是如何把自己逼死的', '/uploadImages/79a17a7b-f8b9-4c66-8f71-41f867163a74_20190219202601132.png', '<p>引子<br />\r\n小C由于学习成绩不好，高中毕业没有考上大学，找了一份业务员的工作匆匆开始了职业生涯。混了两年，业绩一直上不去，在家人的建议下，去了一家高职学习物流管理。两年后，小C顺利毕业，在当地一家物流公司当叉车司机。几个月后，小C觉得这份工作太苦太累、收入低，平时喜欢玩网游的他听说做游戏很赚钱，所以暗下决心要转行。很快，小C辞职了，并说服家人让他到一家培训机构学习游戏开发。本来计划的学习时间是一年，但小C的基础不扎实，没能通过考核，经过沟通，培训机构同意让小C免费再学一年。很快一年又过去了，由于小C缺少练习和思考，虽然勉强通过考核，但仍然找不到他想象中的游戏开发工作。几个月后，在培训老师的推荐下，去了一家小公司做 APP 开发。由于是小公司，而且大多是外包业务，工作节奏快，小C屡次不能按时完成任务，并且在一次会议上和上司吵架了。于是，小C被解雇了，得重新找工作，但过了半年还是屡屡碰壁。后来迫不得已，在家人的推荐下，去了一家餐厅上班。现在已经在那里工作两年了，做过服务员，也做过帮厨。最近开了分店，老板决定让他当个轮岗店长，所以小C特意请我吃饭庆祝一下。我问小C：&ldquo;现在还想做游戏开发吗&rdquo;？小C笑了一下说：&ldquo;早就不想了，不过游戏还得玩&rdquo;！</p>\r\n\r\n<p>小C是我的小学同学，小时候他比我聪明多了，兵乓球也打得好，但是他已经好久没有打过乒乓球了。小C说做餐饮要起早摸黑、忙里忙外的，每天下班就已经很累了，再玩两局游戏就差不多要睡觉了，没时间做别的事情了，当然也没有对象啦。唉，这种状态也不知道什么时候才到头？</p>\r\n\r\n<p>写到这里，小C离高中毕业已经八年时间了，但断断续续的状态，以及行业的转换，使得他所积累的工作经验大打折扣。</p>\r\n\r\n<p>说这个故事的目的是为了引出核心观点：工作经历 &ne; 工作经验。&ldquo;经历&rdquo; 需要经过总结、归纳和升华，才能有效转化为 &ldquo;经验&rdquo;。</p>\r\n\r\n<p>结合工作中的一些见闻，我整理了下面几点，看看大龄码农是如何一步步把自己逼死的。</p>\r\n\r\n<p>空窗期变成空白期<br />\r\n由于各种原因，很多程序员难免会频繁跳槽。比如由于加班太多想放空自己，于是辞职去旅游个大半年。又比如公司效益不好，被解雇了。不管是什么原因，你不应该让空窗期变成空白期！</p>\r\n\r\n<p>你可以出去旅游，长长见识，收获一堆风土人情；你可以出去创业，辛勤付出，收获拼搏奋斗的失败经验；你可以返校读书，回炉再造，培养另一种能力；你也可以躲起来，磨刀霍霍，为下一份工作做准备。</p>\r\n\r\n<p>但是如果处于空窗期的你无所事事，没有计划，没有安排，每天玩游戏，玩到累了就睡觉。你很难期望天上会掉一个比之前更好的馅饼下来。也许很多事情无能为力，但是做总比不做好。</p>\r\n\r\n<p>控制不了自己的情绪<br />\r\n很多程序员是闷骚、大男人主义的直男，大大咧咧、不修边幅，不仅不注重外在，也不注重内在修养。作为一名程序员，保持情绪稳定很重要，你要学会与同事、上司、产品经理、项目经理、甲方、乙方沟通。如果你还想在这家公司待着，千万不要和你的同事、上司吵架，因为你们需要长期合作，你们见面的时间比家人还多。</p>\r\n\r\n<p>有些程序员不注重表达，常常祸从口出，不和谐的关系往往会导致项目失败，导致不能升职加薪，甚至被辞退。所以要做情绪的主人，从根本上解决问题。</p>\r\n\r\n<p>遇到问题到处喊救命<br />\r\n有些程序员，一旦出现问题，比如程序编译不通过、运行时出错了、挂了。第一反应就是找人帮忙，甚至很多时候他们连打印信息和日志都没仔细看过，有良心一点的程序员可能会调试一下再寻求帮助。他们也许会直接把问题发在内部系统或者交给测试部门，也许会拷贝一大串代码和信息发到各个技术交流群，期望高手给他指点一条明路，帮他解决这个问题。</p>\r\n\r\n<p>长期以来，懒惰和依赖一定会使自己的技术水平提升很慢，甚至倒退。所以要感恩每一次遇到的 Bug，学会独立思考，培养独立分析问题、解决问题的能力。在你把问题的来龙去脉整理清楚的过程中，自然就会获得经验。而不是一而再再而三地问别人。</p>\r\n\r\n<p>当然，解决问题的办法有很多种，寻求高手指点有时候确实能快速解决问题。但遇到没见过的问题，你应该尽可能自己摸索一遍，即便高手已经帮你解决掉了，否则很快你就会发现你已经沦落为一个执行者，而不是创造者了。</p>\r\n\r\n<p>所以遇到问题就要绞尽脑汁地思考、充分利用搜索引擎、查阅资料、尝试调试，如果问题依然没有解决，应该整理好思路和调试流程，再简明扼要、恰到好处地向高手提问，向技术交流群提问。</p>\r\n\r\n<p>拒绝与工作无关的知识<br />\r\n很多程序员，与他目前工作没有关系的知识毫不关心，说好听点是 &ldquo;专注&rdquo;，说不好听是 &ldquo;固执&rdquo;。比如让他搞个 Android App，他很快给你写完了业务逻辑代码，但是界面丑得不堪入目，他说他是程序员只负责写代码，界面美不美观跟他没关系。比如有个搞单片机开发的程序员，你给他讲 Linux，他就会找各种理由避而远之，说 &ldquo;我的工作不涉及这个，为什么要学？</p>\r\n\r\n<p>如果你是生活在上世纪的程序员，这种作风可能还行得通，但是在21世纪就不行了。你如果还是 &ldquo;事不关己高高挂起&rdquo;，就难以在扩宽知识的广度，每天盯着自己的几行代码，慢慢地变成井底之蛙。</p>\r\n\r\n<p>所以我提倡大家做个斜杠青年，做个专注的 T 型人才。有特定领域的深度，也有方方面面的广度。你的工作可能只要求你写 Linux 的 Qt 应用，但如果你弄清 Linux 系统层面的知识，拥有 Web 前后端的知识，你一定会开发出更酷的软件。</p>\r\n\r\n<p>同时，不要忘了要学会感受生命的美好，热爱生活。培养一两个爱好，并坚持下去，扩宽交际圈子，不要老和程序员抬杠。如果不这样的话，等你明白过来你一定会很痛苦。</p>\r\n\r\n<p>日复一日地重复工作<br />\r\n一个工程师，第一天上班的任务就是做开关检测，接触了各种各样的开关，一弄就好几年，成为了公司里唯一的 &ldquo;开关专家&rdquo;。这个过程中，他会写一些简单的单片机程序测试，但一直没有在系统层面深入研究。于是，成功地做了一颗兢兢业业的螺丝钉，而且只钉一种木头。</p>\r\n\r\n<p>你不是20年工作经验，而是1年工作经验反复用了20年。</p>\r\n\r\n<p>这样的话，大龄码农不具备足够的竞争力，很可能就会被一个2年工作经验的年轻人替代掉了。</p>\r\n\r\n<p>总结<br />\r\n编程能力很重要，但更重要的是持续学习能力和职场软实力！</p>\r\n\r\n<p>看不懂这些，大龄码农只能怀才不遇，抱怨领导、抱怨社会，最终伤害的是自己和家人。<br />\r\n---------------------&nbsp;<br />\r\n作者：阿基米东&nbsp;<br />\r\n来源：CSDN&nbsp;<br />\r\n原文：https://blog.csdn.net/lu_embedded/article/details/86245931&nbsp;<br />\r\n版权声明：本文为博主原创文章，转载请附上博文链接！</p>\r\n', '2019-03-21 15:24:23', '0', '0', '大龄码农是如何把自己逼死的', null);
INSERT INTO `sys_moments` VALUES ('306128284087881728', '258220666812239872', '258220956378599424', '头条、快手，那些我曾经错过的暴富机会 | 程序员有话说', '/uploadImages/94393a4e-271c-4b24-9ce6-5752c14b867a_p.jpg', '<p>一位北京阿里的朋友M君到杭州出差，前几天一块吃饭，15-16年间，我们都在猎豹移动，是一个大组的同事兼饭友。聊了很多事情，一些共同认识的人和事，各自的行业动态等。过去几年，我对业内几家公司的判断，都准了，并在非常初期的时候就发现了他们，也极力推荐身边的朋友，关注这些公司的工作机会，然而我们都没能抓住。包括：</p>\r\n\r\n<blockquote>\r\n<p>15年，看好字节跳动(今日头条)；</p>\r\n\r\n<p>16年，看好快手；</p>\r\n\r\n<p>17年下半年，看好拼多多；</p>\r\n\r\n<p>18年，知乎付费，个人机会来临，有待验证</p>\r\n</blockquote>\r\n\r\n<p>随后发了条朋友圈，200多个点赞，30多条留言，比如这样的：</p>\r\n\r\n<blockquote>\r\n<p>京杭君神算子</p>\r\n\r\n<p>佩服！这样的洞察力&amp;远见，很好奇是怎么做到的？</p>\r\n\r\n<p>请问下京杭君是怎么做出判断的？</p>\r\n\r\n<p>&hellip;&hellip;</p>\r\n</blockquote>\r\n\r\n<p>大家似乎对我这套认知体系很感兴趣。</p>\r\n\r\n<p>我是怎么做出这些判断的呢？</p>\r\n\r\n<p>下笔之前，潜意识想起了曾经看过的一部电影和一篇演讲。</p>\r\n\r\n<p>电影《贫民窟的百万富翁》，2009年在中国大陆放映。10年过去，剧情已经比较模糊，大致记得，出身贫民窟的男主，参加一档电视有奖竞猜节目，奇迹般地答对了所有问题，一度引起警察的怀疑。实际情况是，他过去生活经历里，某些印象深刻的片段，碰巧跟这些问题相关。</p>\r\n\r\n<p>另一个是2005年，乔布斯在年斯坦福大学毕业典礼的演讲。整篇演讲，乔布斯讲了三个故事：The first story is about connecting the dots.</p>\r\n\r\n<p>第一个故事是生命中的点点滴滴串连起来。</p>\r\n\r\n<p>这个故事的最后，乔布斯是这样总结的：</p>\r\n\r\n<blockquote>\r\n<p>再次说明下,你不可能将未来的片断串连起来;你只能在回顾的时候将点点滴滴串连起来。所以你必须相信这些片断会以某种方式在未来的某一天串连起来。你必须要相信某些东西：你的勇气、命运、生命、因缘，随便是什么。这种方法从来没有令我失望(let me down)，只是让我的生命更加地与众不同。</p>\r\n</blockquote>\r\n\r\n<p>乔布斯的演讲里，这一段至今印象深刻，因为我时常有这种感觉。</p>\r\n\r\n<p>下面就讲讲我生活经历中跟上面那些判断相关的片段。这些片段在以前的文章提到过，这里重新整理，更加详细的细节，也可以翻翻文末的旧文。</p>\r\n\r\n<p>老读者都知道，京杭君出身湖南贫困农村，父母农民，下面有两个弟弟，一路村里的小学，镇上的初中，市里的高中。第一次高考离一本线差10分，各种原因在家里呆了一年，一度千夫所指。然后又机缘巧合去县里的一所排名靠后的高中补习，05年二志愿上了西安一所普通的211，毕业后到北邮读研究生，然后在三星电子进入职场。</p>\r\n\r\n<p>&nbsp;</p>\r\n\r\n<p><strong><img alt=\"640?wx_fmt=png\" src=\"https://ss.csdn.net/p?https://mmbiz.qpic.cn/mmbiz_png/1hReHaqafafJYoFH7OAhmUdTjo35vvJTvLpCGfzzK1PyqhibaFBFxKyrzAicHWibLWAuNXTESdJ0PKghyml9PqXjQ/640?wx_fmt=png\" style=\"margin:0px\" /></strong></p>\r\n\r\n<p><strong>在三星的困境和突破探索</strong></p>\r\n\r\n<p>&nbsp;</p>\r\n\r\n<p>研三开始在三星实习，200块一天，这笔钱对当时的我非常重要。尽管早就锁定了三星的正式Offer，入职后时薪也是实习的两倍以上。但是整个研三都在那里上班，因为太需要这笔钱，放弃了去了解其他类型公司的机会。</p>\r\n\r\n<p>人穷志短，贫穷真的会限制你的思维和格局，出不来还不自知。</p>\r\n\r\n<p>所以年轻的朋友，京杭君以过来人的身份告诉你们：贫穷是一种病，症状之一目光短浅。当你一无所有、迷茫不知道干什么的时候，使劲琢磨赚钱吧，不会错的，还能顺带治好懒病、游戏病、自卑或自妄、激发好奇心&hellip;&hellip;打通认知的任督二脉，京杭君亲测有效。</p>\r\n\r\n<p>京杭君在三星电子正式上班3年，第一年发生了两件事情对我影响很大。</p>\r\n\r\n<blockquote>\r\n<ol>\r\n	<li>\r\n	<p>没能解决北京户口。原本以为自己参加实习的时间早，工作上上司认可，解决北京户口应该没什么悬念，因为往届的研究生都解决了。我们那届招人多，当年公司的户口指标不到招聘应届生人数的一半，HR分配户口的方式是抽签，我没有抽到。</p>\r\n	</li>\r\n	<li>\r\n	<p>这件事情对我的打击，跟第一次高考失利差不多，感觉天塌了，眼前一片灰暗，茫然不知所措。我的留京计划被打乱，用了几个月才缓过神来。现在看来，可笑至极，人生不就是一个缓慢受锤的过程么。</p>\r\n	</li>\r\n	<li>\r\n	<p>了解了公司的晋升和薪酬制度。我的mentor是一位同校师兄，他06年毕业，毕业时起薪跟6年后我毕业差不多，而房价在6年间涨了三四倍，师兄毕业一年后（之前实习一年），家里稍微帮了点，20万左右首付在回龙观买了120平的房子。</p>\r\n	</li>\r\n	<li>\r\n	<p>而我，家里帮不了忙，急需反哺，房价却在继续上涨，如果继续在这里按部就班，以这里升职加薪的速度，5年内在北京买房实属无解。</p>\r\n	</li>\r\n</ol>\r\n</blockquote>\r\n\r\n<p><img alt=\"640?wx_fmt=jpeg\" src=\"https://ss.csdn.net/p?https://mmbiz.qpic.cn/mmbiz_jpg/1hReHaqafae1wHcrnVByaKm12dea2kvW4UIRzCUwzVkno5zWOrczWtkzSeFgBh2xdia2AbkTYO2CoO3afOZVnjQ/640?wx_fmt=jpeg\" style=\"margin:0px\" /></p>\r\n\r\n<p>落户失败已成事实，扎根北京之路注定会比那些已经落户的同学要艰难，但仍未放弃。工作之余开始思考如何改善自己的经济状况，因为相对加速增长的房价和日渐见长的年龄，留给我的时日不多了。到底能不能留下来，就看这几年的造化。</p>\r\n\r\n<p>穷则思变，我必须做点什么，来改善收入状况。当时是这么思考的。</p>\r\n\r\n<blockquote>\r\n<ol>\r\n	<li>\r\n	<p>业余兼职做外包本质上和打工是同一种模式，出卖时间，一份时间卖一次，没有积累可言，身体不适就不能进行，长远看缺乏可持续性，天花板低。</p>\r\n	</li>\r\n	<li>\r\n	<p>投资理财是当代社会人必须学会的一项技能，越往后对财富积累影响越大，能带来「睡后」收入，自带时间复利，长远看非常值得花精力去研究。</p>\r\n	</li>\r\n	<li>\r\n	<p>股市入场门口低，不受场地制约。利用业余时间即可，跟上班不冲突。受过高等教育，研究、逻辑能力得到过系统训练，理论上具有可行性。</p>\r\n	</li>\r\n	<li>\r\n	<p>研究股票，能锻炼搜集，辨别，挖掘信息的能力，思维能得到锻炼，视野也能进一步打开，反过来对本质工作和职业发展也有正面的协同作用。我这人本来就充满好奇心，喜欢研究各种烂七八糟的东西，这一点非常契合我的性格。</p>\r\n	</li>\r\n	<li>\r\n	<p>进可攻退可守，做不好还有工作兜底，万一做好了&hellip;&hellip;</p>\r\n	</li>\r\n</ol>\r\n</blockquote>\r\n\r\n<p>于是着手调研，混迹「雪球财经」、「Seeking Alpha」等当时比较流行的股票资讯网站或社区。也读了几本有关股票投资方面的书籍，其中《彼得林奇的成功投资》，有一句至今印象深刻。</p>\r\n\r\n<blockquote>\r\n<p>普通人因为自己生活或工作经历，比专业人士能更早获得一手市场讯息。</p>\r\n</blockquote>\r\n\r\n<p>这话怎么理解？举个例子，一位爱逛街，喜欢买买买的女性，哪家店的衣服，品质佳，款式潮，卖的好，人流量如何，是不是又扩张开新店了。只要留心，可以第一时间感受这些变化，这里面可能就存在股票投资的机会。如果你是某家店的一线雇员，那就更了解这家店的一手市场信息。</p>\r\n\r\n<p>我自己在科技行业工作，全球最好的科技公司都在美国上市，再加A股各种消息市政策市乌烟瘴气等诟病，自然而然就选择了美股。</p>\r\n\r\n<p>13年六七月份，还清了家里债务，稍微余钱。当时苹果手机已经非常流行了，忘了在哪里读过一篇文章，说「特斯拉」电动车是汽车界的苹果手机。研究了一周，激动不已，直接加速了我的开户进程。</p>\r\n\r\n<p>八月份开好户，找同学亲戚凑了10万（输的起），发现「特斯拉」的时候，股价80美元左右，等开完户涨到110多，机会不等人。巴菲特说过，好公司好价格才值得买入，嫌贵，一直没有买。</p>\r\n\r\n<p>当时在三星电子，从事手机研发工作，其时小米势头迅猛，但是小米没有上市，买不到它的股票。作为一个股市菜鸟，非常容易被那些曾经的十倍股神话激励，总想穷尽一切可能的方法，去挖掘未来的潜在十倍股。</p>\r\n\r\n<p>传统科技公司大部分过了增长期，体量大而稳定，股价波动小。移动互联网应用正值爆发期，融资神话此起彼伏，注意力自然而然落在了互联网公司上面。</p>\r\n\r\n<p>花了很多时间学习、研究这类公司各个维度的信息。创始人经历和现状、高管团队、主要产品、商业模式、市占率、护城河、行业地位、潜在增长空间、竞品等不一而足。买过40美金的Facebook，50的奇虎360，150左右的百度，时间飞快，账户涨涨跌跌，转眼到了13年底，增值一倍。</p>\r\n\r\n<p>行情好的时候遍地股神，跟现在A股的情况差不多，感慨股市真是知识变现的好战场，胜利带来过分的自信。找堂哥从老家民间借贷20万，年化利息12%，14年初追加投入股市，股票账户市值40万人民币。幻想以13年的业绩水平，两年内即可北京买房，财富自由亦指日可待，一切岁月静好。</p>\r\n\r\n<p>现实是半年后（14年中），账户只剩下20万RMB，除去13年盈利，还亏了10万本金。加之美股晚上（北京时间）开盘，养成了盯盘的坏习惯，晚上醒来第一件事是瞄一眼手机股票行情，对健康亦造成不良影响。</p>\r\n\r\n<p>一时主业空间受限，副业遭受挫折。本来经济基础不牢，亏钱心里更虚。反思和复盘，股市投资是一项长期事业，不可操之过急，风控第一，先应该考虑的是如何不亏钱。<strong>调整计划，必须先把主业做好，根基牢固了，再谈副业，否则本末倒置，缘木求鱼。</strong></p>\r\n\r\n<p>&nbsp;</p>\r\n\r\n<p><strong><img alt=\"640?wx_fmt=png\" src=\"https://ss.csdn.net/p?https://mmbiz.qpic.cn/mmbiz_png/1hReHaqafafJYoFH7OAhmUdTjo35vvJT7KxibNiadbBJJYibrjeic9Us7ZEficc1xuic28F0nnicicEoqQcB6k5CsMpU7w/640?wx_fmt=png\" style=\"margin:0px\" /></strong></p>\r\n\r\n<p><strong>发现字节跳动</strong></p>\r\n\r\n<p>&nbsp;</p>\r\n\r\n<p>当时毕业2年多，马上30，能不能留北京，就看这2-3年的造化。算上实习时间，已经在三星电子呆了3年，因工作关系，跟通信产业链上下游同行有过不少接触，大家对行业前景看法普遍悲观。加之通信是一个大玩家的游戏，作为受雇个体，求职选择有限，跟热火朝天的互联网行业天壤之别。</p>\r\n\r\n<p>所以当时就计划转行，互联网行业薪资标准比通信行业高，前景也更好，本来也是程序员，转过去有基础。另一个原因是，当年（14年）阿里巴巴上市，研究生时期对面宿舍有位同学毕业就去了阿里，他在上市前晋升一级到P6，授予的股票按上市当天的收盘价算，值100多万。这事对我启发很大。</p>\r\n\r\n<p>二级市场挖掘十倍股，标的是上市公司，一般体量都不小了。未上市的优质公司，要分享他的增长果实，最好的方式就是加入它，并持有它的期权。什么样的公司值得加入，我有一套自己的标准，在以前的文章里也有提到过，当时是这么总结的。</p>\r\n\r\n<blockquote>\r\n<ol>\r\n	<li>\r\n	<p>公司所从事的行业有想象空间，已经或者有潜力构造护城河。</p>\r\n	</li>\r\n	<li>\r\n	<p>公司短期不会死掉，未上市，估值不高，创始人有分享利益的意愿。</p>\r\n	</li>\r\n	<li>\r\n	<p>创始人有过创业经历，能力得到过证明，大概率确保公司能做大。</p>\r\n	</li>\r\n</ol>\r\n</blockquote>\r\n\r\n<p>换句话说：公司有做大的可能，目前还很小，老板人品靠谱，跟员工慷慨分享利益（大方发期权），有能力把公司做到上市，员工有可能据此财务自由。字节跳动跟这个标准完美匹配。</p>\r\n\r\n<p>那么字节跳动(今日头条)又是如何进入我视野的呢？</p>\r\n\r\n<p>我对这家公司的初始印象，来自两次新闻事件（我做股票后一直关注行业动态）。</p>\r\n\r\n<blockquote>\r\n<ol>\r\n	<li>\r\n	<p>2014年06月，C轮融资1亿美金、估值5亿美金</p>\r\n	</li>\r\n	<li>\r\n	<p>&nbsp;随后被搜狐起诉</p>\r\n	</li>\r\n</ol>\r\n</blockquote>\r\n\r\n<p><img alt=\"640?wx_fmt=png\" src=\"https://ss.csdn.net/p?https://mmbiz.qpic.cn/mmbiz_png/nGF5XX1nEGeBq0ES1zApthZJQq09eBG7E72N9auNt2bBsDHl7gWkbHNA2tDQfnHhiaNv8OZY0QcrdZwzrcujSDA/640?wx_fmt=png\" style=\"margin:0px; width:524.375px\" /></p>\r\n\r\n<p><img alt=\"640?wx_fmt=png\" src=\"https://ss.csdn.net/p?https://mmbiz.qpic.cn/mmbiz_png/nGF5XX1nEGeBq0ES1zApthZJQq09eBG7ezZ3QQVWwJF2GwJ2HgERMDRj3h8I92433x46yQ60KGhCbYekQPPibkg/640?wx_fmt=png\" style=\"margin:0px; width:524.375px\" /></p>\r\n\r\n<p>成立2年，估值5亿美金，成长不可谓不快，融到钱，短期死不了。被老牌门户起诉，说明头条实力不可小觑，引起了老玩家警惕。</p>\r\n\r\n<p>另外因为我自己的工作经历，对张一鸣也有所耳闻。前面不是说我在三星电子做手机开发吗，我们每年都参与多个型号手机的开发工作，公司的抽屉里一堆工程机。</p>\r\n\r\n<p>每一款旗舰机型，我们都会第一时间试用。过程中，我发现一个奇怪的现象：每一款三星的手机，里面是都会预装一大堆App。有运营商的，也有其他公司的，运营商的App可以理解，毕竟三星跟各大运营商紧密合作。但是为什么要预装其他各种非运营商或手机厂商自己的App呢？这些App大部分都是垃圾，没什么卵用，非常影响使用体验。我每试用一款手机，第一件事是卸掉里面绝大部分预装App，有一些还因为权限问题卸不掉。</p>\r\n\r\n<p>带着这个问题，稍微深挖，这里面是一条利益链，当时市面上的安卓手机厂商还很多，竞争同质化白热化，绝大部分手机厂商不赚钱，手机出厂前预装App，是第三方公司推广自己App一个有效手段，是需要给手机厂商付费的，都是生意。</p>\r\n\r\n<p>也有听闻张一鸣召集深圳中小手机厂商，合作预装字节跳动各款App的传闻。最开始，一个预装成本才几毛钱，真便宜啊，不得不佩服张一鸣的眼光，多年的摸爬滚打经验不是盖的。现在听说某些App的安装成本已经几十块了。</p>\r\n\r\n<p>以上说明，我虽然在通信行业，但对字节跳动这家公司是有所了解的。当时最想加入的公司名单里，还有小米、滴滴、美团。但是后面这些公司体量都不小了。</p>\r\n\r\n<p>另外巧合的是， 跟京杭君同一年入职三星电子，有一位校友L。15年初有一次下班，乘坐同一部电梯下楼，闲聊得知L的对象D君在字节跳动工作，据她说当时今日头条整个团队300多人，大喜，于是通过L认识了D君，加上了微信。</p>\r\n\r\n<p>然后去字节跳动的官网查找招聘岗位，并选定了推荐算法工程师，按岗位要求，查漏补缺，有的放矢。</p>\r\n\r\n<p><img alt=\"640?wx_fmt=jpeg\" src=\"https://ss.csdn.net/p?https://mmbiz.qpic.cn/mmbiz_jpg/1hReHaqafadDiaSmzaLK1dda2VGJ36AVSoicv21r0250Wqr1MPT6egvDNsHFVVOricgSXQuDJZb0kmics8tZg1U45w/640?wx_fmt=jpeg\" style=\"margin:0px\" /></p>\r\n\r\n<p>15年4月初从三星离职后，请D君内推，不久就安排了面试，一个下午，在知春路盈都大厦，2个技术面通过。HR面试后告知一周后还有终面，在HR的介绍下，第一次见到了D君。D君是同届校友，毕业后在一家二梯队互联网公司工作一年后，于13年下半年加入字节跳动。跟D君聊了10分钟左右告别，D告知头条已经700多号人了，技术人员100号左右，终面基本上不会刷人。一周后技术VP Y君终面，遗憾未有通过。</p>\r\n\r\n<p>这是跟头条的第一次接触，据说当时头条估值20亿美金左右。</p>\r\n\r\n<p>15年5月份拿到了另一家初创公司，商汤科技的Offer，因为更看好资讯流市场和字节跳动这间公司，最终拒掉了Offer。大概一年后，京杭君同一个导师下面的研究生同学，从一家名牌外企跳到了商汤。商汤这几年发展非常迅猛，目前已经是计算机视觉领域的领头羊，这是后话。</p>\r\n\r\n<p>15年6月份，我去了猎豹移动，做猎豹浏览器上的新闻推荐。之所以选择猎豹，是觉得新闻推荐这个方向市场需求比较大，前景看好，以后还有机会去今日头条碰碰运气。</p>\r\n\r\n<p>在猎豹移动，进一步确定了字节跳动这间公司的潜力，因为他们千人千面的个性化推荐模式，已经成了行业标准，各个新闻APP都在学习他们。</p>\r\n\r\n<p>于是推荐身边的熟人关注字节跳动的工作机会，比如说百度一位同学和师弟，也跟猎豹的同事分享了自己跟字节跳动的有关经历和看法。大家的反馈都差不都。</p>\r\n\r\n<blockquote>\r\n<p>今日头条App太Low了，没见身边有人用&hellip;&hellip;</p>\r\n</blockquote>\r\n\r\n<p>在猎豹呆了一年后，各种原因要离职，请D君再次推荐头条的推荐算法岗位，最后简历卡在技术VP Y君那里，HR不能安排面试。</p>\r\n\r\n<p>在猎豹离职前拿到百度手百App Feed推荐策略岗位Offer。6月初通过某职场社交App，头条效率工程部的一位开发工程师C君找到我，怂恿过去聊一聊，我告知之前跟头条相关故事。从C君了解到，他们部门老大是从百度贴吧来的一位经理H君，Y管不到H部门。于是过去，当时今日头条搬到了中航广场, 大楼比较气派，跟C君面聊，这个组主要做一些内部效率工具平台，跟我的技能储备不匹配，亦无太多兴趣，也就没有进行后续的面试。</p>\r\n\r\n<p>17年初，有个之前认识的HR入职头条，联系京杭君，说有个岗位非常匹配，问愿不愿意过去聊聊，京杭君对进入头条已不抱希望，跟hr表示，希望过去之前跟技术负责人先电话沟通一下。</p>\r\n\r\n<p>后来跟技术负责人S电话沟通，通过某职场社交App了解到S在百度阿里待过几年，14年进入头条。S表示他是某产品线推荐算法负责人，他们正在做一款针对高端人群版的快手。京杭君把之前的故事告知S君，S君表示他先去找Y君了解一下情况，当然最终也没有面试安排。</p>\r\n\r\n<p>所谓针对高端人群的快手，就是现在的网红级短视频应用「抖音」。</p>\r\n\r\n<p>这是京杭君跟头条的第三次接触，头条在2016年年末融资后估值110亿美金。</p>\r\n\r\n<p>乔布斯说：你不可能将未来的片断串连起来，你只能在回顾的时候将点点滴滴串连起来。所以你必须相信这些片断会以某种方式在未来的某一天串连起来。</p>\r\n\r\n<p>我因本职工作空间受限，急迫想改善自己的经济状况，玩起了美股。急不可耐地去挖掘十倍股，形成了一套自己的方法论，然后圈定了互联网行业，股市虽然亏了，但为后面的转行提前两年打下了认知基础。因为本职工作手机开发，对App预装有所了解，又因为同事兼校友引荐，找到了帮忙内推的人。虽然最后功亏一篑没有坐上火箭，但也进入了资讯流行业，和推荐算法这个岗位。这中间，每个点都是独立的，在某一天，连点成线。</p>\r\n\r\n<p>以下是字节跳动几次主要融资的时间和估值数据，我没有看错，其增长速度远超我的预期。</p>\r\n\r\n<blockquote>\r\n<p>2013年，6千万美元</p>\r\n\r\n<p>2014年，5亿美元，一年间增长7.3倍</p>\r\n\r\n<p>2016年，110亿美元，两年间，增长21倍</p>\r\n\r\n<p>2017年，220亿美元，一年间，增长1倍</p>\r\n\r\n<p>2018年，750亿美元，一年间，增长2.4倍</p>\r\n</blockquote>\r\n\r\n<p>17到18年的增长，主要贡献来着抖音。</p>\r\n\r\n<p>从2013、2014、2016、2017年到2018年最后一轮融资，估值分别增长了1249倍、149倍、5.8倍、2.4倍。5年间增长1249倍，历史罕见。</p>\r\n\r\n<p>另一方面，字节跳动的造血能力很强，15年就能实现盈亏平衡，16-18年广告营收如下。</p>\r\n\r\n<blockquote>\r\n<p>2016年，60亿元</p>\r\n\r\n<p>2017年，150亿元</p>\r\n\r\n<p>2018年，500亿&mdash;550亿元</p>\r\n\r\n<p>2019年，预期营收超过1000亿元</p>\r\n</blockquote>\r\n\r\n<p>要知道，直到18年，百度这间创立了18年的公司，营业收入才正式突破1000亿元。而字节跳动这间公司成立至今，不过7年多时间，真是一间不差钱的公司。</p>\r\n\r\n<p>对了，有位同学，我从15年开始，劝他看字节跳动工作机会，他一直不看好，甚至刚开始还说字节跳动太Low，在18年初入职头条，没多久，头条新一轮估值，他的期权涨了2倍多。</p>\r\n\r\n<p>&nbsp;</p>\r\n\r\n<p><strong><img alt=\"640?wx_fmt=png\" src=\"https://ss.csdn.net/p?https://mmbiz.qpic.cn/mmbiz_png/1hReHaqafafJYoFH7OAhmUdTjo35vvJTBqiakiaG02lYVochLYIG9ibSnvFgKia2ibicqZw6MdBbrCGKJ6Uabc0zhtxQ/640?wx_fmt=png\" style=\"margin:0px\" /></strong></p>\r\n\r\n<p><strong>发现快手</strong></p>\r\n\r\n<p>&nbsp;</p>\r\n\r\n<p>我在猎豹移动呆了不到一年，资讯流业务没做起来，有迹象表明，老板要放弃这块业务。我们团队被隔壁团队兼并，原来的上司带了一票人离开，我也没有得到新上司的信任。哪怕是隔壁团队，也有更大的老板带了一帮亲信另投他主。</p>\r\n\r\n<p>我也该走了，尝试头条还是未果。既然去不了心仪的快速增长的创业公司，那就先去大长锻炼一下业务能力，为以后抓住这样的机会积攒能量。</p>\r\n\r\n<p>国内互联网公司做算法哪家强，在我的认知里，无疑是百度凤巢，于是，从某职场社交App上联系了一位百度凤巢的技术经理，请其帮忙内部推荐，该经理告知：&ldquo;凤巢暂未开放招聘职位，但可以推荐其他岗位&rdquo;，就这样，简历推到了手百Feed流项目组。</p>\r\n\r\n<p>当时头条的内容流广告已经引起的百度的重视，百度内部从战略高度重视内容，首当其冲为手百Feed。两周内做了5场面试，除了最后一场定级委员会面试定级低于预期，其他都顺利。就这样去了百度。</p>\r\n\r\n<p>拿到百度的口头Offer，离开猎豹之前，通过社交网络认识了一位隔壁县老乡Z君，Z君年长京杭君几岁，清华研究生毕业后，在外企工作过几年，然后跟同学创业，也是做APP的，小有成就。</p>\r\n\r\n<p>Z君很随和，我把自己工作上的情况跟他简单说了下。他说在咱们住得不远，周末有空出来聊聊。我非常珍惜这种机会，层次比你高的业内前辈，还愿意指导你，太难得了。</p>\r\n\r\n<p>于是主动约了周末，在北苑华贸城请Z君吃饭。Z君拉来了另外一为老乡S君，他们同一个县，S君跟京杭君同一年硕士毕业，也是清华的，在小米做信息流推荐工作。在我谈到后面工作选择时，Z君建议看看快手，增长很猛，S君也说从小米的平台看，它的数据很漂亮。</p>\r\n\r\n<p>快手CEO&nbsp;宿华清华毕业，也是湖南人，做快手之前折腾过好几个项目，曾经有一段时间，跟这位年长几岁老乡的公司合租一个办公场地。16年路过五道口多次，见过楼顶上大大的Logo，所以对这家公司有印象。</p>\r\n\r\n<p>在猎豹的时候，同大组有一位中科院的同事兼朋友，这位朋友比京杭君晚入职，在他入职之前，我们就已经认识了。我听他说过，他有位师弟H君，从猎豹离职去了快手。</p>\r\n\r\n<p>通过朋友加上了他师弟H君微信，H君说当时快手员工总共100号左右，加班比较严重。他在工程组，不认识推荐部门的人。我继续调研，用我之前十倍股的方法论来分析快手的方方面面。各项数据都表明，它已经进入了快速增长期。</p>\r\n\r\n<p>上它的官网找招聘信息，没找到推荐算法类的岗位。于是又从某职场社交App找到了CEO助理，直接沟通，之后不了了了。</p>\r\n\r\n<p><img alt=\"640?wx_fmt=png\" src=\"https://ss.csdn.net/p?https://mmbiz.qpic.cn/mmbiz_png/nGF5XX1nEGdovAPWibGb0xe65zlaAo2kzrj0XIoNK73Ey1Rs6a4UTDjUAiaq30lj38I6146ibVJ4BtMVB2v70PYeA/640?wx_fmt=png\" style=\"margin:0px\" /></p>\r\n\r\n<p>昨天晚上一位老乡联系我，让我留意有没有合适他的工作机会。我想到了一位快手的HR朋友，快手还在大规模招人，为老乡牵了线。这位朋友也是我以前所在公司的HR，正是他安排了我的面试和后续入职流程。</p>\r\n\r\n<p>他离职后我们还保持着联系。职场上，应该都是这样的，公司里负责招聘你的HR，面试过你的同事，上司和团队里帮助过你的人，总是会对他们怀有感激之情，不管离职与否。某种程度上正是因为他们，你才得以进入公司，获得一份工作。</p>\r\n\r\n<p>顺便跟HR朋友聊到了16年找快手CEO助理X姐毛遂自荐一事，他说当时X姐当时可能是太忙，忘记了这件事，你应该Push一下她的。我又看了一眼的X姐的头衔，已经是副总裁了。</p>\r\n\r\n<p>快手这边没反馈，百度那边催着入职，我就去百度了。同样，推荐身边的关系比较近的朋友关注快手的工作机会。当然反馈也跟15年推荐头条差不多：</p>\r\n\r\n<blockquote>\r\n<p>快手太Low，没见身边有人用快手。</p>\r\n</blockquote>\r\n\r\n<p>百度这边是Feed流项目组，16年公司级的战略项目。业务增长很快，团队扩充的速度也很快，在百度的前半年，除了做好本职工作，我利用一切业余时间，学习我感兴趣的项目和技术，百度在这方面有深的积累。</p>\r\n\r\n<p>16年年末，我了解到我在17春季晋升季没有晋升资格，因为规定要求在原岗位呆满一年才有晋升资格，下一次要等到17年秋季，加北京上房价疯涨，我觉得必须去杭州上车了。17年4月份，找到一份杭州大厂的工作机会。</p>\r\n\r\n<p>还是4月份某天，快手的一位HR小哥通过某职场社交软件找到我，说有一个岗位非常合适我，问我有没有兴趣。我答应第二天下去过去看看。反正要去杭州，过去看看对自己没啥坏处。两个技术面，第三面是HR小妹，她说面试结果不太好。</p>\r\n\r\n<p>我问了一些面试官相关的信息，她告知，一面官是北大毕业的硕士，在阿里妈妈工作几年后过来的。二面官是L君（后面进一步挖掘得知，L君在百度凤巢呆过，跟快手CEO宿华一个组，后来宿华离职创业，几经折腾，宿华加入快手出任CEO，L君也成了快手的前10号员工之一，当时是推荐算法的负责人），当时快手400多人了。</p>\r\n\r\n<p>回去的路上，我觉得好像有什么不对，到公司一查，原来这正是我一年前关注过，还推荐身边熟人关注的公司。如果记起了这些，我一定会认真准备一翻，再去面试。我刚去百度时业务太忙，以及过度关注技术方面的提升，后半年又关注杭州这边的工作机会。把快手这家公司彻底忘了。</p>\r\n\r\n<p><img alt=\"640?wx_fmt=jpeg\" src=\"https://ss.csdn.net/p?https://mmbiz.qpic.cn/mmbiz_jpg/1hReHaqafacia5BA6LJXRWOInNWibxHTticpDjT7nQdP0SL0wmAcw1qfyiaSVTtbpgkSXSkkic1bIKrFLtniavBgKOUg/640?wx_fmt=jpeg\" style=\"margin:0px\" /></p>\r\n\r\n<p>我觉得必须补救一下，不能再错过快手的机会。推荐部门那边面试失败，广告部门可以再试一试，推荐和广告技术上80%是相通的，但我不认识广告那边的人。</p>\r\n\r\n<p>我需要找一个朋友引荐，这样成功的概率高一些。在百度工作期间，认识了《计算广告》的二作W君，我们小团队开始做小视频推荐业务，后面业务调整，短视频业务交给W君团队，我负责协同过滤召回模块，交接串讲的时候，W君坐在旁边，问了很多问题。</p>\r\n\r\n<p>事后才知道他是《计算广告》的二作。W君在计算广告届也算是知名人物，我问他快手广告部门有没有熟人。他说认识Q君，Q君我是有所耳闻的。请W君帮忙引荐，他没有答应，原因不明，也许有他自己的难处。W君问我愿不愿意去他团队，他团队很缺人，那时我已经打算离开百度，去意已决。</p>\r\n\r\n<p>我告诉W君我对快手的思考和看法，正值快速增长期，期权有很大的升值空间，很定比呆在百度强，建议他看看那边的机会。W君说自己刚升T8，不可能离开百度的，我也就没有多说了（去年从百度老同事得知，W君升T9了，真快呀，3年多点时间从T7升到T9，对了，W君好像86年的）。</p>\r\n\r\n<p>Q君是13年中科院毕业的硕士，读书期间在百度实习，参加数据挖掘类的比赛，毕业时以阿里星的身份去了阿里巴巴，定级P6，比普通研究生高一级，做商品推荐算法相关的工作，3年时间升到P8，16年下半年去了快手。</p>\r\n\r\n<p>京杭君碰巧认识Q君在中科院读书时，参加数据挖掘比赛的队友X君，X君当时是他们队长，他们都是中科院同一级不同所的同学。16年初，X君从某公司跳槽美团，负责某业务的广告投放技术工作。他组建自己的团队，从某职场社交APP上联系上了还在猎豹移动的京杭君，问有没有兴趣过去聊聊，我婉拒了好意。</p>\r\n\r\n<p>于是向X君说明意图，问他是否可以引荐Q君，X君欣然答应，Q君要了简历，说马上安排面试。我把之前去快手推荐部门面试的情况跟他说明，Q君说这种情况，系统内部有记录，不能再安排面试了。</p>\r\n\r\n<p>快手尝试失败，我觉得没有遗憾了，安心去杭州。离开北京之前，再次跟几个要好的朋友推荐快手，把我跟快手的接触以及看法全盘告诉他们，其中包括最近来杭州出差的M君，17年5月我来了杭州，7月原来猎豹的老同事P君入职快手，18年快手再次融资是，P君的期权升值了5倍，P君正是我去猎豹面试的二面官。对了，Q君最新的Title是商业化部VP。</p>\r\n\r\n<p>行文至此，篇幅已经很长了，后续会总结以下话题。</p>\r\n\r\n<ol>\r\n	<li>\r\n	<p><strong>如何形成自己的趋势感知体系？</strong></p>\r\n	</li>\r\n	<li>\r\n	<p><strong>职场要诀：把握时机</strong></p>\r\n	</li>\r\n	<li>\r\n	<p><strong>职场要诀：跟对人</strong></p>\r\n	</li>\r\n</ol>\r\n\r\n<p>&nbsp;</p>\r\n\r\n<blockquote>\r\n<p>作者简介：岳京杭，湖南人、码农。求学于西安、北京，目前定居杭州。浪迹于通信、互联网行业。曾就职于三星电子、百度、网易等公司。沉于阅读，勤于思考，乐于分享。复盘过往经历、面向未来思考、做最优决策。</p>\r\n\r\n<p>公众号：中产之路&nbsp;</p>\r\n\r\n<p>声明：本文系作者投稿，如需转载请联系原作者。</p>\r\n</blockquote>\r\n', '2019-03-21 15:25:36', '1', '0', '头条、快手，那些我曾经错过的暴富机会 | 程序员有话说', null);
INSERT INTO `sys_moments` VALUES ('306128653597675520', '258220666812239872', '258220956378599424', '抖音多闪数次声明被打脸 法院正式裁定抖音违规', '/uploadImages/b651aef0-cc6a-4aed-a34a-c68b11ebf7d8_p.jpg', '<p><strong>3月20日下午，天津市滨海新区人民法院宣布裁定抖音违规，要求抖音立即停止将微信/QQ开放平台授权登录服务提供给多闪使用的行为</strong>，同时多闪此前通过抖音擅自获得的微信/QQ用户头像、昵称也被勒令停用。</p>\r\n\r\n<p><img alt=\"20190320144443_5379\" src=\"https://ss.csdn.net/p?http://upload.techweb.com.cn/s/640/2019/0320/1553078107704.jpg\" style=\"margin:0px\" /></p>\r\n\r\n<p>而此前，抖音以及多闪曾数次称自己被腾讯针对</p>\r\n\r\n<p>3月12日字节跳动称，腾讯应用市场app应用宝内，无法搜索下载多闪</p>\r\n\r\n<p>3月19日多闪发布信息弹窗，称腾讯强制要求使用QQ或微信登录多闪的用户，头像、昵称不得与QQ或微信一致。</p>\r\n\r\n<p>&nbsp;</p>\r\n\r\n<p><img alt=\"5d6034a85edf8db13f85faa6644a5750574e7433_副本\" src=\"https://ss.csdn.net/p?http://upload.techweb.com.cn/s/640/2019/0320/1553078465783.jpg\" style=\"margin:0px\" /></p>\r\n\r\n<p>&nbsp;</p>\r\n\r\n<p>随后，针对腾讯的起诉声明，多闪作出官方回应否认从微信获得信息，并指出多闪在诞生当日就被微信封禁。</p>\r\n\r\n<p>多闪方面称，&ldquo;多闪非法从抖音获取用户的微信/QQ头像和昵称&rdquo;等言论属于谣言。多闪在诞生当日就被微信封禁，抖音也被微信封禁一年时间。所谓多闪使用微信数据纯属无稽之谈&rdquo;</p>\r\n\r\n<p>3月20日，法院判决抖音违规，&ldquo;无稽之谈&rdquo;成&ldquo;有稽&rdquo;</p>\r\n\r\n<p>随后，抖音总裁张楠称，多闪用户的昵称头像问题，都是腾讯方面要求，多闪为了用户体验才会发布弹窗消息。</p>\r\n\r\n<p><img alt=\"4ed903b5c801cb981e8e3e1ce13ef48f\" src=\"https://ss.csdn.net/p?http://upload.techweb.com.cn/s/640/2019/0320/1553078780575.jpeg\" style=\"margin:0px\" /></p>\r\n\r\n<p><img alt=\"timg\" src=\"https://ss.csdn.net/p?http://upload.techweb.com.cn/s/640/2019/0320/1553079439393.jpg\" style=\"margin:0px\" /></p>\r\n\r\n<p>&nbsp;</p>\r\n\r\n<p>&nbsp;</p>\r\n\r\n<p>&nbsp;</p>\r\n', '2019-03-21 15:27:04', '0', '0', '抖音多闪数次声明被打脸 法院正式裁定抖音违规', null);
INSERT INTO `sys_moments` VALUES ('306129058964574208', '258220666812239872', '258220956378599424', '在中国，40岁程序员是如何工作的？', '/uploadImages/d19990cf-9a55-4516-ac51-3ab1553cd039_2019031909473391.jpg', '<p>在中国，程序员是青春饭的行业似乎已深入人心，难道真的是这样吗？其实不然，40岁程序员正是焕发第二春的时候，无论是从职业经历还是技术上，都会高于年轻的程序员。尤其是在解决问题的能力上，对于程序员来说，年轻程序员遇到一个bug可能解决一天或者一周，而对于已经身经百战的40岁以上程序员，他们可能瞄一眼就知道哪里出错了。</p>\r\n\r\n<p>下面是来自知乎上的一些问答：</p>\r\n\r\n<p>响马：</p>\r\n\r\n<p>今年 47，快五十了，每天编程时间平均六到八小时。</p>\r\n\r\n<p>身体肯定比不上年轻人了，三十岁的时候，我连续编程时间可以在二十小时以上，经常有人第一天上班看见我在公司，第二天上班看见我还在公司。</p>\r\n\r\n<p>年纪大了，明显容易疲劳，工作到两点以后，也就写不了什么了。一度身体状况也很差，过敏性鼻炎，颈椎病，肩周炎，周期性闹肚子等。</p>\r\n\r\n<p>去年开始进健身房健身，同时去看康复医疗医生做姿态矫正。几个月后这些问题明显改善，鼻炎基本控制住，颈椎病不再犯，偶尔不适，也可以自己迅速调整。</p>\r\n\r\n<p>但是颈椎和腰椎还需要长时间调整。</p>\r\n\r\n<p>目前在维持阶段，仍然坚持健身，精力明显比锻炼前好太多了。姿态矫正前，虽然没什么运动量，但是身体长时间出于扭曲状态，等于 24<br />\r\n小时在消耗精力。矫正后，虽然经常高强度器械训练，但是其它时间，身体出于比较放松的状态，因此反而精力更好。</p>\r\n\r\n<p>程序员是个熟练工种，时间长了，一定会有职业病。我总结我的职业病有三个：</p>\r\n\r\n<p>一、颈部前倾，参见：什么锻炼可以改善脖子前倾？</p>\r\n\r\n<p>二、腰间盘突出，参见：腰间盘突出患者在生活中应该怎么注意锻炼与防护？</p>\r\n\r\n<p>三、左肩内扣【操作 ^C ^V 】，导致左臂行动受限</p>\r\n\r\n<p>匿名用户：</p>\r\n\r\n<p>有人问我为什么匿名，因为我不想老婆看到我的状态，怕她担心。</p>\r\n\r\n<p>和国外不同吧，国内程序员的免费加班习惯导致了资方很容易用年轻人替代年长的。试想一下，如果每家公司都严格执行劳动法，老板估计不敢轻易让员工加班。</p>\r\n\r\n<p>我年轻的时候靠加班革了上一辈程序员的命，现在终于轮到我了。</p>\r\n\r\n<p>今年36了，已经有被淘汰的危机感。</p>\r\n\r\n<p>上个月领导找我谈话，说我这半年加班越来越少了。他说其他人基本上都干到快10点，而我经常不到8点就回去了。</p>\r\n\r\n<p>没办法，现在小孩读书了，需要人管。父母年纪大了精力跟不上，爱人是医生，平时更忙。我们只好约定，每人管一天，周末尽量多花点时间陪孩子。</p>\r\n\r\n<p>和知乎里的各种精英不同，我可能代表了绝大多数中年程序员，在一家普通的软件公司做着普通的开发，每天都是重复性劳动，所谓的经验在这个快速发展的行业不值一提。</p>\r\n\r\n<p>32岁以前，我还能紧跟着行业发展动态，从最初的jquery到knockout到angular都跟上了，但是最近几年涌现的react或者vue已经一知半解了。至于docker、k8s之类的仅仅局限于名字，根本没有时间研究。</p>\r\n\r\n<p>写到这里，忽然想起，我好久没接到猎头的电话了。以前，每年11月到第二年4月前，都有猎头或者hr给我电话，这两年越来越少。前几天我更新简历后倒是接到了一个小公司的电话，强制996，开出的薪水却只有现在的2/3。</p>\r\n\r\n<p>我不知道等到40岁那天，父母老了，孩子大了，我需要花更多的精力在家里时，有几家公司还能不能容忍我这种工资高，产出却一般的员工。</p>\r\n\r\n<p>匿名用户</p>\r\n\r\n<p>很多谬论是因为你们不了解啊，我快50了，从20出头就写代码至今，我从90年代初写程序的，那时已经有很多程序员了，有些部门比如统计局、粮食局80年代就有专职程序员，国家机关什么的从事编程的很多了，我刚做的时候也在事业单位，也已有很多干了十年的程序员，一般大城市的企业是90年前后普及计算机的，那时有长城286，386，康柏，AST等品牌的微机，90年代初一般大单位都有微机了，到2000年微机就开始进入家庭了，已经慢慢开始普及，所以，最早一批程序员大概是50和60后，这批人很多已经退休了，比如教过我编程知识的几位老师。70后就有一大批程序员了，现在还干的也不少，80后就别说了，主力。</p>\r\n\r\n<p>关于身体这个看自己，我本人没得过大毛病，两眼不带眼镜都是1.5，小毛病颈椎病什么有。加强点锻炼没什么问题。关于年龄和编程的关系，我觉得编程属于脑力劳动，不是体力，所以年龄越大经验丰富，对技术的理解更深，老谋深算嘛，很多是年轻人比拟不了的。掰手腕子不行，但是玩脑子肯定不输年轻一辈。</p>\r\n\r\n<p>有些人可能觉得老程序员可能会墨守成规，也是偏见，一直从事程序员工作不离岗的人一般肯定是热爱了，让他学新东西简直就是享受啊，呵呵。我现在每个月都会买几本技术书看，有什么新技术也是乐于研究。都是很自觉的行为，因为有爱啊。</p>\r\n\r\n<p>好了，今天的分享就到这里，不妨分享一下你身边的大龄程序员吧？你从他们看到了什么，或者有什么值得大家学习的地方，都可以来谈谈，期待您的点赞跟评论。<br />\r\n---------------------&nbsp;<br />\r\n作者：weixin_39780047&nbsp;<br />\r\n来源：CSDN&nbsp;<br />\r\n原文：https://blog.csdn.net/weixin_39780047/article/details/88708409&nbsp;<br />\r\n版权声明：本文为博主原创文章，转载请附上博文链接！</p>\r\n', '2019-03-21 15:28:40', '0', '0', '在中国，40岁程序员是如何工作的？', null);
INSERT INTO `sys_moments` VALUES ('306129303937093632', '258220666812239872', '258220956378599424', '程序员经历的奇葩需求之：老板要求两个月做个类似京东的APP', '/uploadImages/0af727da-b556-4869-82b9-50cc885076f7_20190321101456782.jpg', '<p>在互联网行业，程序员经常会遇到各种奇葩的需求，比如，小李，你帮我做一个类似百度的搜索呗，一个输入框而已。</p>\r\n\r\n<p>这不，这两天在网上就看到一程序员晒出这样的聊天记录：</p>\r\n\r\n<p><br />\r\n有网友算了以下，如果两个月要写完200个页面的话，那么一天至少要写5个页面，而且还要在保证质量的前提下完成！这样大的工作量一个人在两个月之内根本不可能完成。所以有网友出主意直接做一个快捷方式然后直接连接到京东吧，或者可以找个开源的项目发过去！</p>\r\n\r\n<p>对此，你有遇到过哪些奇葩需求呢，遇到这样的老板，你还能淡定的做下去吗？不妨留言讨论讨论吧。<br />\r\n---------------------&nbsp;<br />\r\n作者：weixin_39780047&nbsp;<br />\r\n来源：CSDN&nbsp;<br />\r\n原文：https://blog.csdn.net/weixin_39780047/article/details/88708124&nbsp;<br />\r\n版权声明：本文为博主原创文章，转载请附上博文链接！</p>\r\n', '2019-03-21 15:29:39', '3', '0', '程序员经历的奇葩需求之：老板要求两个月做个类似京东的APP', null);
INSERT INTO `sys_moments` VALUES ('306215440252801024', '259998818651738112', '258220956378599424', ' 找 Bug 赚了 6,700,000元！这位 00 后是怎么做到的？', '/uploadImages/23bc0023-82c9-4fd8-a2ee-1991e3e893a4_p.jpg', '<p>作者 | 伍杏玲</p>\r\n\r\n<p>出品 | 极客宝宝（geek_baby）</p>\r\n\r\n<p>&nbsp;</p>\r\n\r\n<blockquote>\r\n<p><strong>牛了，这几个案例让你迅速掌握AI技术！</strong></p>\r\n\r\n<p><strong>https://edu.csdn.net/topic/ai30?utm_source=cxrs_bw</strong></p>\r\n</blockquote>\r\n\r\n<p>&nbsp;</p>\r\n\r\n<p>19岁，很多人正是上大学，仍伸手向父母要生活费的年纪。</p>\r\n\r\n<p>可有一位 00 后阿根廷少年 Santiago Lopez&nbsp;靠自学成才，赚取了 100 万美元（折合人民币约 670 万元）的 Bug 赏金，成为世界上第一个白帽黑客的百万富翁（美元）。</p>\r\n\r\n<p>&nbsp;</p>\r\n\r\n<p><img alt=\"640?wx_fmt=png\" src=\"https://ss.csdn.net/p?https://mmbiz.qpic.cn/mmbiz_png/1hReHaqafafJYoFH7OAhmUdTjo35vvJTvLpCGfzzK1PyqhibaFBFxKyrzAicHWibLWAuNXTESdJ0PKghyml9PqXjQ/640?wx_fmt=png\" style=\"margin:0px\" /></p>\r\n\r\n<p><strong>少年黑客成百万富翁</strong></p>\r\n\r\n<p>&nbsp;</p>\r\n\r\n<p>自从看了电影《黑客》，少年 Santiago Lopez 开始自学黑客技术。他通过在网上学习相关的教程和浏览技术博客，在15岁时成为一名白帽子（白帽黑客的昵称），并加入HackerOne 平台，开启挖漏洞之旅。</p>\r\n\r\n<p>HackerOne 成立于2012年，是一个安全漏洞赏金平台，白帽子们可以给企业报告安全漏洞，待企业确认漏洞后会给白帽子一定的赏金。</p>\r\n\r\n<p>当 Lopez 16岁时，他赚取了第一笔 Bug 赏金&mdash;&mdash;50美元，此后他更有动力在放学后&ldquo;做兼职&rdquo;。自从他加入 HackerOne 以来，到现在一共给Twitter、Verizon等企业和政府机关找了1670 多个安全漏洞。</p>\r\n\r\n<p>如今 Lopez 已成为一名全职黑客，其收入几乎是他所在国家&mdash;&mdash;阿根廷，首都软件工程师的平均收入的40倍。</p>\r\n\r\n<p>谈及他的成功时，Lopez说：&ldquo;对我而言，这些成就表示企业和他们的用户在上网时会变得比以前更加安全，这是件非常好的事，也是激励着我不断地提高自己的黑客水平的动力。&rdquo;</p>\r\n\r\n<p>HackerOne 首席执行官 Marten Mickos 如此评价 Lopez：&ldquo;现在整个社区都对 Lopez 肃然起敬，他本人充满好奇心、有创新精神且自学成才，是全球数十万黑客的榜样。</p>\r\n\r\n<p>黑客社区是网络犯罪最有力的防御。对 Lopez 来说，（获得百万美元赏金）是一个了不起的里程碑，在他不懈的努力下，很多公司在安全方面比以前有了不少的进步。&rdquo;</p>\r\n\r\n<p>&nbsp;</p>\r\n\r\n<p><img alt=\"640?wx_fmt=png\" src=\"https://ss.csdn.net/p?https://mmbiz.qpic.cn/mmbiz_png/1hReHaqafafJYoFH7OAhmUdTjo35vvJT7KxibNiadbBJJYibrjeic9Us7ZEficc1xuic28F0nnicicEoqQcB6k5CsMpU7w/640?wx_fmt=png\" style=\"margin:0px\" /></p>\r\n\r\n<p><strong>HackerOne：程序员发家致富的好平台？</strong></p>\r\n\r\n<p>&nbsp;</p>\r\n\r\n<p>据 HackerOne 2019年黑客报告显示：目前 HackerOne 平台注册的黑客人数超过 30 万人，提交的有效漏洞超 10 万个，平台向黑客已支付的赏金超 4200 万美金。</p>\r\n\r\n<p>从报告得知，黑客拿到的赏金收入远超过普通程序员的工资。例如在阿根廷，黑客的赏金是软件工程师的 40.6 倍、泰国是 24.5 倍、埃及是 24.2 倍、印度是 17.6 倍、中国香港是 6.7 倍、美国是 6.4 倍、瑞典是 6.3 倍、中国是 6.2 倍。</p>\r\n\r\n<p>有趣的是，81% 的黑客是&ldquo;野路子&rdquo;自学出道的，且 90% 的黑客年龄在 35 岁以下。</p>\r\n\r\n<p>至于为什么会从事黑客活动？很多黑客说是因为兴趣，纯粹是在全职之外或者下课后就找找些漏洞玩，其中仅有不到 40% 的人本身是 IT 从业者。</p>\r\n\r\n<p>目前全球与 HackerOne 合作的公司非常多，其中包括美国国防部、通用汽车、Google、Twitter、GitHub、任天堂、松下电子、高通、星巴克和英特尔等。</p>\r\n\r\n<p>HackerOne 社区和内容高级主管 Luke Tucker 说：&ldquo;随着网络攻击的频率越来越高，各个公司和政府组织都意识到要在网络安全上有所防护，他们需要一支技术实力强的黑客军队。随着越来越多的组织接纳黑客社区，我们的用户将越来越安全。&rdquo;</p>\r\n\r\n<p>&nbsp;</p>\r\n\r\n<p><img alt=\"640?wx_fmt=png\" src=\"https://ss.csdn.net/p?https://mmbiz.qpic.cn/mmbiz_png/1hReHaqafafJYoFH7OAhmUdTjo35vvJTBqiakiaG02lYVochLYIG9ibSnvFgKia2ibicqZw6MdBbrCGKJ6Uabc0zhtxQ/640?wx_fmt=png\" style=\"margin:0px\" /></p>\r\n\r\n<p><strong>黑客向善</strong></p>\r\n\r\n<p>&nbsp;</p>\r\n\r\n<p>以前谈及&ldquo;黑客&rdquo;，人们脑海中可能会联想到&ldquo;高智商&rdquo;、&ldquo;非法入侵&rdquo;、&ldquo;犯罪&rdquo;、&ldquo;孤僻&rdquo;等词，似乎与&ldquo;恶&rdquo;关联。</p>\r\n\r\n<p>例如被誉为&ldquo;头号电脑黑客&rdquo;的凯文&middot;米特尼克（Kevin Mitnick），15 岁时入侵北美空中防务指挥系统，翻遍军方的机密数据资料后又偷偷溜出来，成为第一个在美国联邦调查局&ldquo;悬赏捉拿&rdquo;海报上露面的黑客。</p>\r\n\r\n<p>他并向官方挑衅道：&ldquo;巡游五角大楼，登录克里姆林宫，进出全球所有计算机系统，摧垮全球金融秩序和重建新的世界格局，谁也阻挡不了我们的进攻，我们才是世界的主宰。&rdquo;</p>\r\n\r\n<p>还有著名黑客罗伯特&middot;塔潘&middot;莫里斯（Robert Tappan Morris），他自制一个&ldquo;蠕虫&rdquo;病毒，并入侵了美国最大的电脑网络&mdash;&mdash;互联网，这些病毒不断复制并入侵用户的电脑，造成包括国家航天局、重要军事基地等的计算机停止运行，给政府和社会造成重大事故，此次事故震惊全球。</p>\r\n\r\n<p>和这些利用技术破坏互联网的黑帽黑客相反的是，随着像上文中 Lopez 的白帽黑客人数越来越多，他们将自己的技术用来维护网络的安全上，这让更多的普通群众开始对黑客改观，有 64% 的美国群众相信：&ldquo;黑客向善&rdquo;。</p>\r\n\r\n<p>令人欣喜的是，随着互联网遍及人民生活的方方面面，越来越多的公司重视安全漏洞。根据黑客报告显示，仅仅在过去一年，HackerOne 平台向黑客发放了 1900 万美金，差不多是过去几年的总和。这标明众多机构和公司对白帽黑客提交的漏洞是开放和支持的态度。</p>\r\n\r\n<p>未来，我们&mdash;&mdash;</p>\r\n\r\n<p>不说了，咱赶紧去注册账号也要发家致富去！</p>\r\n\r\n<blockquote>\r\n<p><strong>5G之后，中国的人工智能发展趋势如何？</strong></p>\r\n\r\n<p><strong>https://edu.csdn.net/topic/ai30?utm_source=cxrs_bw</strong></p>\r\n</blockquote>\r\n\r\n<p>&nbsp;</p>\r\n\r\n<blockquote>\r\n<p>黑客报告传送门：</p>\r\n\r\n<p>https://www.hackerone.com/sites/default/files/2019-03/the-2019-hacker-report.pdf</p>\r\n\r\n<p>参考资料：</p>\r\n\r\n<p>https://digit.fyi/teen-hacker-earns-1m-via-bug-bounties/</p>\r\n\r\n<p>百科：世界十大黑客</p>\r\n</blockquote>\r\n', '2019-03-21 21:11:55', '0', '0', ' 找 Bug 赚了 6,700,000元！这位 00 后是怎么做到的？', null);
INSERT INTO `sys_moments` VALUES ('306215665667280896', '259998818651738112', '258220956378599424', '面试了一名32岁的程序员，领导：年纪太大，直接送走吧', '/uploadImages/d9bdaf73-bb7d-49aa-860c-8ed659e6e9db_20190318125623295.jpg', '<p>程序员是吃青春饭的行业吗？这个问题放在国内，很多人都会表示认同，君不见，很多互联网企业招聘程序员，年纪三十多岁的一般就不考虑了，比如华为，前段时间就盛传清退35岁以上的员工，虽然没有得到官方证实，但空穴不来风。华为好歹设了一个35岁的标准，可是近日一名网友的爆料却让更多的程序员颤抖：一名32岁的程序员面试，却被领导说年纪太大不合适，直接送走吧。32岁就成了大龄程序员了？这样的言论很快就引起了各路网友的热议。<br />\r\n<img alt=\"在这里插入图片描述\" src=\"https://img-blog.csdnimg.cn/20190318125623295.jpg?x-oss-process=image/watermark,type_ZmFuZ3poZW5naGVpdGk,shadow_10,text_aHR0cHM6Ly9ibG9nLmNzZG4ubmV0L3dlaXhpbl8zOTc4MDA0Nw==,size_16,color_FFFFFF,t_70\" style=\"border-style:none; margin:24px 0px\" /></p>\r\n\r\n<p>原本程序员是靠的能力，有些互联网公司把它搞成了吃青春饭的活，把30岁以上的员工给否了，这样真的好吗？有程序员网友列举了自己的真实经历：曾经做过的一个跨国合作的项目，美国那边的同事，年龄最大的50多岁，最小的工作年限也超过了20年，无一例外都和我们这些菜鸟一起编码，走读，检视，debug，他们水平很高收入也很高，干得很快乐，在公司也很受尊重。程序员真的是吃青春饭的吗？绝对不是！只是这边大环境太浮躁，价值观太扭曲！<br />\r\n<img alt=\"在这里插入图片描述\" src=\"https://img-blog.csdnimg.cn/20190318125752161.jpg?x-oss-process=image/watermark,type_ZmFuZ3poZW5naGVpdGk,shadow_10,text_aHR0cHM6Ly9ibG9nLmNzZG4ubmV0L3dlaXhpbl8zOTc4MDA0Nw==,size_16,color_FFFFFF,t_70\" style=\"border-style:none; margin:24px 0px\" /><br />\r\n对于楼主的说辞，有网友分析如下：程序员的青春有那么短么？拉倒吧，32岁的程序员才是最给力的时候，技术能力，业务能力，沟通协调能力，情绪控制能力这个时候都是最强的，让他走只是因为这个人能力与岗位不匹配，如果这人能力强就因为年龄被刷，我只想说面试官是脑残。</p>\r\n\r\n<p>哎，有点意思，怎么人一过30，只要是基层都是大龄了？真不好说了，客观点说，跌跌撞撞做了这么多年，发觉少年老成多智的是极少数，大部分人都是慢慢成长，30都还嫌不够稳重，为什么蔓延一股风气，30以后被淘汰，我这边30多岁的程序员不少呢，其实很多人都在制造焦虑，贩卖焦虑，低龄的程序员技术能独当一面的还是少数。</p>\r\n', '2019-03-21 21:12:49', '1', '0', '面试了一名32岁的程序员，领导：年纪太大，直接送走吧', null);
INSERT INTO `sys_moments` VALUES ('306215908450373632', '259998818651738112', '258220956378599424', 'TCP和UDP的优缺点及区别', '/uploadImages/a44dd4a1-1afa-4284-b125-3e45a3876bd0_2019031909473391.jpg', '<p>TCP的优点： 可靠，稳定 TCP的可靠体现在TCP在传递数据之前，会有三次握手来建立连接，而且在数据传递时，有确认、窗口、重传、拥塞控制机制，在数据传完后，还会断开连接用来节约系统资源。 TCP的缺点： 慢，效率低，占用系统资源高，易被攻击 TCP在传递数据之前，要先建连接，这会消耗时间，而且在数据传递时，确认机制、重传机制、拥塞控制机制等都会消耗大量的时间，而且要在每台设备上维护所有的传输连接，事实上，每个连接都会占用系统的CPU、内存等硬件资源。 而且，因为TCP有确认机制、三次握手机制，这些也导致TCP容易被人利用，实现DOS、DDOS、CC等攻击。</p>\r\n\r\n<p>UDP的优点： 快，比TCP稍安全 UDP没有TCP的握手、确认、窗口、重传、拥塞控制等机制，UDP是一个无状态的传输协议，所以它在传递数据时非常快。没有TCP的这些机制，UDP较TCP被攻击者利用的漏洞就要少一些。但UDP也是无法避免攻击的，比如：UDP Flood攻击&hellip;&hellip; UDP的缺点： 不可靠，不稳定 因为UDP没有TCP那些可靠的机制，在数据传递时，如果网络质量不好，就会很容易丢包。 基于上面的优缺点，那么： 什么时候应该使用TCP： 当对网络通讯质量有要求的时候，比如：整个数据要准确无误的传递给对方，这往往用于一些要求可靠的应用，比如HTTP、HTTPS、FTP等传输文件的协议，POP、SMTP等邮件传输的协议。 在日常生活中，常见使用TCP协议的应用如下： 浏览器，用的HTTP FlashFXP，用的FTP Outlook，用的POP、SMTP Putty，用的Telnet、SSH QQ文件传输 &hellip;&hellip;&hellip;&hellip; 什么时候应该使用UDP： 当对网络通讯质量要求不高的时候，要求网络通讯速度能尽量的快，这时就可以使用UDP。 比如，日常生活中，常见使用UDP协议的应用如下： QQ语音 QQ视频 TFTP &hellip;&hellip;</p>\r\n\r\n<p>有些应用场景对可靠性要求不高会用到UPD，比如长视频，要求速率</p>\r\n\r\n<p>小结TCP与UDP的区别：</p>\r\n\r\n<p>1.基于连接与无连接；<br />\r\n2.对系统资源的要求（TCP较多，UDP少）；<br />\r\n3.UDP程序结构较简单；<br />\r\n4.流模式与数据报模式 ；</p>\r\n\r\n<p>5.TCP保证数据正确性，UDP可能丢包，TCP保证数据顺序，UDP不保证。</p>\r\n\r\n<p>tcp协议和udp协议的差别<br />\r\nTCP UDP<br />\r\n是否连接 面向连接 面向非连接<br />\r\n传输可靠性 可靠 不可靠<br />\r\n应用场合 传输大量数据 少量数据<br />\r\n速度 慢 快</p>\r\n\r\n<p>TCP与UDP区别总结：</p>\r\n\r\n<p>1、TCP面向连接（如打电话要先拨号建立连接）;UDP是无连接的，即发送数据之前不需要建立连接</p>\r\n\r\n<p>2、TCP提供可靠的服务。也就是说，通过TCP连接传送的数据，无差错，不丢失，不重复，且按序到达;UDP尽最大努力交付，即不保证可靠交付</p>\r\n\r\n<p>3、TCP面向字节流，实际上是TCP把数据看成一连串无结构的字节流;UDP是面向报文的</p>\r\n\r\n<p>UDP没有拥塞控制，因此网络出现拥塞不会使源主机的发送速率降低（对实时应用很有用，如IP电话，实时视频会议等）</p>\r\n\r\n<p>4、每一条TCP连接只能是点到点的;UDP支持一对一，一对多，多对一和多对多的交互通信</p>\r\n\r\n<p>5、TCP首部开销20字节;UDP的首部开销小，只有8个字节<br />\r\n6、TCP的逻辑通信信道是全双工的可靠信道，UDP则是不可靠信道<br />\r\n---------------------&nbsp;<br />\r\n作者：longgggggggggggggggg&nbsp;<br />\r\n来源：CSDN&nbsp;<br />\r\n原文：https://blog.csdn.net/longe20111104/article/details/85960590&nbsp;<br />\r\n版权声明：本文为博主原创文章，转载请附上博文链接！</p>\r\n', '2019-03-21 21:13:47', '0', '0', 'TCP和UDP的优缺点及区别', null);
INSERT INTO `sys_moments` VALUES ('306216233026588672', '259998818651738112', '258220956378599424', ' 世界最牛逼的 IDE 支持 Java 了！', '/uploadImages/8fa96c18-c1c6-4b91-94eb-6538f0b2065a_20190319225407404.png', '<p>就在上周，2018 微软技术暨生态大会上，微软全球资深副总裁潘正磊宣布了一个让众多开发者惊喜的消息：Visual Studio可以直接写Java了！</p>\r\n\r\n<p>&nbsp;</p>\r\n\r\n<p>简单说一下，Visual Studio是微软出品的跨平台集成开发环境，支持Windows、Windows 10 UWP、Android、iOS、Web等各种环境的应用开发，被誉为&ldquo;宇宙第一 IDE&rdquo;。</p>\r\n\r\n<p>去年3月份，微软正式发布了Visual Studio 2017，对于开发、调试、测试、写作、扩展等核心功能点都做了加强，包括新的安装体验（减少最小内存需求量、启动提速50%等）、内置iOS模拟器、扩展了C# 7.0、Visual Basic 15等语言支持。</p>\r\n\r\n<p>而本次发布的新服务Visual Studio Live Share，正是潘正磊带领微软开发平台事业部对开发工具进行优化迭代后，为众人带来的&ldquo;礼物&rdquo;。作为全球范围内广受欢迎的 IDE，如今这项功能不仅能实现实时交流，还可以协调开发者同时编写、更改、调试代码。在这个过程中，你并不需要安装任何的 Java JDK 运行环境。</p>\r\n\r\n<p>不仅如此，Live Share 还带有跟随功能，你甚至可以看到你同事的所有动作，还原出来他每一步到底浏览了哪些代码和函数。同时你还支持他人在你的电脑上启动并且完全控制调试进程。</p>\r\n\r\n<p>visual Studio支持Java背后其实代表着微软的开放战略，除了支持Java还支持python等语言。</p>\r\n\r\n<p>其实微软早已不是那个垄断、自大的帝国，经历了移动端的失利之后，微软压住云计算逆势崛起，多年积累的技术底蕴和To B的经验完全发挥了出来，微软重回世界前五的互联网公司，有望突破万亿市值。</p>\r\n\r\n<p>微软的开放体现在方方面面，可以说是开源第一的互联网公司。</p>\r\n\r\n<p>不管怎样，对于开发者来说这都是个很好的消息。关于微软近期的一些消息，你有什么看法？</p>\r\n\r\n<p>这里是开发者交流聚集地，欢迎加入我们一起技术分享，互相交流！</p>\r\n\r\n<p>免费交流群：关注本公众号，在公众号回复 &ldquo;交流 &rdquo;</p>\r\n\r\n<p>&nbsp;</p>\r\n\r\n<p>更多干货，扫码关注<br />\r\n---------------------&nbsp;<br />\r\n作者：Java头条&nbsp;<br />\r\n来源：CSDN&nbsp;<br />\r\n原文：https://blog.csdn.net/ITchoose/article/details/88676330&nbsp;<br />\r\n版权声明：本文为博主原创文章，转载请附上博文链接！</p>\r\n', '2019-03-21 21:15:04', '0', '0', ' 世界最牛逼的 IDE 支持 Java 了！', null);
INSERT INTO `sys_moments` VALUES ('306216526124552192', '259998818651738112', '258220956378599424', '看似简单的hashCode和equals面试题，竟然有这么多坑！', '/uploadImages/8ef418f4-335c-447c-bd7c-23a50169d66a_20190303142858567.png', '<p>版权声明：本文为博主原创文章，未经博主允许不得转载。 https://blog.csdn.net/u010870518/article/details/88087963</p>\r\n\r\n<p>&nbsp;</p>\r\n\r\n<p>&nbsp;</p>\r\n\r\n<p>作者：徐刘根，大家都喊我根哥！</p>\r\n\r\n<p>&nbsp;</p>\r\n\r\n<p>hashCode()方法和equals()区别与联系这到面试题，看似简单，根据以往面试星友的情况来说，绝大部分人都不能很好的回答出来，要么没有逻辑，想到一句就说一句，要么抓不住重点，答非所问。从这个很小的面试题上我们就可以看出来，对于任何一个面试题来说，都是要清晰有条理的回答。那么如何才能回答到点子上并且让面试官觉得你的逻辑清晰哪？</p>\r\n\r\n<p>&nbsp;</p>\r\n\r\n<p>首先，我们要介绍hashCode()和equals()方法的作用是是什么，然后才说他的区别，说了区别之后再说使用的时候需要注意到的地方，这样的回答思路基本是OK的，如果你在了解一些其他人不知道的那就更好了！下边我们就开始介绍：</p>\r\n\r\n<p>&nbsp;</p>\r\n\r\n<p>一、hashCode()和equals()是什么？</p>\r\n\r\n<p>hashCode()方法和equals()方法的作用其实一样，在Java里都是用来对比两个对象是否相等一致。</p>\r\n\r\n<p>&nbsp;</p>\r\n\r\n<p>二、hashCode()和equals()的区别</p>\r\n\r\n<p>下边从两个角度介绍了他们的区别：一个是性能，一个是可靠性。他们之间的主要区别也基本体现在这里。</p>\r\n\r\n<p>&nbsp;</p>\r\n\r\n<p>1、equals()既然已经能实现对比的功能了，为什么还要hashCode()呢？</p>\r\n\r\n<p>&nbsp;</p>\r\n\r\n<p>因为重写的equals（）里一般比较的比较全面比较复杂，这样效率就比较低，而利用hashCode()进行对比，则只要生成一个hash值进行比较就可以了，效率很高。</p>\r\n\r\n<p>&nbsp;</p>\r\n\r\n<p>2、hashCode()既然效率这么高为什么还要equals()呢？</p>\r\n\r\n<p>&nbsp;</p>\r\n\r\n<p>因为hashCode()并不是完全可靠，有时候不同的对象他们生成的hashcode也会一样（生成hash值得公式可能存在的问题），所以hashCode()只能说是大部分时候可靠，并不是绝对可靠，所以我们可以得出（PS：以下两条结论是重点，很多人面试的时候都说不出来）：</p>\r\n\r\n<p>&nbsp;</p>\r\n\r\n<p>equals()相等的两个对象他们的hashCode()肯定相等，也就是用equals()对比是绝对可靠的。</p>\r\n\r\n<p>&nbsp;</p>\r\n\r\n<p>hashCode()相等的两个对象他们的equals()不一定相等，也就是hashCode()不是绝对可靠的。</p>\r\n\r\n<p>&nbsp;</p>\r\n\r\n<p>三、hashCode()和equals()使用的注意事项</p>\r\n\r\n<p>1、对于需要大量并且快速的对比的话如果都用equals()去做显然效率太低，所以解决方式是，每当需要对比的时候，首先用hashCode()去对比，如果hashCode()不一样，则表示这两个对象肯定不相等（也就是不必再用equals()去再对比了）,如果hashCode()相同，此时再对比他们的equals()，如果equals()也相同，则表示这两个对象是真的相同了，这样既能大大提高了效率也保证了对比的绝对正确性！</p>\r\n\r\n<p>&nbsp;</p>\r\n\r\n<p>&nbsp;</p>\r\n\r\n<p>&nbsp;</p>\r\n\r\n<p>2、这种大量的并且快速的对象对比一般使用的hash容器中，比如HashSet,HashMap,HashTable等等，比如HashSet里要求对象不能重复，则他内部必然要对添加进去的每个对象进行对比，而他的对比规则就是像上面说的那样，先hashCode()，如果hashCode()相同，再用equals()验证，如果hashCode()都不同，则肯定不同，这样对比的效率就很高了。</p>\r\n\r\n<p>&nbsp;</p>\r\n\r\n<p>3、然而hashCode()和equals()一样都是基本类Object里的方法，而和equals()一样，Object里hashCode()里面只是返回当前对象的地址，如果是这样的话，那么我们相同的一个类，new两个对象，由于他们在内存里的地址不同，则他们的hashCode（）不同，所以这显然不是我们想要的，所以我们必须重写我们类的hashCode()方法，即一个类，在hashCode()里面返回唯一的一个hash值，比如下面：</p>\r\n\r\n<p>&nbsp;</p>\r\n\r\n<p>&nbsp;</p>\r\n\r\n<p>&nbsp;</p>\r\n\r\n<p>由于标识这个类的是他的内部的变量num和name,所以我们就根据他们返回一个hash值，作为这个类的唯一hash值。</p>\r\n\r\n<p>&nbsp;</p>\r\n\r\n<p>所以如果我们的对象要想放进hashSet，并且发挥hashSet的特性（即不包含一样的对象），则我们就要重写我们类的hashCode()和equals()方法了。像String,Integer等这种类内部都已经重写了这两个方法。</p>\r\n\r\n<p>&nbsp;</p>\r\n\r\n<p>当然如果我们只是平时想对比两个对象 是否一致，则只重写一个equals()，然后利用equals()去对比也行的。</p>\r\n\r\n<p>&nbsp;</p>\r\n\r\n<p>四、扩展</p>\r\n\r\n<p>1、阿里巴巴开发规范明确规定：</p>\r\n\r\n<p>&nbsp;</p>\r\n\r\n<p>&nbsp;</p>\r\n\r\n<p>&nbsp;</p>\r\n\r\n<p>只要重写 equals，就必须重写 hashCode；</p>\r\n\r\n<p>&nbsp;</p>\r\n\r\n<p>因为 Set 存储的是不重复的对象，依据 hashCode 和 equals 进行判断，所以 Set 存储的对象必须重写这两个方法；</p>\r\n\r\n<p>&nbsp;</p>\r\n\r\n<p>如果自定义对象做为 Map 的键，那么必须重写 hashCode 和 equals；</p>\r\n\r\n<p>&nbsp;</p>\r\n\r\n<p>String 重写了 hashCode 和 equals 方法，所以我们可以非常愉快地使用 String 对象作为 key 来使用；</p>\r\n\r\n<p>&nbsp;</p>\r\n\r\n<p>2、什么时候需要重写？</p>\r\n\r\n<p>&nbsp;</p>\r\n\r\n<p>一般的地方不需要重载hashCode，只有当类需要放在HashTable、HashMap、HashSet等等hash结构的集合时才会重载hashCode。</p>\r\n\r\n<p>&nbsp;</p>\r\n\r\n<p>3、那么为什么要重载hashCode呢？</p>\r\n\r\n<p>&nbsp;</p>\r\n\r\n<p>如果你重写了equals，比如说是基于对象的内容实现的，而保留hashCode的实现不变，那么很可能某两个对象明明是&ldquo;相等&rdquo;，而hashCode却不一样。</p>\r\n\r\n<p>&nbsp;</p>\r\n\r\n<p>这样，当你用其中的一个作为键保存到hashMap、hasoTable或hashSet中，再以&ldquo;相等的&rdquo;找另一个作为键值去查找他们的时候，则根本找不到。</p>\r\n\r\n<p>&nbsp;</p>\r\n\r\n<p>4、为什么equals()相等，hashCode就一定要相等，而hashCode相等，却不要求equals相等?</p>\r\n\r\n<p>&nbsp;</p>\r\n\r\n<p>因为是按照hashCode来访问小内存块，所以hashCode必须相等。</p>\r\n\r\n<p>&nbsp;</p>\r\n\r\n<p>HashMap获取一个对象是比较key的hashCode相等和equals为true。</p>\r\n\r\n<p>&nbsp;</p>\r\n\r\n<p>之所以hashCode相等，却可以equal不等，就比如ObjectA和ObjectB他们都有属性name，那么hashCode都以name计算，所以hashCode一样，但是两个对象属于不同类型，所以equals为false。</p>\r\n\r\n<p>&nbsp;</p>\r\n\r\n<p>5、为什么需要hashCode?</p>\r\n\r\n<p>&nbsp;</p>\r\n\r\n<p>通过hashCode可以很快的查到小内存块。</p>\r\n\r\n<p>&nbsp;</p>\r\n\r\n<p>通过hashCode比较比equals方法快，当get时先比较hashCode，如果hashCode不同，直接返回false。</p>\r\n\r\n<p>&nbsp;</p>\r\n\r\n<p>五、总结</p>\r\n\r\n<p>从上边一道简单的面试题我们可以扩展到其他面试题的回答上，首先你要对这个东西明白，然后才能有条理，清晰的给面试官介绍你掌握的内容，描述的过程也是很重要的，不能毫无章法，要游刃有余。这一点相信是很多面试者最吃亏的地方，自己明白的东西都讲不清楚，没有条理！</p>\r\n\r\n<p>&nbsp;</p>\r\n\r\n<p>面试的时候，我们的理想境界大概就是&ldquo;会的东西你能够讲明白，让面试官觉得你对这个东西很有研究；不会的东西你能够说出来，让面试官觉得你对这个东西有了解&rdquo;！为了这个目标，2019年春节过后，我已经给自己立了一个flag，每天有条理、清晰的整理一道面试题，分享到自己的知识星球里边，和大家一起学习交流，帮助大家养成良好的面试问题回答习惯，希望能够靠自己的一点经验给大家带来力所能及的帮助。以上关于hashCode和equals常见的面试题和回答思路也是其中已经整理出来的一道题目。</p>\r\n\r\n<p>&nbsp;</p>\r\n\r\n<p>截至目前，过去的一个多月的时间，已经陆续整理出来了30多道高频的面试题，以往知识星球几乎没有宣传过，2019年诚邀大家一起学习和交流，最近还有一段时间的优惠，有兴趣的可以看一下。（微信扫码即可查看）</p>\r\n\r\n<p>&nbsp;</p>\r\n\r\n<p>&nbsp;</p>\r\n\r\n<p>&nbsp;</p>\r\n\r\n<p>本系列面试题常年更新，拒绝网上的直接搬运，网上大量的其他平台，看似几百道，几千到面试题，但大都是网上搜集的答案，自己只顾着收钱，都不会认真的看一下题目。一方面，正确性有待考量；另一方面，单个知识点毫无关联！使得读者只知其一，不知其二，最后面试的时候如果被深究，坑害的还是自己！我在这里像每一位星友保证，每一道面试题都是由自己精心整理，添加了一些面试的时候一些经验，不仅说明了如何回答这个问题，还进一步介绍了被深究时的一些扩展问题，希望能够实实在在的帮助大家！</p>\r\n\r\n<p>&nbsp;</p>\r\n\r\n<p>另外，星球除了有一些高频面试题的交流外，还有简历指导，模拟面试等很多服务哦！还有很多内部资料！截至目前，已经进行了50+次的建立指导和30+次的模拟面试，小伙伴们抓紧时间过来瞅一下吧！</p>\r\n\r\n<p>---------------------&nbsp;</p>\r\n\r\n<p>作者：徐刘根&nbsp;</p>\r\n\r\n<p>来源：CSDN&nbsp;</p>\r\n\r\n<p>原文：https://blog.csdn.net/xlgen157387/article/details/88087963&nbsp;</p>\r\n\r\n<p>版权声明：本文为博主原创文章，转载请附上博文链接！</p>\r\n', '2019-03-21 21:16:14', '1', '0', '看似简单的hashCode和equals面试题，竟然有这么多坑！', null);
INSERT INTO `sys_moments` VALUES ('306216995878211584', '259998818651738112', '258220956378599424', '用了酒店Wi-Fi，我会被黑吗', '/uploadImages/a40a5521-5b12-4fb0-b47e-ba7f9371df66_14953100-6bf2140f3ca3c6ae.png', '<p>在科技进步如此之快，我们也即将见证5G到来的时代。但在那之前，Wi-Fi依然在我们的生活和工作中扮演着必不可少的角色。尤其是出差或国际旅游时，使用酒店等公共Wi-Fi似乎是我们的不二之选。那么，使用了酒店Wi-Fi，会被黑吗？</p>\r\n\r\n<p><br />\r\n看一看你对公共Wi-Fi的安全防范意识</p>\r\n\r\n<p>设想某一天你在外出差，下榻酒店后需要使用视频会议向公司汇报工作。然后，你打开了电子设备的Wi-Fi功能发现附近有好些个相似的Wi-Fi信号：Hotel_WIFI, Hotel_WiFi，Hotel_Wireless。</p>\r\n\r\n<p>这时会出现以下几种情况：</p>\r\n\r\n<p>从未连接过，选信号强并且不需要密码的Hotel_WIFI</p>\r\n\r\n<p>以前连过这家酒店的Wi-Fi，设备有记录并已经自动连接</p>\r\n\r\n<p>登记的时候看到酒店Wi-Fi号是Hotel_WiFi，并设有密码，和酒店确认后再使用</p>\r\n\r\n<p>选择1：</p>\r\n\r\n<p>经鉴定，Hotel_WIFI是不法分子设置的钓鱼网络，他们通过一些简单的工具设置一个和酒店相似的Wi-Fi来迷惑你，不设密码也是计划之内的。一旦连上这个假网络，你之后的操作可能会带来安全隐患：譬如在使用电子设备的过程中，所有传输的数据都会被截获，设备中存有的敏感信息也有泄漏的风险。小编建议你认真阅读下文。</p>\r\n\r\n<p><br />\r\n选择2：</p>\r\n\r\n<p>叮！你的习惯可能存在一些安全隐患。请把曾经连接过的公共Wi-Fi号都从设备中删除；包括手机，pad以及电脑。建议阅读防&ldquo;黑&rdquo;攻略。</p>\r\n\r\n<p>选择3：</p>\r\n\r\n<p>这是不错的做法，希望你可以分享给周围的小伙伴。</p>\r\n\r\n<p>酒店Wi-Fi</p>\r\n\r\n<p>酒店提供的Wi-Fi通常分为以下几种情况：</p>\r\n\r\n<p>第一种：每个房间使用不同的路由器，这样可以让客户拥有畅快的网速体验。</p>\r\n\r\n<p>第二种：一个楼层一个路由器，一个Wi-Fi账户。</p>\r\n\r\n<p>最后一种：酒店只提供一个Wi-Fi账户，那么它的信号就会相对弱一些。</p>\r\n\r\n<p>相对来讲第一种的安全性能比较有保障。但是，小编想强调的是以上任何一种情况都可能会出现所连Wi-Fi账号不安全的情况，提高自我的安全防范意识是关键。毕竟在酒店或者公共场所因为连接了钓鱼Wi-Fi而泄漏敏感信息，甚至造成财产损失的情况并不少见。</p>\r\n\r\n<p><br />\r\n针对酒店公共Wi-Fi，小编给大家总结了几条防&ldquo;黑&rdquo;攻略：</p>\r\n\r\n<p>当一个酒店出现一个以上相似Wi-Fi时，需谨慎选择。找工作人员确认后连接使用，切勿使用了不法分子搭建的钓鱼Wi-Fi。</p>\r\n\r\n<p>外出旅游或出差时，携带一个小巧便携的路由器兼中继器，不仅能增加Wi-Fi信号，还能提高网络安全性。</p>\r\n\r\n<p>在有4G网可以用的情况下，请尽量使用4G，尤其是在需要网上支付的操作。</p>\r\n\r\n<p>手机移动端Wi-Fi保持关闭状态，只在使用时才打开。不仅省电还可避免在自己不知情的情况下连接上恶意Wi-Fi。因为手机会把连接过的Wi-Fi热点都记录下来，一旦遇到同名的热点就会自动连接。不法分子可以创建同名的热点与你的手机匹配，比如一些使用率较高的咖啡厅Wi-Fi号。</p>\r\n\r\n<p>免费Wi-Fi，用时谨慎，新年小长假快到了，小编祝大家出行安全愉快。</p>\r\n\r\n<p>如果你对信息安全有兴趣或者自己的想法， 欢迎踊跃投稿！！！</p>\r\n\r\n<p>图片均来自网络，侵权删除！</p>\r\n\r\n<p>原创文章，转载请联系作者！<br />\r\n---------------------&nbsp;<br />\r\n作者：weixin_34384557&nbsp;<br />\r\n来源：CSDN&nbsp;<br />\r\n原文：https://blog.csdn.net/weixin_34384557/article/details/87784571&nbsp;<br />\r\n版权声明：本文为博主原创文章，转载请附上博文链接！</p>\r\n', '2019-03-21 21:18:06', '1', '0', '用了酒店Wi-Fi，我会被黑吗', null);
INSERT INTO `sys_moments` VALUES ('306217487786184704', '259998818651738112', '258220956378599424', '淘宝、飞猪、闲鱼都挂了，阿里云却正常？！', '/uploadImages/79e244bc-6509-470b-897d-67c9ac75dff9_p.jpg', '<p><img alt=\"640?wx_fmt=gif\" src=\"https://ss.csdn.net/p?https://mmbiz.qpic.cn/mmbiz_gif/Pn4Sm0RsAug5zOzy32A3RIVhRwowK5ogg1hJ631uGyu9zOMKfTddDnSrsxicbCQNm59Qeo3lDYCvF70I9ibGvA9g/640?wx_fmt=gif\" style=\"margin:0px\" /></p>\r\n\r\n<p><img alt=\"640?wx_fmt=jpeg\" src=\"https://ss.csdn.net/p?https://mmbiz.qpic.cn/mmbiz_jpg/Pn4Sm0RsAujxiccBEpdNHwos6U6AgtKYDHegReM8jlYKEybrG9OG3oZxhPjPEpz4qByiaYvO5CGP83bPeiblg25Iw/640?wx_fmt=jpeg\" style=\"margin:0px\" /></p>\r\n\r\n<blockquote>\r\n<p><strong>国家认证的Python工程师有哪些能力要求？</strong></p>\r\n\r\n<p><strong><a href=\"https://edu.csdn.net/topic/python115?utm_source=csdn_bw\" target=\"_blank\">https://edu.csdn.net/topic/python115?utm_source=csdn_bw</a></strong></p>\r\n</blockquote>\r\n\r\n<p>昨天中午 12：10 左右，位于杭州的不少群众表示，只听窗外一声巨响，同时还感觉整个窗户都在抖动！</p>\r\n\r\n<p>而在今天下午 3:50 左右，据微博多名网友爆料，阿里系多款产品出现崩溃，无法正常运作，其中包括：淘宝、聚划算、天猫、闲鱼、千牛、飞猪......</p>\r\n\r\n<p><img alt=\"640?wx_fmt=jpeg\" src=\"https://ss.csdn.net/p?https://mmbiz.qpic.cn/mmbiz_jpg/Pn4Sm0RsAujWm44Hyia8zRJDD1oSDXDdQiawxlsOiaPQErzM5m57YGYIUqkMico8XSfpKEbSdESLESMWdqNllUrJcA/640?wx_fmt=jpeg\" style=\"margin:0px\" /></p>\r\n\r\n<p><img alt=\"640?wx_fmt=jpeg\" src=\"https://ss.csdn.net/p?https://mmbiz.qpic.cn/mmbiz_jpg/Pn4Sm0RsAujWm44Hyia8zRJDD1oSDXDdQxHIJdjbW1ALrtianicoUQwoU21svDpSnOwUia69Fyyg8icjsOl7InbeTZw/640?wx_fmt=jpeg\" style=\"margin:0px\" /></p>\r\n\r\n<p><img alt=\"640?wx_fmt=jpeg\" src=\"https://ss.csdn.net/p?https://mmbiz.qpic.cn/mmbiz_jpg/Pn4Sm0RsAujWm44Hyia8zRJDD1oSDXDdQY7CDRu4KaqDYAePbgnePPiaagoiaoXGYnaRtfELh7RJSWTiaAaHcBlV5A/640?wx_fmt=jpeg\" style=\"margin:0px\" /></p>\r\n\r\n<p><img alt=\"640?wx_fmt=jpeg\" src=\"https://ss.csdn.net/p?https://mmbiz.qpic.cn/mmbiz_jpg/Pn4Sm0RsAujWm44Hyia8zRJDD1oSDXDdQia8hEnNiaNzkCTIXTYR4IlwWyOicPbVllQ4A7PURPG7XYKUEBGnibc5Qow/640?wx_fmt=jpeg\" style=\"margin:0px\" /></p>\r\n\r\n<p>对此，不少网友称，杭州的巨响让阿里系的产品抖三抖，然后抖崩溃了。</p>\r\n\r\n<p>不过，杭州巨响表示，我不是地震，这个锅我也不背！！！</p>\r\n\r\n<p><img alt=\"640?wx_fmt=png\" src=\"https://ss.csdn.net/p?https://mmbiz.qpic.cn/mmbiz_png/Pn4Sm0RsAujWm44Hyia8zRJDD1oSDXDdQoicJEq9NW9uAetZOtCMBVYJStTybKcCibuibmnvVau1zGC2Cq0G2ZFkDg/640?wx_fmt=png\" style=\"margin:0px\" /></p>\r\n\r\n<p>而后，据凤凰网科技报道，据小道消息称，该 Bug 是程序猿退格的时候多删了一行代码。。。。</p>\r\n\r\n<p><img alt=\"640?wx_fmt=png\" src=\"https://ss.csdn.net/p?https://mmbiz.qpic.cn/mmbiz_png/Pn4Sm0RsAujWm44Hyia8zRJDD1oSDXDdQYaLHfJHW1s0CHG2CeeqXicDzM3VN8TwHDqAAIqkic99mww8v6EPHZf0w/640?wx_fmt=png\" style=\"margin:0px\" /></p>\r\n\r\n<p>不过也有网友提出质疑，如果是多删了一行代码，开发环境理应报错，而不是直接得以成功提交代码，让 App 崩溃。</p>\r\n\r\n<p><img alt=\"640?wx_fmt=png\" src=\"https://ss.csdn.net/p?https://mmbiz.qpic.cn/mmbiz_png/Pn4Sm0RsAujWm44Hyia8zRJDD1oSDXDdQR8ekSd2lUoypt48XWmuxPHjD5QKUrtKETqraibdEjSibiam89fZLfbMBw/640?wx_fmt=png\" style=\"margin:0px\" /></p>\r\n\r\n<p>难道此次程序员这次又要背锅了？要想到阿里系数十款产品全网崩，一个程序员恐怕不够&ldquo;祭天&rdquo;的。</p>\r\n\r\n<p>不过也好在阿里的程序员们均熟练地接住了这个锅，并修复了 Bug。截止目前，淘宝、飞猪均在微博上正面回应：修好了。</p>\r\n\r\n<p><img alt=\"640?wx_fmt=png\" src=\"https://ss.csdn.net/p?https://mmbiz.qpic.cn/mmbiz_png/Pn4Sm0RsAujWm44Hyia8zRJDD1oSDXDdQY9yKC46qB5Q9oy0NyW6WHy3p8Te4lXfiaNAuu9NMTB0CmH2y4AUzWwQ/640?wx_fmt=png\" style=\"margin:0px\" /></p>\r\n\r\n<p><img alt=\"640?wx_fmt=png\" src=\"https://ss.csdn.net/p?https://mmbiz.qpic.cn/mmbiz_png/Pn4Sm0RsAujWm44Hyia8zRJDD1oSDXDdQc37RnFtNRBeVGSlj27OsSeEianrEcIwg7DDTwjMugHtjQ07fq068kRg/640?wx_fmt=png\" style=\"margin:0px\" /></p>\r\n\r\n<p>整体而言，此次的 Bug 仅存在半个小时不到的时间，可以说阿里程序员的效率已足够高，不过即使如此，作为国内的电商巨头，App 的短暂崩溃带来的影响也足够大，引发诸多网友吐槽：</p>\r\n\r\n<p><img alt=\"640?wx_fmt=png\" src=\"https://ss.csdn.net/p?https://mmbiz.qpic.cn/mmbiz_png/Pn4Sm0RsAujWm44Hyia8zRJDD1oSDXDdQVYFSvzHYIummo5ibEVOBibqUibq6P0pBcjkZQHdzVSbIG9qttJOMaapicw/640?wx_fmt=png\" style=\"margin:0px\" /></p>\r\n\r\n<p>而基于此次阿里系产品崩溃事件，也让不少网友发现一件令人惊讶的事情，即在本次阿里系产品处于&ldquo;水深火热&rdquo;之际，阿里云却&ldquo;纹丝不动&rdquo;，并未有呈现任何的异常，有许多人发问：&ldquo;这是不是意味着阿里系产品并未使用阿里云服务？&rdquo;</p>\r\n\r\n<p>对此，你怎么看？</p>\r\n', '2019-03-21 21:20:03', '0', '0', '淘宝、飞猪、闲鱼都挂了，阿里云却正常？！', null);
INSERT INTO `sys_moments` VALUES ('306217800593182720', '259998818651738112', '258220956378599424', '【RPC高性能框架总结】7.手写rpc框架-整体设计思路', '/uploadImages/bf2448d6-c80b-4ebd-b7bd-e40948516db5_20190309192719661.png', '<p>接上一篇《6.高性能nio框架netty(下)》<br />\r\n根据我们之前的对于RPC框架的基础介绍，NIO的理解以及Netty的学习，为下面自定义一个RPC框架的编写打下了基础。后面我们就来根据之前学习的RPC相关知识，使用Netty自己动手编写一个RPC框架。</p>\r\n\r\n<p>一、设计思路<br />\r\n本篇我们来了解一下轻量级RPC框架的需求分析以及原理分析。<br />\r\n我们要设计的RPC框架的基本机构如下图：</p>\r\n\r\n<p>该图从宏观上来看，下面一层是我们的应用程序层，上面一层是我们将要开发的框架。<br />\r\n在应用层客户端rpc-sample-app(client)，需要调用远端(server)的业务实现方法，远端由业务服务rpc-sample-server提供业务的实现方法。<br />\r\n1.客户端<br />\r\n在应用层客户端rpc-sample-app中，首先创建代理类的对象，获取接口对象，然后调用接口方法，就好像是直接调用本地类一样，来调用远端的服务，例如：<br />\r\nUserService userService = rpcProxy.create(UserService.class);<br />\r\nUser user = userService.getUserById(1);<br />\r\n而这其中的&ldquo;Proxy&rdquo;代理类实现了Netty的client，封装请求至request，然后发送到server，接受server返回的结果，然后将结果返回到client，代理接口直接返回结果。<br />\r\n上面的一系列操作，客户是感觉不到的，只需要一个注解之类的东西，将代理类接口注入，直接使用，像是直接调用了本地编写的UserService一样。</p>\r\n\r\n<p>2.中间层<br />\r\n数据在发出以及在接收的时候，需要进行编码和解码，此时就需要一个中间层来对即将要发送方的信息(调用接口的参数)编码，将收到的信息(调用接口的返回值)进行解码。</p>\r\n\r\n<p>3.服务端<br />\r\n在服务端的信息处理框架层， 实现了Netty的Server端，接收client的request信息，解析信息，通过反射的方式调用本地实现的接口方法，获取返回值。最后将返回值发送给Netty的client端。<br />\r\n调用上面框架的应用层，只需要实现接口中的方法，处理具体业务即可，无需关心远程调用的过程。对外暴露服务只需要启动Netty的Server即可。</p>\r\n\r\n<p>4.注册中心<br />\r\n我们可能同时有许多服务提供端，也有许多服务接口和调用的方法名，这些都需要一个类似房屋中介的机制来进行托管，以便于管理服务获取与暴露，以及合理分配资源，做客户端与服务端连接的桥梁。</p>\r\n\r\n<p>二、代码实现思路<br />\r\n下面我们以黄勇老师的轻量级RPC工程作为分析案例，来详细了解如何手写RPC功能。<br />\r\n源码地址：http://git.oschina.net/huangyong/rpc（作者：黄勇）<br />\r\n该样例包含了以下几个工程：<br />\r\n(1)rpc-client<br />\r\n实现了rpc的服务动态代理(RpcProxy)以及基于Netty封装的一个客户端网络层(RpcClient)<br />\r\n(2)rpc-common<br />\r\n封装了RpcRequest和RpcResponse，即rpc请求和响应的数据结构<br />\r\n基于Netty提供了编解码器<br />\r\n提供了序列化反序列化等工具<br />\r\n(3)rpc-registry<br />\r\n提供了服务发现和注册接口<br />\r\n(4)rpc-registry-zookeeper<br />\r\n基于zookeeper的服务发现和注册接口<br />\r\n(5)rpc-server<br />\r\nrpc服务器(RpcServer)的实现，用来监听rpc请求以及向Zookeeper注册服务地址<br />\r\nrpc服务本地调用<br />\r\n(6)rpc-sample-api<br />\r\nrpc测试公共api服务接口<br />\r\n(7)rpc-sample-client<br />\r\nrpc测试客户端<br />\r\n(8)rpc-sample-server<br />\r\nrpc测试服务启动程序和服务实现<br />\r\n其中rpc-client、rpc-common、rpc-registry/rpc-registry-zookeeper、rpc-server为框架的实现部分，剩下的rpc-sample-api、rpc-sample-client、rpc-sample-server为调用框架的业务工程。</p>\r\n\r\n<p>这些工程之间的调用关系图如下：</p>\r\n\r\n<p>我们可以看到：<br />\r\n在框架层，rpc-client工程实现了Netty的客户端，封装请求至request，然后发送到server。而rpc-server工程实现了Netty的服务端，接收client的request信息，解析信息。然后两者需要连接注册中心，获取和暴露服务，所以需要连接rpc-registry注册中心实现模块。然后rpc-client和rpc-server的编码和解码由rpc-common实现。<br />\r\n在应用层，开发者只需要开发一个rpc-sample-client客户端，调用远程服务方法，然后开发一个rpc-sample-server服务端，实现暴露给其它应用的业务类方法的具体实现。两个工程均依赖rpc-sample-api工程定义的api服务接口规范进行服务的开发。同时rpc-sample-client和rpc-sample-server会接入rpc-client和rpc-server来实现远程服务调用和暴露的具体交互逻辑。</p>\r\n\r\n<p>后面的博文，将按照上面的思路，从零开始手写RPC框架，按照服务端和客户端分别逐步讲解。</p>\r\n\r\n<p><br />\r\n参考：<br />\r\nhttp://www.blogjava.net/landon/archive/2017/02/13/432304.html<br />\r\nhttps://my.oschina.net/huangyong/blog/361751<br />\r\n传智播客《2017零基础大数据》教学视频</p>\r\n\r\n<p>转载请注明出处：https://blog.csdn.net/acmman/article/details/88370184<br />\r\n---------------------&nbsp;<br />\r\n作者：光仔December&nbsp;<br />\r\n来源：CSDN&nbsp;<br />\r\n原文：https://blog.csdn.net/acmman/article/details/88370184&nbsp;<br />\r\n版权声明：本文为博主原创文章，转载请附上博文链接！</p>\r\n', '2019-03-21 21:21:18', '1', '0', '【RPC高性能框架总结】7.手写rpc框架-整体设计思路', null);
INSERT INTO `sys_moments` VALUES ('306218096320974848', '259998818651738112', '258220956378599424', ' 为什么即使现在生意不太好做，还是有一批批的人开始做生意？', '/uploadImages/7fd958f3-e3f7-463a-89ec-1b843466a6c8_da62000d9501de2eba65.jpg', '<p>在现在的21世纪，生意的确不像以前那么好做的了，在以前，你只需要有资本，肯坚持做，你是可以成功的，但是现在想做好生意不是说坚持，有资本你就可以成功，现在大部分行业都是被垄断了。如果你是一个门外汗，就一头闯进一个行业想有所作为，可能说句不好听的你这是班门弄斧，正所谓隔行如隔山这不是没有道理的，如果生意那么好做这世界就不会有穷人了。</p>\r\n\r\n<p>&nbsp;</p>\r\n\r\n<p>再说说为什么有一批又一批的人去做生意，首先我要澄清的是，你这所指的一批可能是大部分人中的很少一部分，其实现在不是全民创业时代的巅峰了，现在绝大部分的人都是想着打工过着踏踏实实的生活，为什么呢，因为创业成本太高了。一个人想创业成功，不仅需要天时地利人和，你还需要有远见，不仅如此，你更需要遇到懂得欣赏你的伯乐。</p>\r\n\r\n<p>&nbsp;</p>\r\n\r\n<p>我们可以看前几年很火的共享行业，当时自从共享汽车一经推出，风靡全国，而最出名的无非就是MObike OFO 还有小蓝单车，但是现在呢，两个破产清算，一个只能靠着腾讯这个大腿死死撑着，共享汽车行业的没落让我们认识到，共享是一个很好的想法，但是对于现在的中国还是太早了，实话实话，如今中国绝大部分人的素质还是很好的，但是就有那么一小部分人的占有欲太强，总觉得东西是自己的，所以我们经常在街道上可以看到很多被私有化的单车，还有遭到蓄意破坏的单车，这无时无刻在反映我们的整体国民素质。根据报道，OFO的共享单车损坏率达到惊人的59%，而且有一半以上是不可逆转的破坏。</p>\r\n\r\n<p>&nbsp;</p>\r\n\r\n<p>好了，我们回归正题，为什么还是有很多人想创业，其实很多人心中都有一份倔强，特别是年轻人，总想着拥有自己的一份事业，所以在有一定的资本后都会蠢蠢欲动，谁都不想一辈子打工，而且有些人创业是受很多影响的，有身边朋友呀，有家庭啊，一般自己创业的家庭的子女很少打工的，大部分都会出来尝试创业，而且做生意意味着你收入有无限可能，时间自由安排，不用受上司的气，能自己发挥出自己的想法，所以现在很多有想法的人都会出来尝试创业。但是创业也是要看头脑的，你要有和别人与众不同的想法这样会更容易成功，最后，我也希望所有出来创业的人，祝你们新的一年事业顺顺利利，恭喜发财，创业的艰辛只有自己能懂，我也希望所有的创业者能坚持下去，敢于突破。</p>\r\n\r\n<p>---------------------&nbsp;</p>\r\n\r\n<p>作者：zzqq12345&nbsp;</p>\r\n\r\n<p>来源：CSDN&nbsp;</p>\r\n\r\n<p>原文：https://blog.csdn.net/zzqq12345/article/details/88111265&nbsp;</p>\r\n\r\n<p>版权声明：本文为博主原创文章，转载请附上博文链接！</p>\r\n', '2019-03-21 21:22:29', '1', '0', ' 为什么即使现在生意不太好做，还是有一批批的人开始做生意？', null);
INSERT INTO `sys_moments` VALUES ('306220423836733440', '306218396192739328', '258220956378599424', '详解 TensorFlow 2.0 的符号式 API 和命令式 API', '/uploadImages/854c0126-8fac-47c8-8e68-8b7eb82c966c_5c516ec5386b1.png', '<p>日前，Josh Gordon 在 TensorFlow 官网上发布了一篇博客，详细介绍了符号式 API（symbolic API）和命令式 API（imperative API），并详细介绍了两种样式各自的优点和局限性，以及各自适用于哪些场景。雷锋网 AI 科技评论编译如下。</p>\r\n\r\n<p>&nbsp;</p>\r\n\r\n<p>TensorFlow 2.0 中，我最喜欢的一点就是它提供了多个抽象化（abstraction）级别，让你可以根据自己的项目，挑选出最适合的级别。本文中，我将解读如何权衡创建神经网络的两种样式：</p>\r\n\r\n<p>&nbsp;</p>\r\n\r\n<p>第一种是符号式（symbolic），即你通过操作层次图来创建模型；</p>\r\n\r\n<p>&nbsp;</p>\r\n\r\n<p>第二种是一种命令式（imperative），即你通过扩展类来创建模型。</p>\r\n\r\n<p>&nbsp;</p>\r\n\r\n<p>除了介绍这两种样式，我还会分享关于重要设计和适用性方面需要注意的事项，并在文章最后给大家提供一些有助于选择正确样式的建议。</p>\r\n\r\n<p>&nbsp;</p>\r\n\r\n<p>&nbsp;符号式（Symbolic）API</p>\r\n\r\n<p>&nbsp;</p>\r\n\r\n<p>符号式 API，也称作声明式（Declarative） API。</p>\r\n\r\n<p>&nbsp;</p>\r\n\r\n<p>当我们想到一个神经网络时，我们通常会将心智模型（mental model）用如下图所示的「层次图」来表示：</p>\r\n\r\n<p>&nbsp;</p>\r\n\r\n<p>&nbsp;</p>\r\n\r\n<p>&nbsp;</p>\r\n\r\n<p>当我们想到一个神经网络时，我们通常会将心智模型（mental model）用「层次图」来表示（图像是 Inception-ResNet 的图式）</p>\r\n\r\n<p>&nbsp;</p>\r\n\r\n<p>该图可以是有向无环图（DAG），如左边所示；也可以是堆栈图（stack），如右边所示。当我们用符号来创建模型，我们通过对该图的架构进行描述来创建。虽然这个操作听起来带有技术性，但是如果你曾经使用过 Keras 的话，就会惊讶地发现你已经拥有了相关的经验。这里有一个关于用符号来创建模型的简单示例，这个示例中使用的是 Keras 的 Sequential API。</p>\r\n\r\n<p>&nbsp;</p>\r\n\r\n<p>&nbsp;</p>\r\n\r\n<p>&nbsp;</p>\r\n\r\n<p>使用 Keras 的 Sequential API 符号式地创建神经网络。你可以点击这里运行这个示例。</p>\r\n\r\n<p>&nbsp;</p>\r\n\r\n<p>在上面这个示例中，我们定义了一个堆栈（a stack of layers），然后使用内置的训练循环（training loop）&mdash;&mdash;model.fit 来对它进行训练。</p>\r\n\r\n<p>&nbsp;</p>\r\n\r\n<p>使用 Keras 创建模型感觉与「把乐高积木拼装在一起」一样简单。为什么这么说？除了匹配心智模型，针对后面将介绍到的技术原因，由于框架能够提供详细错误，使用这种方法来创建模型能够轻易地排除故障。</p>\r\n\r\n<p>&nbsp;</p>\r\n\r\n<p>&nbsp;</p>\r\n\r\n<p>&nbsp;</p>\r\n\r\n<p>该图展示了通过上述代码创建的模型（使用plot_model创建，你在本文的下一个示例中可以重用该代码片段）</p>\r\n\r\n<p>&nbsp;</p>\r\n\r\n<p>TensorFlow 2.0 还提供了另一个符号式 API ：Keras Functional。Sequential 是针对堆栈图的 API；而 Functional，如你所想，是针对 DAG 的 API。</p>\r\n\r\n<p>&nbsp;</p>\r\n\r\n<p>&nbsp;</p>\r\n\r\n<p>&nbsp;</p>\r\n\r\n<p>使用 Functional API 创建多输入/多输出模型。</p>\r\n\r\n<p>&nbsp;</p>\r\n\r\n<p>Functional API 是一种创建更灵活的模型的方法，可以操作非线性拓扑、共享层的模型以及有多个输入或输出的模型。一般来说，Functional API 是一个用来创建这些层次图的工具集，我们现在也正在为大家准备一些新教程，来教大家使用这些 API。</p>\r\n\r\n<p>&nbsp;</p>\r\n\r\n<p>另外也有一些其他的符号式 API，这些 API 你们可能也使用过。例如，TensorFlow v1 (及 Theano) 提供了一个层级更低得多的 API。当进行编译并执行时，你可以通过设计一个 ops 图来创建模型。有时候，使用这种 API 可能会让你感觉像是在与一个编译器进行直接的互动。对于很多人（包括作者）来说，该 API 是比较难使用的。</p>\r\n\r\n<p>&nbsp;</p>\r\n\r\n<p>相比之下，使用 Keras 的 Functional API，抽象化级别可以匹配心智模型：像乐高拼图一样将层次图拼接起来。这种 API 使用起来感觉会比较自然，它也是我们在 TensorFlow 2.0 中进行标准化的模型创建方法之一。接下来我将介绍另一种 API 样式（同时，这种样式你也可能使用过，或者你可能不久后会尝试这种 API）。</p>\r\n\r\n<p>&nbsp;</p>\r\n\r\n<p>命令式（Imperative）API</p>\r\n\r\n<p>命令式 API，也称作模型子类化（Model Subclassing） API。</p>\r\n\r\n<p>&nbsp;</p>\r\n\r\n<p>在命令式 API 中，你要像编写 NumPy 一样编写模型。用这种 API 创建模型感觉像是在开发面向对象的 Python。这里有一个关于子类化模型的简单示例：</p>\r\n\r\n<p>&nbsp;</p>\r\n\r\n<p>&nbsp;</p>\r\n\r\n<p>&nbsp;</p>\r\n\r\n<p>使用命令式 API 为一个有文字说明的图片创建模型（注意：该示例目前正在更新）。</p>\r\n\r\n<p>&nbsp;</p>\r\n\r\n<p>从一个开发者的角度，它工作的方法就是扩展由框架定义的模型类别，将模型中的层实例化，然后命令式地编写下模型的正向传递（forward pass），而反向传递（backward pass）是自动生成的。</p>\r\n\r\n<p>&nbsp;</p>\r\n\r\n<p>TensorFlow 2.0 支持使用现成的 Keras 的子类化 API 来创建模型。与 Sequential API 和 Functional API 一样，它也是使用 TensorFlow 2.0 创建模型时推荐使用的方法之一。</p>\r\n\r\n<p>&nbsp;</p>\r\n\r\n<p>虽然这种方法在 TensorFlow 来说还比较新，但是你会惊讶地发现早在 2015 年 Chainer 就对它进行了介绍（时光飞逝！）自那以后，许多框架都采用了相似的方法，包括 Gluon、PyTorch 和 TensorFlow (以及 Keras Subclassing)。令人惊讶地是，在不同的框架中使用这种样式所编写的代码看上去非常相似，研究者可能都难以分清哪些代码是哪个框架的！</p>\r\n\r\n<p>&nbsp;</p>\r\n\r\n<p>这种样式能给开发人员带来巨大的灵活性，不过也会带来一些不明显的适用性和维护成本。稍后我们会更详细地讨论这一点。</p>\r\n\r\n<p>&nbsp;</p>\r\n\r\n<p>训练循环（Training Lloop）</p>\r\n\r\n<p>自定义的模型无论是使用 Sequential API、Functional API 还是使用子类化样式，都可以用两种方式进行训练：</p>\r\n\r\n<p>&nbsp;</p>\r\n\r\n<p>一种是使用内建的训练路径和损失函数（第一个示例讲到的，我们使用的是 model.fit 和 model.compile）；</p>\r\n\r\n<p>&nbsp;</p>\r\n\r\n<p>另一种是定制更复杂的训练循环（例如，当你想要自行编写梯度裁剪代码时）或损失函数，你可以按照以下方法轻易实现：</p>\r\n\r\n<p>&nbsp;</p>\r\n\r\n<p>&nbsp;</p>\r\n\r\n<p>&nbsp;</p>\r\n\r\n<p>为 Pix2Pix 定制训练循环和损失函数的示例</p>\r\n\r\n<p>&nbsp;</p>\r\n\r\n<p>将这些方法对外开放是非常重要的，使用它们来降低代码复杂性以及维护成本都非常方便。一般而言，如果增加复杂度是有帮助的，那你就增加并将其利用起来；没必要的话，就直接使用内建的方法，将你的时间更多地花在你的研究或者项目上。</p>\r\n\r\n<p>&nbsp;</p>\r\n\r\n<p>既然我们已经对符号式 API 和命令式 API 都建立起了认知，接下来就让我们看一下两者各自的优劣势。</p>\r\n\r\n<p>&nbsp;</p>\r\n\r\n<p>符号式 API 的优势和局限性</p>\r\n\r\n<p>优势</p>\r\n\r\n<p>&nbsp;</p>\r\n\r\n<p>使用符号式 API 创建的模型，就是一个类似图形的数据架构，这就意味着你的模型可以接受监测或者进行汇总。</p>\r\n\r\n<p>&nbsp;</p>\r\n\r\n<p>你可以将模型当成图像来为其绘制图表（使用 keras.utils.plot_model）；或者简单地使用 model.summary() 来呈现层、权重以及形状的描述。</p>\r\n\r\n<p>&nbsp;</p>\r\n\r\n<p>同样地，在将层拼接在一起时，开发库的设计者可以运行扩展的层兼容性检查（在创建模型时和执行模型之前）。</p>\r\n\r\n<p>&nbsp;</p>\r\n\r\n<p>这类似于在编译器中进行类型检查，可以极大地减少开发者的错误。</p>\r\n\r\n<p>&nbsp;</p>\r\n\r\n<p>大多数的故障排除都会在模型自定义阶段而不是执行期间进行。你可以保障所有编译的模型都能正常运行，这也加速了迭代，并让故障排除变得更简单。</p>\r\n\r\n<p>&nbsp;</p>\r\n\r\n<p>符号式模型提供了一个一致的 API，这就使得这些模型的重复使用和共享变得简单。例如，在迁移学习中，你可以访问中间层的神经元，从而从现有的神经元中创建新的模型，就像这样：</p>\r\n\r\n<p>&nbsp;</p>\r\n\r\n<p>&nbsp;</p>\r\n\r\n<p>&nbsp;</p>\r\n\r\n<p>符号式模型由可自然地进行复制和克隆的数据架构进行定义。</p>\r\n\r\n<p>&nbsp;</p>\r\n\r\n<p>例如，Sequential API 和 Functional API 可以提供 model.get_config()，model.to_json()，model.save()，clone_model(model)，同时仅凭借数据架构就能够重新创建同样地模型（而不需要访问用来定义和训练模型的原始代码）。</p>\r\n\r\n<p>&nbsp;</p>\r\n\r\n<p>虽然精心设计的 API 应该跟神经网络的心智模型匹配，但是跟我们作为一个程序员所有的心智模型进行匹配也同样重要。对于我们大多数程序员来说，这种心智模型就是命令式的编程样式。在符号式 API 中，你操作「声明式的张量」（这些张量是没有值的）来创建图表。Keras 的 Sequential API 和 Functional API「感觉像」命令性的，它们是在开发者没有意识到他们在用符号定义模型的情况下被设计出来的。</p>\r\n\r\n<p>&nbsp;</p>\r\n\r\n<p>局限性</p>\r\n\r\n<p>符号式 API 的当前一代，可以很好地适用于有向无环图的模型创建，这可以满足绝大多数实际应用的需要，然而现在也有一些特例无法匹配这个简洁的抽象化，例如，树形循环神经网络和递归神经网络等动态网络。</p>\r\n\r\n<p>&nbsp;</p>\r\n\r\n<p>这也是为什么 TensorFlow 要同时还提供命令式的模型创建 API 样式（上文中提到的子类化 API）。无论是使用 Sequential API 还是 Functional API，你都会用到所有熟悉的层、初始化器以及优化器。同时，这两类 API 是完全互操作的，因此你可以混合并且搭配两者使用（例如将一种模型嵌套到另一种模型中）。你可以采用一个符号式模型并在子类化模型中将它用作层，反之亦然。</p>\r\n\r\n<p>&nbsp;</p>\r\n\r\n<p>命令式 API 的优势和局限性</p>\r\n\r\n<p>优势</p>\r\n\r\n<p>&nbsp;</p>\r\n\r\n<p>正向传递（forward pass）以命令式的方法编写，这就使得用自己的实现来替换掉通过开发库实现的部分（例如一层、一个神经元后者一个损失函数）变得很容易。这种方式的编程也非常自然，并且是深入了解深度学习的基本要点的不错的方法。</p>\r\n\r\n<p>&nbsp;</p>\r\n\r\n<p>这也让你快速地尝试新想法变得很容易（深度学习开发工作流会变得与面向对象的 Python 一样），同时对于研究人员来说尤其有帮助。</p>\r\n\r\n<p>&nbsp;</p>\r\n\r\n<p>也可以很轻易地使用 Python 指定模型正向传递中的任意控制流。</p>\r\n\r\n<p>&nbsp;</p>\r\n\r\n<p>命令式 API 给予了你最大的灵活性，但同时也要付出代价。我喜欢用这种样式来写代码，但还是想花点时间来强调一下它的局限性（意识到要对这种方法的优势和局限性进行权衡是很不错的）。</p>\r\n\r\n<p>&nbsp;</p>\r\n\r\n<p>局限性</p>\r\n\r\n<p>&nbsp;</p>\r\n\r\n<p>当使用命令式 API 使，模型是由某个类别方法来进行定义的。这样的话，模型就不再是一个清晰的数据架构，而是一个不透明的字节码。这种 API 样式所获得的灵活性是以可用性和可重用性换来的。</p>\r\n\r\n<p>&nbsp;</p>\r\n\r\n<p>故障排除发生在执行期间，而不是在定义模型之时。</p>\r\n\r\n<p>&nbsp;</p>\r\n\r\n<p>使用这一 API 样式时，由于几乎不会对输入或者层间兼容性进行检查，因此大量的故障排除压力就从框架上转移到了开发者身上。</p>\r\n\r\n<p>&nbsp;</p>\r\n\r\n<p>命令式模型很难进行重复利用。例如你无法使用一个一致的 API 去访问中间层或神经元。</p>\r\n\r\n<p>&nbsp;</p>\r\n\r\n<p>相反地，提取神经元的方法就是采用一种新的调用（或者前进）方法来编写一个新的类别。最开始的时候可能会觉得这个操作有趣又简单，但是如果没有标准的话就会积累成技术债（tech debt）。&nbsp;</p>\r\n\r\n<p>&nbsp;</p>\r\n\r\n<p>命令式模型也很难进行检测、复制和克隆。</p>\r\n\r\n<p>&nbsp;</p>\r\n\r\n<p>例如，model.save()， model.get_config()，以及 clone_model 对于子类化的模型是不起作用的，而 model.summary() 也只能给你层的列表（并且不会提供任何关于它们怎样进行连接的信息，因为这些信息是访问不了的）。</p>\r\n\r\n<p>&nbsp;</p>\r\n\r\n<p>机器学习系统中的技术债（Technical debt）</p>\r\n\r\n<p>记住：模型创建仅仅是机器学习实际应用中的一个小小的部分。关于这个主题，有一个我非常喜欢的描述：模型本身（指定层、训练循环等的代码部分）就是机器学习中央的一个小盒子。</p>\r\n\r\n<p>&nbsp;</p>\r\n\r\n<p>&nbsp;</p>\r\n\r\n<p>&nbsp;</p>\r\n\r\n<p>现实中的机器学习系统仅有一小部分是由机器学习代码组成的，就像上图中间的这个小块所显示的一样。来源：Hidden Technical Debt in Machine Learning Systems</p>\r\n\r\n<p>&nbsp;</p>\r\n\r\n<p>符号式定义的模型在可重用性、故障排除以及测试方面具有优势，例如，在教授期间，如果学生使用的是 Sequential API，我立刻就能排除故障；如果他们使用的是子类化的模型（不管框架），排除故障需要花费的时间就更长（故障会更不易察觉，类型也更多）。</p>\r\n\r\n<p>&nbsp;</p>\r\n\r\n<p>总结</p>\r\n\r\n<p>TensorFlow 2.0 直接支持符号式 API 和命令式 API 两种样式，因此大家可以选择最适合自己项目的抽象化（复杂性）层级。</p>\r\n\r\n<p>&nbsp;</p>\r\n\r\n<p>如果你的目标是易用、低预算，同时你倾向于将模型考虑称层次图，那就使用 Keras 的 Sequential API 或者 Functional API (就像拼装乐高积木一样) 和内建的训练循环。这种方法适用于大多数问题。</p>\r\n\r\n<p>&nbsp;</p>\r\n\r\n<p>如果你偏好于将模型考虑成面向对象的 Python/Numpy 开发者，同时有限考虑模型的灵活性和可破解性，Keras 的 Subclassing 这样的 API 会比较适合你。</p>\r\n\r\n<p>&nbsp;</p>\r\n\r\n<p>我希望这篇总结文对大家有所帮助，感谢大家的阅读！如果想要了解关于 TensorFlow 2.0 栈以及其他模型创建 API 的更多信息，可前往阅读这篇文章。想要对&nbsp; TensorFlow 和 Keras 之间的关系有更多了解，可前往这里。</p>\r\n\r\n<p>&nbsp;</p>\r\n\r\n<p>via：https://medium.com/tensorflow/what-are-symbolic-and-imperative-apis-in-tensorflow-2-0-dfccecb01021&nbsp;</p>\r\n\r\n<p>---------------------&nbsp;</p>\r\n\r\n<p>作者：TensorFlow群469331966&nbsp;</p>\r\n\r\n<p>来源：CSDN&nbsp;</p>\r\n\r\n<p>原文：https://blog.csdn.net/chary8088/article/details/88661621&nbsp;</p>\r\n\r\n<p>版权声明：本文为博主原创文章，转载请附上博文链接！</p>\r\n', '2019-03-21 21:31:43', '1', '0', '详解 TensorFlow 2.0 的符号式 API 和命令式 API', null);
INSERT INTO `sys_moments` VALUES ('306220716980834304', '306218396192739328', '258220956378599424', '腾讯面试，面试官第一个问题是Int占多少字节，程序员不知所措', '/uploadImages/b354b40e-9bb4-44ca-8133-248d7430cc6b_15369823-8a1094d7c2ca35c7.webp', '<p>在一般的互联网公司的技术人员的面试中，大概会经历3到4轮的面试，差不多2-3轮的技术面，还有1轮的HR面试，有人面试题是有关&ldquo;目标&rdquo;，有的关于&ldquo;方法&rdquo;，有的关于&ldquo;算法&rdquo;，有的关于&ldquo;基础&rdquo;。在小编看来，面试是找工作的第一道难关，原本以为面试都会问很难的问题，如果是更好的公司，可能问的问题越难。</p>\r\n\r\n<p>&nbsp;</p>\r\n\r\n<p>&nbsp;</p>\r\n\r\n<p>&nbsp;</p>\r\n\r\n<p>但近日，一位程序员在面试腾讯的过程中，也遇到一位面试官问的一个基础的不能在基础的题，问题是Int占多少字节。</p>\r\n\r\n<p>&nbsp;</p>\r\n\r\n<p>毕竟面试腾讯嘛，都肯定会以为会出比较难的问题，我相信几乎很多网友都是这样认为的。结果来一个这么简单的面试题，那不是送分的吗？不知道大家在面试互联网企业的时候碰到过这样情况没有。</p>\r\n\r\n<p>&nbsp;</p>\r\n\r\n<p>&nbsp;</p>\r\n\r\n<p>&nbsp;</p>\r\n\r\n<p>这个基础得不能再基础的问题你回答的出来吗？</p>\r\n\r\n<p>&nbsp;</p>\r\n\r\n<p>难道是唠嗑？随口问个轻松的问题让你放松，不让面试者紧张？可能这就是大公司吧，不按常理出牌，问一个作为程序员最基础的东西，也不一定非得上来就高并发、大数据、vue、react js这些的。循序渐进？</p>\r\n\r\n<p>&nbsp;</p>\r\n\r\n<p>要不上来先手撕个算法？哈哈哈...</p>\r\n\r\n<p>&nbsp;</p>\r\n\r\n<p>&nbsp;</p>\r\n\r\n<p>&nbsp;</p>\r\n\r\n<p>相信这里有很多学习Android的朋友，小编整理了一份Android方面的学习资料，</p>\r\n\r\n<p>&nbsp;</p>\r\n\r\n<p>有想要学习Android的可以加一下我的学习群的哟，936903570，欢迎爱学习Android的你们！</p>\r\n\r\n<p>&nbsp;</p>\r\n\r\n<p>但是有一位自称是百度员工的网友说自己做面试官的时候就是直接问的java的基础数据类型和字节。结果校招面了30多个，没有一个答全的。</p>\r\n\r\n<p>&nbsp;</p>\r\n\r\n<p>结果没想到引来了网友反驳：</p>\r\n\r\n<p>&nbsp;</p>\r\n\r\n<p>答全了有什么用？太机械了，不实用，孔乙己知道回字有四种写法，最后不还是被人打死了。</p>\r\n\r\n<p>&nbsp;</p>\r\n\r\n<p>&nbsp;</p>\r\n\r\n<p>&nbsp;</p>\r\n\r\n<p>&nbsp;</p>\r\n\r\n<p>&nbsp;</p>\r\n\r\n<p>其实想这样简单的问题，不紧张懵逼的话，还是很简单，就怕一紧张，什么都忘了，脑子一片空白。想当初小编一面的时候上来让我写个n的阶乘，第一念头就是想放弃。</p>\r\n\r\n<p>&nbsp;</p>\r\n\r\n<p>对于这样的面试题，大家有没有碰到过呢？</p>\r\n\r\n<p>&nbsp;</p>\r\n\r\n<p>&nbsp;</p>\r\n\r\n<p>---------------------&nbsp;</p>\r\n\r\n<p>作者：Android Developer&nbsp;</p>\r\n\r\n<p>来源：CSDN&nbsp;</p>\r\n\r\n<p>原文：https://blog.csdn.net/weixin_43901866/article/details/88583699&nbsp;</p>\r\n\r\n<p>版权声明：本文为博主原创文章，转载请附上博文链接！</p>\r\n', '2019-03-21 21:32:53', '1', '0', '腾讯面试，面试官第一个问题是Int占多少字节，程序员不知所措', null);
INSERT INTO `sys_moments` VALUES ('306221139108171776', '306218396192739328', '258220956378599424', '忽悠马云10亿，还阿里4500亿：做对事赢一场，跟对人赢一生！', '/uploadImages/29b12b5d-2517-47a6-b704-87c8e897591e_16625874-f3a624b57cfe00eb.png', '<p>那个忽悠马云10个亿，被阿里同事指着鼻子让他滚蛋的人，后来怎么样了？</p>\r\n\r\n<p>后来，他成为阿里巴巴集团首席技术官，而且被公认为，近10年来，中国最好的首席技术官。</p>\r\n\r\n<p>他叫王坚，被称为&ldquo;阿里云之父&rdquo;，阿里最受争议的领导，曾被骂了整整4年，在开会时委屈到流泪。</p>\r\n\r\n<p>王坚对马云有多重要？</p>\r\n\r\n<p>他让阿里拥有了自己的技术，帮阿里巴巴在全球拿下超过140万客户，为全球76.5万用户提供云计算和大数据的服务，年营收112亿，估值4500亿。</p>\r\n\r\n<p>目前在国内第一，全球第三。</p>\r\n\r\n<p>仅次于亚马逊和微软。</p>\r\n\r\n<p>&nbsp;</p>\r\n\r\n<p>在所有人唾骂王坚时，马云站出来请求大家 &ldquo;给王坚一点时间&rdquo;，差一点把阿里搞分了家。</p>\r\n\r\n<p>马云为什么愿意毫无保留的相信王坚？</p>\r\n\r\n<p>1、</p>\r\n\r\n<p>真正决定人生胜负的，</p>\r\n\r\n<p>是从敢于放弃开始！</p>\r\n\r\n<p>王坚出生于1962年，比马云大两岁，在人生的前30年，一直在和心理学打交道。</p>\r\n\r\n<p>&nbsp;</p>\r\n\r\n<p>28岁杭州大学心理系博士，30岁的心理学教授，31岁的博导，32岁的系主任。</p>\r\n\r\n<p>&nbsp;</p>\r\n\r\n<p>他用了四年，完成了别人几乎要十年才能完成的跨越。</p>\r\n\r\n<p>&nbsp;</p>\r\n\r\n<p>当时他在杭大读研时，自己学校的知识还不能满足他，就跑去浙大，旁听了计算机研究生的课程。</p>\r\n\r\n<p>几年下来，王坚的水平居然不亚于计算机导师。</p>\r\n\r\n<p>硕士论文，他写的是《人机交互和多通道用户界面》，这是中国首部讨论人机交互的论文，后续航天工程上轨道对接的人机交互程序都受此影响。</p>\r\n\r\n<p>&nbsp;</p>\r\n\r\n<p>如果按照这个节奏下去，他以后的人生，不需要太努力。</p>\r\n\r\n<p>&nbsp;</p>\r\n\r\n<p>结果，王坚辞职了。</p>\r\n\r\n<p>&nbsp;</p>\r\n\r\n<p>他是技术性人才，一心只想搞科研，做系主任他不顺心。</p>\r\n\r\n<p>&nbsp;</p>\r\n\r\n<p>1999年，李开复正在筹备微软亚洲研究院，主要研究方向就是人机领域，李开复三顾茅庐，终于说动了王坚。</p>\r\n\r\n<p>加入不久之后，王坚就给微软带来了新产品：&ldquo;数字墨水&rdquo;。</p>\r\n\r\n<p>这项技术在当时并没有火起来，但如今微软的强大绘画功能就是脱胎于&ldquo;数字墨水&rdquo;。</p>\r\n\r\n<p>&nbsp;</p>\r\n\r\n<p>除了李开复，王坚还深受比尔&middot;盖茨信任。</p>\r\n\r\n<p>有人写邮件给王坚，描述了他在比尔&middot;盖茨面前提到软件的数据分析，比尔&middot;盖茨说你应该去找王坚。</p>\r\n\r\n<p>那一个大牛扎堆的世界，王坚也可以算其中最特别的一个。</p>\r\n\r\n<p>但即便如此，王坚在这个结点，再次选择离职。</p>\r\n\r\n<p>时间来到2007年，王坚第一次见到马云。</p>\r\n\r\n<p>那时的王坚，已经做到了微软亚洲研究院副院长，出席了阿里召开的&ldquo;网侠大会&rdquo;。</p>\r\n\r\n<p>那次碰面，王坚告诉马云：</p>\r\n\r\n<p>&ldquo;如果阿里还不掌握技术，未来将不会有它的身影。&rdquo;</p>\r\n\r\n<p>一句话，让马云对王坚一见钟情。</p>\r\n\r\n<p>两年之后，王坚被马云挖了过来，给予的职位是阿里的首席架构师，首要任务就是为阿里输出技术。</p>\r\n\r\n<p>&nbsp;</p>\r\n\r\n<p>2、</p>\r\n\r\n<p>只要抗住压力，</p>\r\n\r\n<p>就还有翻身的机会</p>\r\n\r\n<p>加入阿里以后，王坚提出了一个中国却从未有人做过的构想&mdash;&mdash;&ldquo;阿里云构想&rdquo;。</p>\r\n\r\n<p>那个时候，在中国还没有人知道什么是云计算，同事们也不知道&ldquo;阿里云&rdquo;是用来做什么的。</p>\r\n\r\n<p>于是，马云找来他就是一个错误，因为他什么都不会，只是一个溜须拍马的。刀哥在知乎上找到了一条骂王坚最恨的帖子，让大家感受一下：</p>\r\n\r\n<p>马总找王坚挑大梁绝对是个错误，首先这丫根本不懂技术，其次他TM太虚了，天天给你画饼；再次，这个贱人就是一个拍马屁的高手，我到现在也没想通聪明如马总怎么会被哄到那么挺他。。。难道是后来发觉骑虎难下了么。。。</p>\r\n\r\n<p>甚至那时阿里正召开总裁大会，有一位员工直接对马云说：马总，你别听王坚的瞎扯！他就是一个骗子。</p>\r\n\r\n<p>&nbsp;</p>\r\n\r\n<p>在马云任命王坚担任阿里CTO的内部帖子下面，很多人留言质疑王坚，浪费钱浪费资源却一事无成，凭什么升CTO?</p>\r\n\r\n<p>&nbsp;</p>\r\n\r\n<p>部门考核绩效连年压线，考核没有任何依据，为什么王坚部门还不解散？</p>\r\n\r\n<p>&nbsp;</p>\r\n\r\n<p>面对这一条条质疑，马云都不得不去帖子下面回复：&ldquo;请相信博士（王坚），给他一点时间。&rdquo;，但这并没有多少帮助，后续的阿里巴巴就像要分家了一样。</p>\r\n\r\n<p>&nbsp;</p>\r\n\r\n<p>在这种非议中，王坚团队里的成员扛不住了。有超过一半员工离职，辞职信中他们写道：&ldquo;我觉得在干下去，也看不到任何希望。&rdquo;</p>\r\n\r\n<p>最后这个一直咬牙坚持的瘦弱大叔在阿里云事业部年会上失声痛哭，但即便眼泪止不住的流，他还手拿话筒，哽咽地给自己鼓气：</p>\r\n\r\n<p>&ldquo;这几年我挨的骂甚至比我一辈子挨得骂还多，但是我不后悔。&rdquo;</p>\r\n\r\n<p>&nbsp;</p>\r\n\r\n<p>3、</p>\r\n\r\n<p>如果困难出现，</p>\r\n\r\n<p>你就战斗到底</p>\r\n\r\n<p>&nbsp;</p>\r\n\r\n<p>王坚加入阿里之后做了哪些重要贡献？</p>\r\n\r\n<p>以现在的标准看，当时中国的云技术恐怕只能用&ldquo;一片荒芜&rdquo;来形容，没人知道云计算到底是做什么的，更不知道阿里云是做什么的。</p>\r\n\r\n<p>王坚加入后，带着技术工程师，没日没夜地加班开发。北京的夏天酷热难当，测试系统的服务器又架在没有空调的办公室里，简直像个大熔炉，实在热得撑不住了，王坚就每天从冰场叫来两个大冰块，人工降温。</p>\r\n\r\n<p>王坚肩上扛着阿里有史以来最艰巨的任务&mdash;&mdash;突破云技术。</p>\r\n\r\n<p>他用云技术，帮助阿里开发出一套管理城市的城市大脑。</p>\r\n\r\n<p>简单来说，把城市大脑跟特种车辆连接在一起，比如救护车、救火车、警车，当特种车辆出现以后，大街上看似全部都正常的红绿灯，其实，都已经被&ldquo;大脑&rdquo;调整过了。</p>\r\n\r\n<p>最后的结果是：</p>\r\n\r\n<p>&nbsp;</p>\r\n\r\n<p>这些特种车辆到达现场的时间，被缩短了50%，缩短的时间都成为了救命的机会。</p>\r\n\r\n<p>他用云技术，帮助天猫一次一次刷新着双十一的成交记录。</p>\r\n\r\n<p>&nbsp;</p>\r\n\r\n<p>2011双11给技术团队留下了午夜惊魂般难忘的回忆：系统性技术问题，使大量商家可能出现超卖。</p>\r\n\r\n<p>次年，天猫以云计算为&ldquo;塔基&rdquo;，为电商及电商服务商提供IT基础设施。</p>\r\n\r\n<p>2018年的双11期间，阿里云上新增调用的弹性计算能力累计超过1000万核，相当于10座大型数据中心，创造了&ldquo;脉冲计算&rdquo;的新纪录。</p>\r\n\r\n<p>2015年1月，12306把车票查询业务放到了阿里云上，春运高峰期间，阿里云承担了12306系统中75%的流量，以往抢票期间系统瘫痪的情况大为改观。</p>\r\n\r\n<p>&nbsp;</p>\r\n\r\n<p>最重要的是，他让阿里真正拥有了自己的技术。</p>\r\n\r\n<p>2016年，阿里云为37％的中国网站保障安全，为全球76.5万用户提供云计算和大数据的服务。</p>\r\n\r\n<p>现在的阿里云，是阿里巴巴的一张王牌。摩根士丹利分析师认为，五年后，阿里云营收规模将达到285.83亿美元，估值将突破670亿美元。</p>\r\n\r\n<p>4、</p>\r\n\r\n<p>从&rdquo;骗子&ldquo;到 &ldquo;阿里云之父&rdquo;，</p>\r\n\r\n<p>王坚做对了什么？</p>\r\n\r\n<p>2007年与马云的相遇，改变了阿里受制于人的命运，也改变了王坚博士的人生走向。</p>\r\n\r\n<p>之前刀哥讲了马云相信王坚的理由，最后我们再聊一聊，为什么经历两次辞职，王坚最终选择了阿里？</p>\r\n\r\n<p>从&rdquo;骗子&ldquo;到 &ldquo;阿里云之父&rdquo;王坚做对了什么？</p>\r\n\r\n<p>1. 做对事只能赢一场，跟对人可以赢一生。</p>\r\n\r\n<p>王坚加入阿里，看重的是马云的坚定。</p>\r\n\r\n<p>2010年初，阿里小贷的总裁觉得自己快要被当时阿里云无休止的故障拖垮了，央求马云，&ldquo;马总，能不能放我一马？&rdquo;</p>\r\n\r\n<p>马云很坚定，不可以，云计算是未来。</p>\r\n\r\n<p>马云说，王坚说他知道大数据的方向，我信任他。如果撞墙了，这钱打水漂了，我花得起，这是战略。</p>\r\n\r\n<p>2. 把认真当信仰，人生就会开挂。</p>\r\n\r\n<p>在开发阿里云的过程中，王坚遇到了无数棘手的问题：数据传输问题、计算稳定性问题、处理速度问题，各种错误层出不穷，各种Bug形式翻新。</p>\r\n\r\n<p>他手下的大批工程师因为看不到阿里云的前景，又被喷地体无完肤，纷纷选择投入其他部门，或者干脆离开阿里，几乎是众叛亲离。</p>\r\n\r\n<p>王坚一度崩溃，当着数千人落泪。</p>\r\n\r\n<p>他落泪的理由，不是因为自己的艰难，而是因为很多年轻人和正在跟曾经的自己一样，做着不被人理解的事情。</p>\r\n\r\n<p>寂寞和争议，是创新的必经之路。</p>\r\n\r\n<p>阿里云的技术，让阿里巴巴的底气越来越强。</p>\r\n\r\n<p>在阿里巴巴上市那天，作为当时最大股东的孙正义曾说：&ldquo;阿里云的前途不可限量，它是互联网的未来&rdquo;。</p>\r\n\r\n<p>最难的事情，不是知道，而是做到。</p>\r\n\r\n<p>不是人人都能成为王坚，但这个&rdquo;骗子&ldquo;告诉我们的道理，每个人其实都做得到。</p>\r\n\r\n<p>最后：欢迎各位学习java和大数据的朋友们加入Java交流学习群： 721506929</p>\r\n\r\n<p>点击链接加入群聊【java交流学习群】：https://jq.qq.com/?_wv=1027&amp;k=5cjelsQ</p>\r\n\r\n<p>&nbsp;</p>\r\n\r\n<p>群内提供免费的架构资料还有：Java工程化、高性能及分布式、高性能、深入浅出。高架构。性能调优、Spring，MyBatis，Netty源码分析和大数据等多个知识点高级进阶干货的免费直播讲解 可以进来一起学习交流哦~<br />\r\n---------------------&nbsp;<br />\r\n作者：伯英&nbsp;<br />\r\n来源：CSDN&nbsp;<br />\r\n原文：https://blog.csdn.net/FeliceAustin/article/details/88582067&nbsp;<br />\r\n版权声明：本文为博主原创文章，转载请附上博文链接！</p>\r\n', '2019-03-21 21:34:34', '0', '0', '忽悠马云10亿，还阿里4500亿：做对事赢一场，跟对人赢一生！', null);
INSERT INTO `sys_moments` VALUES ('306221423263879168', '306218396192739328', '258220956378599424', '#程序员在网吧写代码，竟找到了工作！网友：为何我在网吧写却被打', '/uploadImages/bd8eab75-030a-4836-9bd9-2a7740a6fabe_0Uj7P3LCSES.jpg', '<p>相信现在的年轻人或多或少都去过网吧，那里是以游戏为主题的场所，所以大家去网吧一般都是为了玩游戏。但是作为程序员，似乎去哪里都能碰到奇奇怪怪的事情，尤其是在网吧这样的公共场所，如果在网吧敲代码的话就和周围的游戏环境不符，变成了其中的另类。</p>\r\n\r\n<p>如果有想学习java的编程初学者，可来我的私人java学习扣qun：985331340，可以免费获得送java的视频教程！我每天晚上8点会在群内直播讲Java知识，不定期讲解框架内容，欢迎大家前来学习，真实有效。</p>\r\n\r\n<p>&nbsp;</p>\r\n\r\n<p>程序员小张是一位程序员，由于周末自己负责的项目出现Bug，但是自己家中又停电，所以无法在家用自己的电脑写代码，只能把代码复制到U盘，然后带去小区网吧里，但是由于周围都是打游戏的，所以比较吵，小张就对那些打游戏的人说&ldquo;能不能说话声音小一点&rdquo;，没想到那伙人说他在网吧写代码是装逼，于是还打了他几拳。</p>\r\n\r\n<p>&nbsp;</p>\r\n\r\n<p>对于上述小张的遭遇，众多网友表示同情的同时，也说出了自己在网吧上网时遇到的事情：</p>\r\n\r\n<p>&nbsp;</p>\r\n\r\n<p>不得不说程序员真是一个神奇的群体，似乎在哪里都能碰到一些奇葩的事情，有被当黑客然后报警的，还有被当成破解网吧系统的，甚至连保洁大妈知道野指针的概念！当然和下面这位程序员来比，上面的就显得逊色许多！</p>\r\n\r\n<p>&nbsp;</p>\r\n\r\n<p>上述的码农小兄弟在网吧写代码，竟然能碰到公司的大老板，并且直接在网吧通过了面试，直接进入了人家的公司上班，不得不说这样的机遇和操作让很多人看不懂！好了，你们在网吧写代码的时候，有没有遇到过什么有趣的事情呢？欢迎在下方评论区分享哦。<br />\r\n---------------------&nbsp;<br />\r\n作者：Java小萧&nbsp;<br />\r\n来源：CSDN&nbsp;<br />\r\n原文：https://blog.csdn.net/qq_43202482/article/details/87868061&nbsp;<br />\r\n版权声明：本文为博主原创文章，转载请附上博文链接！</p>\r\n', '2019-03-21 21:35:42', '1', '0', '#程序员在网吧写代码，竟找到了工作！网友：为何我在网吧写却被打', null);
INSERT INTO `sys_moments` VALUES ('306222196580290560', '306218396192739328', '258221379760033792', '本以为邱淑贞女儿够美了，等看到看见朱茵女儿，全世界等她长大', '/uploadImages/bf2ed94b-43f8-42b0-afff-49afa15fd7b3_377adab44aed2e738924de0e92ee2d8f86d6fa32.jpg', '<p>星二代一直都是很多观众都想要了解的群体，尤其是对于那些妈妈属于娱乐圈里数一数二大美女的星二代来说，她们的长相更是会成为媒体关注的焦点，也会成为大众议论的焦点。之前的时候，邱淑贞的女儿就曾经不止一次的上过热搜榜单，主要就是因为她的长相真的完全遗传了妈妈的美貌，而且两个人同框站在一起的时候，感觉邱淑贞的气质都要被女儿比下去了。</p>\r\n\r\n<p>&nbsp;</p>\r\n\r\n<p>其实香港的女明星总是给人一种惊艳时光的感觉，因为她们也不用过分的修饰，也会体现出一种非常高的辨识度，关键是颜值很高，所以她们等孩子才会成为大家议论的焦点。除了邱淑贞之外，朱茵的女儿黄莺也一直都是媒体正在关注的角色。</p>\r\n\r\n<p>&nbsp;</p>\r\n\r\n<p>黄莺虽然没有出现在荧幕上，但是之前的时候黄贯中也曾经带她录制过节目，只是一直都没有播出而已，可是在网络上依然引起了比较强烈的讨论，因为从外表来说的话，黄莺的长相还是更像爸爸多一些。</p>\r\n\r\n<p>&nbsp;</p>\r\n\r\n<p>其实朱茵黄贯中刚刚宣布结婚消息的时候，就有很多粉丝觉得不太公平，因为从外表上来看两个人不是很搭配，可是黄贯中对朱茵是相当宠爱的，两个人结婚之后朱茵生下一女黄莺，虽然从目前的情况来看，女儿更多的遗传了爸爸的长相，但是毕竟女大十八变，可能过一段时间之后黄莺的长相就会发生很大的变化，慢慢的也会跟妈妈越长越像，所以想到这里很多网友也会表示一定要等小黄莺长大，毕竟想要看到朱茵眨眼的惊艳，只能把全部希望寄托在黄莺的身上了。</p>\r\n\r\n<p>&nbsp;</p>\r\n\r\n<p>声明：转载此文是出于传递更多信息之目的。若有来源标注错误或侵犯了您的合法权益，请作者持权属证明与本网联系，我们将及时更正、删除，谢谢。</p>\r\n', '2019-03-21 21:38:46', '1', '0', '本以为邱淑贞女儿够美了，等看到看见朱茵女儿，全世界等她长大', null);
INSERT INTO `sys_moments` VALUES ('306222563405729792', '306218396192739328', '258221379760033792', '杨幂旗袍造型韵味足 举手投足尽显优雅气质', '/uploadImages/51ac25ca-cefa-4b92-90dd-ea7727d0fb29_W020190321282892745114.jpg', '<p><img alt=\"\" src=\"http://fun.youth.cn/gnzx/201903/W020190321282892795857.jpg\" style=\"margin:0px\" /></p>\r\n\r\n<p>　　2019年3月20日，杨幂现身电影片场接受采访，穿素气旗袍一举一动韵味十足；杨幂坦言很少尝试旗袍装扮，并直呼：&ldquo;就是穿得别扭，叉开得太高了&rdquo;。据杨幂透露，自己在片中饰演一名共产党员，和周一围扮演夫妻。</p>\r\n', '2019-03-21 21:40:14', '3', '0', '杨幂旗袍造型韵味足 举手投足尽显优雅气质', null);
INSERT INTO `sys_moments` VALUES ('306225585397567488', '306218396192739328', '258221379760033792', '被丈夫宠成公主的女星，昆凌都靠边站，她结婚17年没下过一次厨', '/uploadImages/ed9e17c6-8eb9-4f28-a26c-ba15d6b76407_a044ad345982b2b7b764b5cbf24347eb77099b3d.jpg', '<p><img src=\"http://pics3.baidu.com/feed/b3119313b07eca808782396255cd1bd9a34483a7.jpeg?token=dae5f4e2e7dda65d60103f032d13572c&amp;s=6281D2011A603201489C0D990300A095\" style=\"width:537px\" /></p>\r\n\r\n<p>在娱乐圈里有很多女星嫁给的都是同行或者富豪，一方面是由于她们长时间接触的都是同行，另一方面也是因为她们的颜值和身价造就了她们嫁的不平凡。在娱乐圈中，有些女星嫁的非常好，嫁过去之后，丈夫宠她，家人喜欢她，这样过的，可是让无数女人都羡慕的生活。</p>\r\n\r\n<p><img src=\"http://pics1.baidu.com/feed/2934349b033b5bb58649adbcf53d593db400bccd.jpeg?token=711d0ce961022ded8d23b793c7323aac&amp;s=BFC8BB5778B126807184ECF50300F062\" style=\"width:537px\" /></p>\r\n\r\n<p>首先要来说的是霍思燕，她嫁给了杜江，结婚之后，杜江是相当宠着她，从2012年开始到今天两人的感情也是非常好，即使生下了一个儿子，两人恩爱的注意力也没有被儿子给分散。</p>\r\n\r\n<p><img src=\"http://pics5.baidu.com/feed/d01373f082025aafe377116138032760014f1ac1.jpeg?token=04bc9e55058a5ba1e6640fcee550274a&amp;s=BD40E9174031738057D915C70300F021\" style=\"width:537px\" /></p>\r\n\r\n<p>然后要来说的是谢娜，谢娜和张杰可是一对著名的姐弟恋，他们当时结婚的时候，张杰的名气还不显赫，谢娜也是陪伴着他走出了那一段默默无闻的时间。两人因快乐男声这档节目认识，慢慢感情越来越稳定，到了2011年才正式向观众宣布。就在去年传出了谢娜生下一对双胞胎女儿的消息，这可是把老父亲张杰给高兴坏了。到了现在在上节目的时候，张杰看着谢娜眼神里满满的都是疼爱，非常叫观众们羡慕。</p>\r\n\r\n<p><img src=\"http://pics1.baidu.com/feed/a044ad345982b2b7b764b5cbf24347eb77099b3d.jpeg?token=061ea716c8ca3f8eddbc5f837bb9d96a&amp;s=AA0AF20416DA45D8DE8377D0030080BF\" style=\"width:537px\" /></p>\r\n\r\n<p>张嘉倪在27岁的时候被男友求婚，虽然她的男友并不是圈内人士，但是对她是相当的专一，在张嘉倪同意男友的求婚之后，两人别慢慢步入了婚姻，结婚多年，他在微博上晒出的大多是有关张嘉倪的照片。</p>\r\n\r\n<p><img src=\"http://pics5.baidu.com/feed/908fa0ec08fa513de8de4ddcfe83d9ffb3fbd9ab.jpeg?token=3aba9a75960cee8d2fc7bad0d39eb76e&amp;s=3C226F971A70549C3C99E0E803000033\" style=\"margin:0px auto; width:416px\" /></p>\r\n\r\n<p>提到杨颖，网友们一定认为她非常幸福能够嫁给黄晓明，在什么场合下，黄晓明都是护着自家老婆的，而出席活动，两人也是如影如形，片刻不离的。</p>\r\n\r\n<p>但是要说在娱乐圈中甲的最好的那一定是王丽萍，她结婚17年以来从未在家中做过一顿饭，这并不是说她不够贤惠，而是说她的丈夫吴镇宇将她宠上了天。吴镇宇从来不舍得老婆下厨房，被油烟气息给熏了脸，所以家中都是吴镇宇来做家务的。</p>\r\n\r\n<p>声明：转载此文是出于传递更多信息之目的。若有来源标注错误或侵犯了您的合法权益，请作者持权属证明与本网联系，我们将及时更正、删除，谢谢。</p>\r\n\r\n<p>来源:娱乐月报</p>\r\n', '2019-03-21 21:52:14', '3', '0', '被丈夫宠成公主的女星，昆凌都靠边站，她结婚17年没下过一次厨', null);
INSERT INTO `sys_moments` VALUES ('306225984242323456', '306218396192739328', '258221379760033792', '《青春斗》发布会自扇耳光 郑爽：青春是有心无力', '/uploadImages/6770f70a-fa9a-485e-b15b-71e70cd678ce_faf2b2119313b07e2544ae6f2c0e1d2796dd8c3e.jpg', '<p><img alt=\"\" src=\"/uploadImages/1b1955d5-cb31-4714-99c4-222cd2003888_.jpg\" style=\"height:419px; width:630px\" /></p>\r\n\r\n<p>发布会现场</p>\r\n\r\n<p>由导演赵宝刚[微博]编剧并执导，郑爽、盖玥希[微博]、徐悦[微博]、陈小纭、王秀竹[微博]领衔主演，徐洋[微博]、苏鑫、启杰、高泰宇、刘帅良[微博]等主演，任重[微博]、王阳[微博]、张铎[微博]亲情出演的现实主义时代青春大戏《青春斗》将于3月24日正式登陆北京卫视品质剧场，每晚19：30两集连播。该剧讲述了向真、钱贝贝、丁兰、晋小妮、于慧五个性格迥异的女孩，从大学毕业到迈入职场后，在六年的青春跨度中直面自己，于失败中不断探索，磨砺中不断成长，屡败屡&ldquo;斗&rdquo;的&ldquo;不服&rdquo;青春故事。</p>\r\n\r\n<p>3月20日，导演赵宝刚携主演郑爽、盖玥希、徐悦、陈小纭、王秀竹、徐洋、苏鑫、高泰宇、刘帅良、郑家彬[微博]、任重等人亮相北京卫视《青春斗》全国首播新闻发布会，与到场嘉宾讲述了关于青春与成长的故事。</p>\r\n\r\n<p>&ldquo;青春剧教父&rdquo;赵宝刚现场解读&ldquo;斗&rdquo;字内涵</p>\r\n\r\n<p>忆青春直言&ldquo;恋爱最美好&rdquo;</p>\r\n\r\n<p>50后、青春剧、现实主义，将这几个标签贴在导演赵宝刚身上，似乎并不是一件违和的事。从上世纪90年代火遍大江南北的《渴望》到之后的&ldquo;青春三部曲&rdquo;《奋斗》《北京青年》《我的青春谁做主》，赵宝刚用自己对青春的理解和对时代的感悟，记录着一代又一代年轻人的成长。</p>\r\n\r\n<p>暌违三年，64岁的赵宝刚携新剧《青春斗》再次回归，尽管一再感慨自己老了，&ldquo;上台阶都费劲&rdquo;，但他还是在发布会现场以严肃认真的口吻向观众解读了&ldquo;斗&rdquo;字的内涵。 &ldquo;过去我们拍青春题材都把青春阶段描绘的非常美好、忠贞，一爱到底，实际上在青春阶段会有很多不如意的事，让你无法面对，甚至会负能量作怪，惰性增加、然后逃避痛苦。所以这部戏讲的就是如何跟自己&lsquo;斗&rsquo;，跟自己的命运&lsquo;斗&rsquo;，跟自己的身上的负能量&lsquo;斗&rsquo;。&rdquo;</p>\r\n\r\n<p>从校园到职场，从一蹶不振自我逃避到勇敢面对迈向新生，《青春斗》从职场、生活、友情、爱情等多个维度描绘了青年人的成长轨迹，尽管剧中的每一位主人公都未曾达到普世意义上的成功，却都收获了属于自己的成长与蜕变。&ldquo;青春就只有短短的七八年，还要拿出大量的时间去谈恋爱，不谈恋爱不行，因为它是最美好的时候。所以在这个过程中，不可能做出特别大的成绩。&rdquo;所以，赵宝刚在剧中并未呈现所谓的&ldquo;青春励志向&rdquo;，而是用真实的笔触，真实展现着青春之路可能遇到的柳暗花明。&ldquo;他们真的是普通的不能再普通了，这个戏就是想反映一下真实生活，我没有讲道理，只是把真实的状态反映了出来。同时告诉大家，虽然努力奋斗理想不一定实现，但这种意识和精神要存在。&rdquo;</p>\r\n\r\n<p>从业近三十年，已年过六旬的赵宝刚始终保持着一颗拥抱年轻人的心态。发布会上，特意安排播放了赵宝刚片场花絮视频，从讲戏导戏到亲身示范，无一不透露出他的认真和心态上的年轻。他调侃自己&ldquo;一到片场见到年轻人就开心，一回宿舍就郁闷&rdquo;，还直接喊话到场演员&ldquo;我对你们好不好&rdquo;？自爆&ldquo;天天给他们做好吃的&rdquo;：&ldquo;拍这样的片子耷拉着脸有点问题，你看刚才的片子里我多活泼，我一直是这样的，我在片场根本没那么多事，经常请他们吃饭。&rdquo;</p>\r\n\r\n<p>郑爽现场&ldquo;自扇耳光&rdquo;亲身诠释&ldquo;青春疼痛&rdquo;</p>\r\n\r\n<p>盖玥希、徐悦、陈小纭、王秀竹现场互怼变身&ldquo;塑料&rdquo;姐妹情</p>\r\n\r\n<p>青春剧、偶像剧、校园剧&hellip;&hellip;细数郑爽的履历表，甜美傲娇、单纯可爱、娇憨温柔似乎一直是其角色的代名词。但此次加盟现实主义时代青春大剧《青春斗》，却给了她完全不同的、更为强烈的青春感受。&ldquo;大家都长大了&rdquo;，甫一登台，郑爽便用这句话总结了一路的成长，&ldquo;我会觉得青春是自己想使劲，但是使不上劲。因为自己已经到极限了，已经在这了。青春这件事情，别人千万不要评价，要么就肯定，要么不说话。&rdquo;</p>\r\n\r\n<p>人如其名。剧中，郑爽饰演的向真随性跳脱，率性爽飒，而在她眼中，真诚则是这个人物最完美的注脚。&ldquo;她向往着真诚，真诚不是都能做到的，是很难的事，需要勇气。&rdquo;话谈至此，郑爽突然放下话筒，自扇了几个耳光，用行动向现场的记者和粉丝演绎了什么是青春的疼痛：&ldquo;我会觉得青春就是让别人都心疼，但自己真的是恨自己没本事。&rdquo;在现场，郑爽还表达了自己对青春的感悟，直言应该多鼓励年轻人。&ldquo;青春的时候，大家因为不自信，都缺少别人对自己的肯定。所以我希望周围的人能多帮帮年轻人，多鼓励，多赞扬。&rdquo;</p>\r\n\r\n<p>相比向真的跳脱，钱贝贝则完全可以用&ldquo;靠谱&rdquo;来形容。发布会现场，其饰演者盖玥希主动分享了自己对角色的理解，自言自己是&ldquo;闺蜜必备&rdquo;，还直接&ldquo;开吐&rdquo;其他人都不靠谱：&ldquo;钱贝贝性格高冷、傲娇、外冷内人，重情重义，是一个典型的天蝎女。但她真的是特别靠谱的存在，最后也收获了自己的成长。&rdquo;</p>\r\n\r\n<p>曾在北京卫视开年热播大戏《天下无诈》中饰演警花马赛的徐悦，此次在一改前作中大大咧咧的个性，在《青春斗》中饰演了一个哲学系学霸&mdash;&mdash;丁兰。&ldquo;我觉得她其实也是普通女孩，很坚韧，也很要强。虽然有时候说话一套一套，有点精神领袖的感觉，但其实也是普通的大学生。&rdquo;面对盖玥希对姐妹几人&ldquo;不靠谱&rdquo;的吐槽，徐悦则直言&ldquo;姐妹之间就是互相拆台，互相怼，但又是怼不散、拆不开的感情&rdquo;。</p>\r\n\r\n<p>饰演晋小妮的陈小纭也在现场表达了对青春和成长的感悟。作为剧中的&ldquo;恋瘾少女&rdquo;，她直言小妮是一个重感情、甚至有些不顾一切的人。&ldquo;她是会在事业和爱情之间选择爱情的人。这没有对错，因为在我们青春过程中做什么都是对的。无论如何选择，都是我们该经历的、该承受的。&rdquo;</p>\r\n\r\n<p>不同于其他四位姐妹花，王秀竹在现场直言，自己饰演的于慧是剧中&ldquo;最早熟&rdquo;却也最坎坷的一个。&ldquo;她很有才华，因为自己的家庭环境，一心想要通过自己的努力改变现状&rdquo;，但是她也直言，&ldquo;斗&rdquo;字在于慧身上的体现，不只是单纯的事业层面的奋斗。&ldquo;其实闺蜜之间也在斗，女孩子都是虎比较的，不是为了势力，而是一种积极的正能量。&rdquo;</p>\r\n\r\n<p>任重亲情出演&ldquo;再沾一次青春二字&rdquo;</p>\r\n\r\n<p>徐洋、苏鑫、高泰宇、刘帅良、郑家彬演绎&ldquo;各色男友力&rdquo;</p>\r\n\r\n<p>《青年医生》、《婚姻保卫战》、《北京青年》&hellip;&hellip;任重可以说是导演赵宝刚的&ldquo;御用班底&rdquo;，从年轻时曾被导演严厉责骂，到现在得到&ldquo;现在没法给他说戏，出来就精彩&rdquo;的高度评价，这位&ldquo;青年演员&rdquo;也是在赵宝刚执导的作品中不断历练成长，这对黄金搭档此次在《青春斗》再度聚首。从&ldquo;阳光青年&rdquo;到&ldquo;花样中年&rdquo;，任重作为&ldquo;亲情出演&rdquo;，也从另一视角分享了他的青春感受。发布会现场，任重一出场便自我调侃道，&ldquo;我非常开心，还能沾上&lsquo;青春&rsquo;二字。&rdquo;剧中，他是一位对爱执着并最终收获幸福的&ldquo;精英优质男&rdquo;，和徐悦饰演的丁兰喜结连理，成为剧中为数不多爱情事业双丰收的&ldquo;人生赢家&rdquo;。导演赵宝刚总结道，&ldquo;未来最讨巧的男生就是他演的角色。&rdquo;对于这个角色，任重笑着解读，&ldquo;我确实是全剧男生里面最好的一个，是最后捡着便宜的那个，前面人都没捞着我捞到了。&rdquo;</p>\r\n\r\n<p>《青春斗》中，在任重饰演的刘煜出场之前，赵聪（徐洋饰）、金鑫（苏鑫饰）、沈严（高泰宇饰）、庄毅（刘帅良饰）、程宇（郑家彬饰）已与&ldquo;青春斗五美&rdquo;发生了千姿百态精彩纷呈的爱情故事。其中，徐洋饰演的赵聪和向真（郑爽饰）是大学期间的一对&ldquo;甜蜜情侣&rdquo;，徐洋介绍道这是一个自尊心极强、有担当、特别聪明的一个角色，对此郑爽直怼起这位&ldquo;昔日恋人&rdquo;，&ldquo;赵聪带来的全都是不好的影响，让我整个人生都不好起来了。&rdquo;金鑫饰演的苏鑫和自己的名字只相差一字，戏言是导演给这个角色&ldquo;贴了金&rdquo;，塑造了一位&ldquo;不撞南墙不回头&rdquo;的局气北京小爷，郑爽这样评价这位对手戏很多的&ldquo;男闺蜜&rdquo;，&ldquo;金鑫都是大金表、大金链子的装扮，他特别仗义，找谁都不好使找他就行了，我在他这儿借了不少福利。&rdquo;与金鑫相同，高泰宇饰演的沈严也是一个对爱十分执着的人物，他自称是全剧&ldquo;最真诚的男人&rdquo;，&ldquo;校草&rdquo;担当却遭到了其他男生的&ldquo;嫌弃&rdquo;。刘帅良饰演的庄毅则是剧中的&ldquo;暖男担当&rdquo;，对向真温柔体贴、照顾得无微不至，对于这位&ldquo;男朋友&rdquo;，郑爽评价道，&ldquo;他是父母都会喜欢的一个角色，但也是&lsquo;没有恋成&rsquo;的一位，他们的爱情之路很坎坷。&rdquo;郑家彬饰演的程宇则成为剧中男生的反面教教材，为了爱情变得极端、变得没有分寸，在表演过程中他感叹道，&ldquo;他有点像《不要和陌生人说话》中年轻版的安嘉和，是挺恐怖的一个反面教材。&rdquo;</p>\r\n', '2019-03-21 21:53:49', '1', '0', '《青春斗》发布会自扇耳光 郑爽：青春是有心无力', null);
INSERT INTO `sys_moments` VALUES ('306226344243630080', '306218396192739328', '258221379760033792', 'AB杨颖黄晓明感情破裂初现端倪?看似恩爱，这些细节却透露真相!', '/uploadImages/f698c715-4c63-4023-b68b-734be508151f_5bafa40f4bfbfbed00f1678b20ad7b32aec31f7f.jpg', '<p>作为娱乐圈总被提到的模范夫妻代表，黄晓明和Angelababy杨颖的甜蜜感情似乎毋庸置疑。曾举办世纪婚礼的两人，在不少吃瓜群众眼中堪称爱的高调，不过，有网友却发现，自从两人生下小海绵以来，在社交平台上的亲密互动就肉眼可见的变少许多。</p>\r\n\r\n<p>黄晓明最近一条提到妻子杨颖的动态，还要追溯到2月28日杨颖的生日。</p>\r\n\r\n<p>黄晓明虽然零点准时为杨颖送上了生日祝福，但由于措辞颇似刘恺威杨幂离婚前的互动，甚至被不少人认为是黄晓明和杨颖感情亮红灯的证明。</p>\r\n\r\n<p>&nbsp;</p>\r\n\r\n<p>近日，这条动态还惹出了更加热烈的讨论。原因是3月20日，有媒体报道爆料称，黄晓明虽然在零点为娇妻发了这条动态，但自己却&ldquo;抛下&rdquo;妻儿，去与好友聚餐了。</p>\r\n\r\n<p>当天，黄晓明在横店拍摄电视剧，拍摄结束后就飞快的离开片场。如果要赶回家为杨颖庆生，其实时间也非常足够，毕竟横店距离上海只需要3个小时的车程。不过，黄晓明最终却选择了与友人一起聚餐，直到深夜才回到横店的房间中。</p>\r\n\r\n<p>&nbsp;</p>\r\n\r\n<p>有人认为在有工作的情况下，没能为妻子庆生其实也没什么。</p>\r\n\r\n<p>但是问题在于，此前几年每逢杨颖的生日，黄晓明都会认真庆祝:2018年，杨颖在巴黎看秀，黄晓明就飞去巴黎为她办生日会，跨国都不在话下。</p>\r\n\r\n<p>2017年，黄晓明为杨颖举办了盛大的生日会，向华强夫妇也应邀出席。2016年则是以杨颖的名义，资助了100位贫困学生作为礼物。而两人刚公开的2014年，黄晓明更是直接送上豪车，毫不掩饰他对杨颖的爱意。</p>\r\n\r\n<p>&nbsp;</p>\r\n\r\n<p>于是在此前从未缺席杨颖生日的情况下，黄晓明今年只是轻飘飘的在社交平台送上祝福，就足够不少网友进行热切讨论了，更&ldquo;火上浇油&rdquo;的是，黄晓明的这则祝福，杨颖始终没有任何回复，种种情况都引起了网友们对于两人感情状况的猜测。</p>\r\n\r\n<p><img src=\"http://pics3.baidu.com/feed/7dd98d1001e939016a28f57b23b1d8e336d1962a.jpeg?token=5afacf381b064e428e8df63704db675e&amp;s=8173CF30503ADB9AD02851CA0300A0A0\" style=\"margin:0px auto; width:421px\" /></p>\r\n\r\n<p>而&ldquo;黄晓明只发动态作秀，不陪杨颖过生日&rdquo;的官司还没过去，日前又出了一件事，让网友纷纷觉得黄晓明和杨颖的感情亮起了红灯。</p>\r\n\r\n<p>此前网传杨颖在拍摄综艺节目时意外受伤，紧急送医。3月19日，在出席活动时，杨颖手指上的固定器确实格外醒目，不少网友纷纷表示，看来AB的确是受伤了，而且需要用到固定器，说明是伤了骨头，不是擦破皮一类的小伤。</p>\r\n\r\n<p><img alt=\"\" src=\"/uploadImages/18150fb6-22c9-4ff3-9790-2509f90e89bd_.jpg\" style=\"height:767px; width:619px\" /></p>\r\n\r\n<p>3月20日，还有媒体发出了杨颖近日去医院复诊手伤的照片。杨颖从医院出来后，不顾手指受伤还带着固定器，就飞快用未受伤的手夹着烟开始吞云吐雾，姿势也非常熟练，堪称&ldquo;老烟枪&rdquo;。</p>\r\n\r\n<p>有网友于是脑洞大开，觉得杨颖不顾伤口也要抽烟，是不是因为婚姻状况亮红灯，因此抽烟消愁。</p>\r\n\r\n<p>&nbsp;</p>\r\n\r\n<p>毕竟杨颖受伤后，黄晓明的态度堪称耐人寻味。在粉丝都纷纷表示心疼的时候，黄晓明却毫无反应，没有任何表示。</p>\r\n\r\n<p>这样的态度和处理方式，让不少网友觉得黄晓明和杨颖感情破裂并非捕风捉影，而是有迹可循，两人婚姻状况亮红灯不再是传闻，而已经隐隐露出端倪。</p>\r\n\r\n<p><img src=\"http://pics7.baidu.com/feed/023b5bb5c9ea15ceacb70c13ef5db6f73a87b235.jpeg?token=09c37666177c7c060f80b51f0df0a521&amp;s=1AA87A23CCC3C8014A5461DA0100A0B2\" style=\"width:537px\" /></p>\r\n\r\n<p>不过，粉丝则认为这些想法都是天方夜谭。夫妻两人都是大忙人，无法一起庆生只能说明行程繁忙，不能说感情一定出现问题。而黄晓明如果要表达自己对妻子的关心，也不需要通过社交平台发声。</p>\r\n\r\n<p>对于黄晓明和杨颖的感情状况的争论始终不少，有人认为两人恩爱如初，有人甚至认为两人已经离婚。但其实不论真实状况如何，对于吃瓜群众而言，还是应该理性吃瓜，不能认为自己没看到的就是没发生，毕竟，明星虽然生活在镁光灯下，却不必要将自己的生活时时刻刻&ldquo;直播&rdquo;。</p>\r\n\r\n<p>更多娱乐八卦，都在会火</p>\r\n\r\n<p>佟大为关悦夫妇甜蜜亮相，大女儿颜值超高被指撞脸王祖贤</p>\r\n\r\n<p>李咏女儿法图麦再晒美照，16岁拿驾照，14岁出书，被赞才貌兼备!</p>\r\n\r\n<p>蔡明58岁近照曝光，不再光鲜亮丽，步履蹒跚变身买菜老奶奶?</p>\r\n', '2019-03-21 21:55:15', '0', '0', 'AB杨颖黄晓明感情破裂初现端倪?看似恩爱，这些细节却透露真相!', null);
INSERT INTO `sys_moments` VALUES ('306226865918578688', '306218396192739328', '258221379760033792', '杨幂胜诉洗清诈捐？判决书证明未侵犯名誉权，但存在拖捐事实', '/uploadImages/16cc6623-9b99-43e3-9075-8f37b995bfea_79f0f736afc37931b11559b123363b4142a91124.jpg', '<p>3月21日，根据法院最新消息，李萌和杨幂工作室的名誉侵犯案终于落下帷幕。判决书显示杨幂并没有构成对（李萌）名誉权的侵犯，法院驳回原告李萌的全部诉讼请求，杨幂胜诉。</p>\r\n\r\n<p><img alt=\"\" src=\"/uploadImages/436d0270-da80-4206-abbe-3dfc395054d8_.jpg\" style=\"height:522px; width:459px\" /></p>\r\n\r\n<p>去年4月，杨幂陷入&ldquo;诈捐门&rdquo;事件。据悉，杨幂曾在《我是证人》成都发布会期间，承诺捐给盲童学校的多台打印机，但一直没有后续，于是中间人李萌向媒体揭露，指责杨幂疑似诈捐。</p>\r\n\r\n<p>&nbsp;</p>\r\n\r\n<p>&ldquo;诈捐门&rdquo;事件持续发酵，杨幂形象一落千丈，随后杨幂工作室称并非&ldquo;诈捐&rdquo;，只是中间工作人员处理不当，所以款项才一直没到位，虽然杨幂后来完成了补捐，但是负面评论仍是不断。</p>\r\n\r\n<p>&nbsp;</p>\r\n\r\n<p>虽然&ldquo;诈捐门&rdquo;告了段落，但是李萌却认为杨幂方诬蔑自己，双方各持一词，你来我往，唇枪实战不断，最后李萌一纸状书将杨幂告上法庭，</p>\r\n\r\n<p><img src=\"http://pics3.baidu.com/feed/35a85edf8db1cb1310f0fae31aa6da4a90584b98.jpeg?token=56b12a2b3280b36555a0c552d0c6aaa3&amp;s=16D8AB7C12B2779ED61505E503007032\" style=\"width:537px\" /></p>\r\n\r\n<p>如今这桩名誉案终于告一段落，法院认定杨幂并没有侵犯李萌名誉权，杨幂胜诉，李萌也算是搬起石头砸自己的脚，很多网友也都在评论区支持杨幂，正义或许会迟到，但是不会缺席。</p>\r\n\r\n<p>&nbsp;</p>\r\n\r\n<p>可实际上，法院判定结果只是称杨幂没有侵犯李萌的名誉权而已。那么，杨幂到底有没有诈捐呢？我们来分析一下法院这张文件。</p>\r\n\r\n<p>&nbsp;</p>\r\n\r\n<p>第一，杨幂方确实将购置款项汇给李萌，但李萌却一直推迟购置工作，这才导致物资不到位。从这一点看，杨幂确实有点冤枉，明明已经给了钱，可李萌没有落实，最后还被扣上&ldquo;诈捐&rdquo;的名号。</p>\r\n\r\n<p>第二，杨幂方并不存在侮辱性言辞，李萌上述无效。</p>\r\n\r\n<p>&nbsp;</p>\r\n\r\n<p>第三，杨幂一开始承诺的是向学校捐赠了100根盲杖、50台盲人打字机，但实际上汇款只有盲杖的钱，并没有涉及打字机，打字机的50万是后来东窗事发后，杨幂方才补上的。</p>\r\n\r\n<p>&nbsp;</p>\r\n\r\n<p>不过这里也存在一个误会，在聊天记录中，李萌说：&ldquo;我们给学校提供了一个全新的盲文打字机教室，那教室花了我们40万呢&rdquo;。</p>\r\n\r\n<p>&nbsp;</p>\r\n\r\n<p>杨幂方工作人员以为打字机是李萌自己掏腰包，可实际上李萌并没有这个意思。</p>\r\n\r\n<p>&nbsp;</p>\r\n\r\n<p>尽管如此，杨幂方还是在宣传通稿上写已捐赠盲杖和打字机，本想落个好名声，没想到却被李萌摆了一道。</p>\r\n\r\n<p><img src=\"http://pics5.baidu.com/feed/6a600c338744ebf82b73963a1e0b5b2e6159a7a8.jpeg?token=e20a6dd446cfc04da2851eea36e1876e&amp;s=C892E01B9EB14C8256ED21E40300A032\" style=\"width:537px\" /></p>\r\n\r\n<p>因此，双方都有问题，杨幂认领打字机但没有兑现。并且，当时风波爆出后，尽管杨幂积极的补足捐款，但毕竟还是造成了不良影响，并且，做慈善给自己挣了好名声，但具体落实应该积极跟进啊，杨幂方面没有做好监管和落实，所以判决书侧面反映出杨幂当时的确存在拖捐行为；当然，李萌也有问题，先后被爆欠钱不还，还被列入失信人名单，在打字机这事上，还和杨幂玩文字游戏。</p>\r\n\r\n<p><img src=\"http://pics1.baidu.com/feed/a50f4bfbfbedab649c55799d3fc423c778311eba.jpeg?token=580f897d41afa6da1726253321596fbe&amp;s=3AA87023599FF0CE5E5D15C7010060B3\" style=\"margin:0px auto; width:535px\" /></p>\r\n\r\n<p>不过如果杨幂方工作人员能上点心，落实相关工作，和李萌说清楚捐赠款项，也不会落下一个&ldquo;诈捐&rdquo;的名号，希望以后明星们都能注意下这个问题。</p>\r\n\r\n<p><img alt=\"\" src=\"/uploadImages/26740e56-d259-493d-ae77-6f79be754725_.jpg\" style=\"height:479px; width:640px\" /></p>\r\n', '2019-03-21 21:57:19', '1', '0', '杨幂胜诉洗清诈捐？判决书证明未侵犯名誉权，但存在拖捐事实', null);
INSERT INTO `sys_moments` VALUES ('306227670956511232', '306218396192739328', '258221379760033792', '拍戏时曾被副导演“暗示”，这位女星直接痛骂对方！也太刚了吧', '/uploadImages/fca96c63-bc55-4f9a-94b2-5daa79a6f8a5_c75c10385343fbf2a221b6891294468464388f7d.jpg', '<p>在娱乐圈混的女明星，多多少少都会有一些绯闻，但下面这位女星，却是入行以来从无绯闻缠身。她就是韩雪。</p>\r\n\r\n<p><img alt=\"\" src=\"/uploadImages/a261bbfe-2a7c-4d43-a15d-5f52de6d914d_.jpg\" style=\"height:300px; width:500px\" /></p>\r\n\r\n<p>不过想来网友们也会非常疑惑，韩雪这么漂亮，怎么会没有绯闻呢？其实，不是没有绯闻找上身，而是韩雪洁身自好，将所有绯闻都拒之门外了。</p>\r\n\r\n<p><img alt=\"\" src=\"/uploadImages/580439f7-b9ed-41db-b01c-f184c9b31452_.jpg\" style=\"height:300px; width:500px\" /></p>\r\n\r\n<p>为什么这么说呢，因为近日有网友爆料，韩雪之前拍戏时曾遭副导演&ldquo;暗示&rdquo;，而韩雪听懂对方的意思后直接痛骂了对方。副导演以权谋私，将韩雪戏份剪得干干净净，但之后却遭到了封杀。</p>\r\n\r\n<p><img alt=\"\" src=\"/uploadImages/44b2d1e1-507e-4861-84f4-c8d757485278_.jpg\" style=\"height:216px; width:500px\" /></p>\r\n\r\n<p>恶人自有天收，这位副导演的结局也可谓是大快人心了。但更加值得称赞的是，韩雪作为一个在娱乐圈摸爬滚打了这么多年的女明星，竟然能够抵制诱惑、不走捷径，也是非常耿直了！</p>\r\n\r\n<p><img alt=\"\" src=\"/uploadImages/c0c16ab9-5243-435a-a940-ed61e755a9e0_.jpg\" style=\"height:677px; width:500px\" /></p>\r\n\r\n<p>而韩雪也一直凭借自己的努力，一步步地被观众所认识。在综艺节目《声临其境》、《演员的诞生》中，凭借超强的专业素养大放异彩。</p>\r\n\r\n<p><img alt=\"\" src=\"/uploadImages/e020d888-4887-452d-9b8b-68b9f8f9fa5b_.jpg\" style=\"height:246px; width:500px\" /></p>\r\n\r\n<p>这也是韩雪在用自己的亲身经历告诉所有娱乐圈的女艺人，越努力越幸运！</p>\r\n\r\n<p><img alt=\"\" src=\"/uploadImages/2d5a0bc0-ee02-47bf-b903-2eae75f6d5f9_.jpg\" style=\"height:294px; width:500px\" /></p>\r\n', '2019-03-21 22:00:31', '1', '0', '拍戏时曾被副导演“暗示”，这位女星直接痛骂对方！也太刚了吧', null);
INSERT INTO `sys_moments` VALUES ('306228284880982016', '306227866931171328', '258221020287209472', '惨烈！8个小时暴跌超80%，股价不足1毛钱，这家公司遭遇啥事了？', '/uploadImages/4d908ac6-297a-4961-b172-53660a571ded_4ec2d5628535e5dd84927b11d8212bebcc1b62aa.jpg', '<p>周一开盘遭遇洗仓式暴跌，港股中国融保金融集团（08090-HK）在暴跌逾80%后，股价不足1毛钱，紧急停牌。</p>\r\n\r\n<p>21日复牌，中国融保金融集团股价再次暴跌，跌幅一度下探超50%。连续两个交易日股价暴跌，大股东质押股票被强制出售，这只&ldquo;仙股&rdquo;是要羽化成神吗？</p>\r\n\r\n<p><strong>大股东股份被强制出售，股价暴跌</strong></p>\r\n\r\n<p>周一早盘，港股中国融保金融集团遭遇洗仓式暴跌。午后紧急停牌，停牌前股价报0.088港元，跌幅为78.293%。市值不足1.6亿港元，成交量高达1.21亿股，成交额达1444.51万港元。</p>\r\n\r\n<p><img src=\"http://pics2.baidu.com/feed/4ec2d5628535e5dd84927b11d8212bebcc1b62aa.jpeg?token=1b1a1388b8eb1405c3246e5672e55e65&amp;s=E0D333C25BE696494CD424010000D0C2\" style=\"margin:0px auto; width:460px\" /></p>\r\n\r\n<p>21日，港股中国融保金融集团复牌交易。没想到，复牌后的股价继续暴跌。早盘该股股价就急速跳水，跌幅一度下探52.27%。截至收盘，股价报收0.063港元，跌幅为28.41%。</p>\r\n\r\n<p>早间，中国融保金融集团发布公告称，董事会知悉公司股份于周一(18日)价格下跌及成交量上升。公司获执行董事兼主席彭文坚告知，其所持并存放于设有保证金融资之证券交易账户的合共4612.40万股公司股份(占已发行股本2.61%)于市场上出售，因其股票经纪进行强制出售所致。</p>\r\n\r\n<p>强制出售前，彭文坚及其间接全资拥有公司添御合共持有公司9.21亿股，占公司已发行股本约52.09%。其中2.08股已抵押予股票经纪商，占公司已发行股本约11.79%。添御所持有之6.55亿股股份(占公司已发行股本约37.05%)则以Prosperous International Finance Limited为受益人受押记。</p>\r\n\r\n<p>公司表示，GEM上市规则第5.56条规定，在公司刊发财务业绩当天及年度业绩刊发日期之前60日内董事不得买卖其所属上市发行人的任何证券，而强制出售构成彭文坚不遵守GEM上市规则第5.56条及5.61条。</p>\r\n\r\n<p>此外，公司获核数师通知，去年全年财务报表的审计工作尚未完成，仍待公司提供重大资料而未能继续进行审计工作。董事会会议将延迟至董事会将予厘定及公布的另一日期举行。</p>\r\n\r\n<p><strong>业绩不佳 股价持续走低</strong></p>\r\n\r\n<p>公开资料显示，中国融保金融集团主要从事向中国河北及厦门之中小企提供企业融资担保服务、履约担保服务及相关顾问服务的业务。集团为优质中小企业&ldquo;客户搭建贷款平台&rdquo;，满足企业对融资的需求及解决资金供应紧张问题；并为客户提供履约担保，促成交易成功。集团之业务主要通过三个业务分部进行运营：提供融资担保及顾问服务分部、提供软件开发分部及提供网上交易平台分部。集团的主要客户为中小企业，过去的客户包括房地产开发商、贸易公司、能源相关企业及建设相关企业。</p>\r\n\r\n<p>2012年1月，中国融保金融集团登陆港股，股价曾一路涨到了3.250港元。然而，从2015年下半年开始，该股股价就开始一路走低。</p>\r\n\r\n<p>股价的持续走低，与业绩不佳紧密挂钩。2017年度，中国融保金融集团营业总收入1678.40万元人民币（单位下同），同比减少97.6%；净利润亏损2.23亿元，同比下降291.8%。</p>\r\n\r\n<p>进入2018年，中国融保金融集团业绩未见改善。Wind数据显示，去年前三季度，公司营业总收入为915.20万元，同比减少43.88%；净利润亏损7694.20万元，同比扩大22.58%。</p>\r\n\r\n<p>Wind数据显示，年初至今该股股价已下跌90.16%，而最近两个交易日，就&ldquo;贡献&rdquo;了超80%的跌幅。有股民在股吧表示，暴跌或许与315曝光的&ldquo;714高炮&rdquo;有关。</p>\r\n\r\n<p>上游新闻记者 谢聘</p>\r\n', '2019-03-21 22:02:58', '0', '0', '惨烈！8个小时暴跌超80%，股价不足1毛钱，这家公司遭遇啥事了？', null);
INSERT INTO `sys_moments` VALUES ('306228483678408704', '306227866931171328', '258221020287209472', '美联储释放“超预期”信号：2019年不加息将利好新兴市场', '/uploadImages/fb3beae7-bbfd-40e1-b11e-754cf4f9dbab_738b4710b912c8fc9ba18d516bbd1e41d788211a.jpg', '<p><strong>(经济观察)美联储释放&ldquo;超预期&rdquo;信号：2019年不加息将利好新兴市场</strong></p>\r\n\r\n<p>中新社北京3月21日电 (夏宾)美联储3月议息会议决定维持联邦储备基金利率不变在市场预期之内，这场&ldquo;鸽声嘹亮&rdquo;的会议给出了两大&ldquo;超预期&rdquo;信号：2019年不加息，今年9月停止缩减资产负债表(下称&ldquo;缩表&rdquo;)计划。</p>\r\n\r\n<p><img alt=\"\" src=\"/uploadImages/964cd043-574b-4885-99e1-952dccadf49f_.jpg\" style=\"height:360px; width:540px\" /></p>\r\n\r\n<p>图为银行工作人员正在清点货币。 中新社记者 张云 摄</p>\r\n\r\n<p>不到半年时间，美联储对于2019年的加息前瞻已从3次降为0次，如此剧烈反复的变化在美联储历史上较为罕见。</p>\r\n\r\n<p>FXTM富拓货币策略和市场研究全球主管JameelAhmad对中新社记者说：&ldquo;现在已经接近美联储这一轮加息的末期了，现在美联储对整个经济的前景态度也发生了变化，相对有一些悲观，也和其他的央行一样表达了对经济增长动能的担心。&rdquo;</p>\r\n\r\n<p>在JameelAhmad看来，当前全球经济增长正在放缓，这也是美联储比较担心的问题，未来加息政策会更加谨慎。</p>\r\n\r\n<p>工银国际首席经济学家程实认为，此次美联储议息会议确证了政策立场由&ldquo;鹰&rdquo;转&ldquo;鸽&rdquo;，这一信号确证了美联储在经济乱局中的适时妥协。</p>\r\n\r\n<p>若2019年美联储不加息且继续实行鸽派立场政策将带来哪些影响？从美联储公布3月议息会议声明后的市场反应来看，美股、美债上涨，美元跳水下跌；人民币对美元汇率中间价21日较前一交易日上调251个基点，在岸人民币对美元即期汇率在当天早盘更是有涨破6.67的表现。</p>\r\n\r\n<p>摩根士丹利亚太地区联席CEO高浩沣甚至直言，美联储当前的政策决定对于所有类型的资产都很理想。</p>\r\n\r\n<p>程实则指出，美国经济不确定性&ldquo;退潮&rdquo;和通胀走势重返稳态这两个前提条件将使得美联储重拾&ldquo;鹰姿&rdquo;，但后者料将花费较长时间，因此，美联储的政策妥协将长期延续。受此影响，2019年美元指数易跌难涨，人民币等新兴市场货币的汇率压力将保持总体舒缓，国际资本流向新兴市场的大趋势难以逆转。</p>\r\n\r\n<p>&ldquo;2019年停止加息和退出缩表，对全球市场都是重大利好，尤其是对包括中国在内的新兴市场的汇率压力将会大大减弱，有利于新兴市场国家的流动性改善。&rdquo;星石投资组合投资经理袁广平还特别提到，美国对中国货币政策的约束会大大降低，中国央行的货币政策可以更加灵活。</p>\r\n\r\n<p>中信证券固收首席分析师明明认为，今年全球货币政策转向是影响资产价格的重要因素，从欧央行到美联储，都是&ldquo;一鸽再鸽&rdquo;。其中，转鸽的央行促使流动性改善，从而推动了风险资产价格的上涨；而货币政策不再抬升利率和充裕的流动性也促使债券收益率的下行。</p>\r\n\r\n<p>谈及美联储9月停止缩表计划的影响，华创证券首席宏观分析师张瑜指出，流动性环境将有所改善，美国长端利率或将有所下行：一方面，美联储结束缩表会改善全球流动性环境，利好市场流动性改善；另一方面，从MBS(抵押支持债券)收到的本金偿付款投资到美国国债，将增加美国国债的需求，压低美国长端国债的收益率，也会导致美债收益率曲线更加扁平化。</p>\r\n\r\n<p>袁广平亦认为，未来美联储在资产的持仓结构和期限的调整上值得关注，如果在期限安排上增加短期国债的配置，也有利于纠正美国长短期国债利差平坦化的趋势，提升对美经济前景的预期。</p>\r\n\r\n<p>&ldquo;展望未来，美联储何时结束妥协、重拾&ldquo;鹰姿&rdquo;，将成为下一个牵动全球市场的核心问题。&rdquo;程实说。(完)</p>\r\n', '2019-03-21 22:03:45', '0', '0', '美联储释放“超预期”信号：2019年不加息将利好新兴市场', null);
INSERT INTO `sys_moments` VALUES ('306228792249159680', '306227866931171328', '258221020287209472', '中石油：今年国际油价可能出现大幅度震荡', '/uploadImages/19fe225d-2514-43b7-9cdb-b9258b91a70d_342ac65c10385343c2d115f165e53c7acb80883b.png', '<p><img alt=\"\" src=\"/uploadImages/111b679d-2e3e-4c9d-b353-75abeb20ca22_.png\" style=\"height:276px; width:578px\" /></p>\r\n\r\n<p>中石油(00857)总裁侯启军表示，美国是油气生产大国，产量是全球第一，中国随著经济发展，能源的需求亦随之增加，他认为两国存在互补性，能有很好合作，改善能源结构，加上近日贸易谈判有进展，更坚定了与美国扩大合作的信心，而公司早前已开始向美国购入能源，并且有大量合作项目，非常看好双方合作。</p>\r\n\r\n<p>侯启军指，未来将会进一步加大「一带一路」倡议的发展力度，并会加大并购力度，提升公司国际化，增加海外业务的占比。</p>\r\n\r\n<p>他又提到，去年世界石油需求稳步增长，国际原油市场供需基本面重归平衡后再度转向过剩，国际油价呈倒V型走势，加上地缘政治风险及突发事件频发，令油价短期波动频繁。他预料，全球经济今年呈缓慢复苏趋势，经济环境面临风险和挑战，全球石油市场供需宽松，国际油价可能出现大幅度震荡。</p>\r\n\r\n<p>（文章来源：经济通中国站）</p>\r\n', '2019-03-21 22:04:59', '0', '0', '中石油：今年国际油价可能出现大幅度震荡', null);
INSERT INTO `sys_moments` VALUES ('306229005672124416', '306227866931171328', '258221020287209472', '恒大地产内部重组 回归A股持续推进', '/uploadImages/04f3a47f-e35e-4308-bc54-8a3a9c86f62c_a9d3fd1f4134970a61528aa6bcab5dcca6865dff.jpg', '<p>深深房A（000029）3月20日晚发出公告，标的公司恒大地产已完成房地产业务的内部重组，并取得香港联交所对中国恒大集团控股的恒大地产在A股重组上市的正式分拆批复。</p>\r\n\r\n<p>&nbsp;</p>\r\n\r\n<p><img src=\"http://pics1.baidu.com/feed/a9d3fd1f4134970a61528aa6bcab5dcca6865dff.jpeg?token=a84c68c6d75bd874050bf30f753c1045&amp;s=6136AC72B6C86EE855F0B1CE000070B3\" style=\"margin:0px auto; width:500px\" /></p>\r\n', '2019-03-21 22:05:50', '1', '0', '恒大地产内部重组 回归A股持续推进', null);
INSERT INTO `sys_moments` VALUES ('306229321364803584', '306227866931171328', '258221020287209472', '两大百亿企业相继倒下，直销行业经历阵痛之后将迎来又一波新曙光', '/uploadImages/543d732e-a7e6-4aa5-af97-376e454acf6b_b219ebc4b74543a92fe103cde7ee0686b8011433.jpg', '<p>进入2019年，大家普遍感受到直销行业面临的寒气与冷冬。</p>\r\n\r\n<p>权健事件之后，华林又相继倒下，直销企业的老板们各个心里没了底，到底直销还能不能做下去？这一问题困扰了众多直企决策者。据我了解，众多有上市背景的企业停止或暂停了直销业务，同时也解除了合作团队合作协议，本部业务己趋向零业绩。甚至有的直企老板也萌生过丢弃直销业务板块的想法，只是担心一旦宣布不做直销后，原有的业务团队会起哄，所以才没宣布而己。</p>\r\n\r\n<p>他们确实觉得不值得去这样冒险，因为随时都有一把&ldquo;剑&rdquo;（《直销管理条例》与《禁止传销条例》）悬在头上，也就会牵涉到多层次、跨区域、产品受限等问题，这是根源所在。</p>\r\n\r\n<p><img alt=\"\" src=\"/uploadImages/5499f286-4d74-436a-8183-13acfbb027da_.jpg\" style=\"height:512px; width:640px\" /></p>\r\n\r\n<p>在实际工作中，各直销企业遇到的实际困难就是各地都报备不了会议，而且媒体敲诈事件频繁发生，更有甚者，经销商碰瓷现象愈演愈烈，企业成了&ldquo;打土豪&rdquo;的对象，但这些企业只能打落牙齿往肚里吞，有苦不能说。</p>\r\n\r\n<p>另一方面，一些怪象、乱象丛生。趁直销公司不能正常开展工作之际，一些所谓打着新零售、新微商、去中心化思想的模式迅速崛起，这势必会让市场更乱。由于他们具备更加零碎、创业者低龄化、隐蔽性强、初生牛犊不怕虎等特点，还有不交税、偷漏税等情况就更不用说，夸大功效更是他们的家常便饭，由于他们不说自己是直销，但却采用多层次，也无跨区域的限制，因此这使得监管难度更大，这场对直销的整风运动势将会成为助纣为虐的笑话。（花生日记就是做大了才发现它是传销的案例）。</p>\r\n\r\n<p>以上种种迹象，不得不使人叩问：中国直销业还能存续吗？权健与华林这两家受处罚的企业，其经销商人数超百万，他们该何去何从？</p>\r\n\r\n<p><img src=\"http://pics1.baidu.com/feed/f31fbe096b63f624e4be3f007ebd67fc184ca3d4.jpeg?token=d8120e1637cb04c5d6e5da08ec688e43&amp;s=2D521FCBC85338DEE628C4330300C0D1\" style=\"width:537px\" /></p>\r\n\r\n<p><strong>通过对二十多家企业的走访，以及与各界大佬的深入交流，我认为应该确认以下几点：</strong></p>\r\n\r\n<p>一、本次因权健而引发的&ldquo;百日行动&rdquo;看似对直销行业造成了重创（大多数企业同比至少下降50%），但从长远来说，对行业其实是一件好事。</p>\r\n\r\n<p>1.这个行业确实有很多&ldquo;宿便&rdquo;（如：夸大宣传、唯利是图、不规范运作等）。但大多数企业的大多数经销商是规范的，这次清理，相当于一次排毒的过程。</p>\r\n\r\n<p>2.以前大家藏着掖着的问题，如多层次、跨区域、超批产品等一系列问题浮出了水面，这一切都与非国际惯例的《两个条例》有着密切的联系，从而也让政府开始重视这个行业的垢病，从而审视立法问题和执法问题。今年的两会就有人大代表提出修改《两个条列》的议案，而最近相关部门做的一系列调研会议也应该与此有关。</p>\r\n\r\n<p>3.通过这个&ldquo;百日行动&rdquo;，会让行业全体人员更加警醒，更加小心前行，倍加珍惜，从而也给所有规范的企业和从业者提供了一个公平的市场竞争环境。</p>\r\n\r\n<p>&nbsp;</p>\r\n\r\n<p>因此，所有直销从业者应当抛弃心灵的枷锁，跳出&ldquo;行业Game over&quot;的担忧，确认&ldquo;行业Go on&rdquo;的逻辑，对行业的未来稳定健康发展充满信心。</p>\r\n\r\n<p>二、权健与华林的企业舞台倒塌了，两家企业超百万经销商的出路应该给予引导。</p>\r\n\r\n<p>1.要认识到百万人的群体是牵涉到社会稳定的，所以应该采取引流措施而不是堵杀策略。</p>\r\n\r\n<p>2.要妥善处理&ldquo;善后&rdquo;。企业欠客户的货，政府一定要督导企业发出去，建议成立善后工作小组，妥善安排各类停止业务后的后续工作。因为若新客户没拿到货，从而引发纠纷，这势必会给社会安定团结带来巨大隐患。</p>\r\n\r\n<p>3.同时应对这两家经销商做一个引流方案，至少不能封堵，因为一旦封堵就会引发百万经销商团队都无所适从且产生恐慌，这样就会给社会安定带来隐患，甚至个别团队人员会走向歪道（如1998年&ldquo;四二一&rdquo;之后出现的&ldquo;1040&rdquo;工程就是深刻的教训）。</p>\r\n\r\n<p>最近出现的华林团队去前申牌公示企业的&ldquo;借尸还魂&rdquo;报道，使很多直企有了&ldquo;爱也不能爱，恨也不能恨&rdquo;的感受！</p>\r\n\r\n<p>4.通过我对权健和华林众多经销商的接触，我感受到，其实华林与权健的团队人员十分可爱，非常纯洁，绝大多数是从没做过直销的&ldquo;小白&rdquo;。夸大功效，虚假宣传的只是个别人。由于他们经历了&ldquo;大事件&rdquo;，他们绝大多数人会倍加珍惜，更加规范。如果他们转入正规的直销企业，只要引导正确，他们终会&ldquo;浴火重生&rdquo;，迅速走向正道！</p>\r\n\r\n<p>&nbsp;</p>\r\n\r\n<p>三、在行业敏感的时间窗口，直销从业人员需要有&ldquo;选择&rdquo;的智慧。</p>\r\n\r\n<p>在这里，我也给各位正在进行选择的团队提一些建议，如果你要重新选择公司，千万别盲目抉择，否则真会再次重演&rdquo;选择不对，努力白费&rdquo;的悲剧。</p>\r\n\r\n<p>1.一定要选有直销牌照的正规公司，千万别去选择那些无牌的不规范公司。</p>\r\n\r\n<p>2.有牌公司的含金量也是不一样的，这就要看你们团队人员所在区域的覆盖面是否与拿牌企业被批准的直销区域相匹配。因为批准的直销区域将决定你们团队是否能在当地开会以及开展直销活动。</p>\r\n\r\n<p>&nbsp;</p>\r\n\r\n<p>3.每一家公司的文化理念都是不一样的，如果原团队运作的理念与新接纳公司的理念不符，势必在日后运作中出现水土不服或血型不匹配的各种不良反应。</p>\r\n\r\n<p>4.在进入新公司运作时，一定要严格遵守新公司的相关规范去运作，一定要&ldquo;前事不忘后事之师&rdquo;，吸取过往的教训并规范前行。不要以为新公司的规范是对你的设限，应以前公司为戒，切忌夸大宣传、虚假宣传。</p>\r\n\r\n<p>&nbsp;</p>\r\n\r\n<p>当然还有很多细节，如产品、制度、支持力度、对接方案、管理团队的稳定性、决策人的意识形态等细节都需要一一权衡，但以上四点是关健。</p>\r\n\r\n<p>总之，不经历风雨怎能见彩虹？我相信整个直销行业已迎来了&ldquo;抛弃枷锁、浴火重生&rdquo;的重大转机！冬天即将过去，春天就要到来，经历阵痛之后的直销行业将迎来又一波新的曙光。</p>\r\n', '2019-03-21 22:07:05', '0', '0', '两大百亿企业相继倒下，直销行业经历阵痛之后将迎来又一波新曙光', null);
INSERT INTO `sys_moments` VALUES ('306229627456720896', '306227866931171328', '258221020287209472', '富士康公告子公司抛售阿里巴巴股票 套现近4亿美元', '/uploadImages/47fc8525-cede-41bf-accc-b4462efaa43f_e61190ef76c6a7efeeffdc0662472355f2de6672.jpg', '<p><img alt=\"\" src=\"/uploadImages/55cf527f-6d00-47ff-b387-7352c2826be5_.jpg\" style=\"height:384px; width:640px\" /></p>\r\n\r\n<p>新京报讯（记者 梁辰）富士康科技集团（又名鸿海精密）于3月20日夜间在台北证券交易所发布公告称，代子公司富士康创投控股有限公司披露出售220万股阿里巴巴集团股份，交易总金额约为3.98亿。</p>\r\n\r\n<p>公告显示，这笔交易的日期为3月20日，单价为181.1美元。阿里巴巴昨日最高价为181.95美元，最低位178.43美元，收盘价为181.28美元，当日跌幅0.47%。公告称，此次抛售为实现投资。</p>\r\n\r\n<p>本次交易前，富士康持有阿里巴巴集团259万股，占比为0.10%，累计持有金额约为4.71亿美元。也就是说，此次抛售后，富士康仍持有约39万股。据外媒援引知情人士称，这笔抛售是通过高盛集团管理的公开市场进行此项大宗交易。</p>\r\n\r\n<p>新京报记者 梁辰编辑刘晓阳校对卢茜</p>\r\n', '2019-03-21 22:08:18', '1', '0', '富士康公告子公司抛售阿里巴巴股票 套现近4亿美元', null);
INSERT INTO `sys_moments` VALUES ('306230192865677312', '306227866931171328', '258221020287209472', '伊朗将原油存在中国，委内瑞拉或将原油运往中俄后，事情又有新进展', '/uploadImages/b26901d1-7923-4d74-aa42-20c1201dd58d_b21bb051f8198618262622923265a2778ad4e6d4.jpg', '<p>过去半个多世纪以来，石油美元几乎成为全球石油国的一个梦魇。一旦美元通过各种金融限制，许多石油国则无法正常接收到经贸的款项，比如，美元通过对SWIFT金融体系的呼风唤雨，在这一体系垄断全球支付系统的情况下，石油国的金融通道则要依附于这一系统。</p>\r\n\r\n<p>不过，近年，情况不断发生着变化。我们注意到，无论是欧洲的发达国家还是新兴市场都在致力于推动独立于美元的全球支付系统。应该说，美元主导全球支付体系的日子正在渐行渐远。</p>\r\n\r\n<p><img alt=\"\" src=\"/uploadImages/2501a0fe-80df-43ba-930b-e9ab3b61ff30_.jpg\" style=\"height:296px; width:640px\" /></p>\r\n\r\n<p>例如，欧洲的德国和法国在去年就提出将建立一个独立于美元的全球支付系统，其目的正是规避石油美元的风险，以交易更多伊朗原油，因为伊朗原油受到了美元的金融限制。而不久前，据俄《消息报》记者，中国、俄罗斯、印度、巴西、南非这五个金砖国家统一支付系统将名为BRICS Pay。并表示，愿考虑参与平台融资。试点项目4月初即将在南非启动。</p>\r\n\r\n<p>专家认为，落实该项目有助于大幅减少对（现有）跨境支付系统的依赖。俄工商会主席谢尔盖&middot;卡特林称，将金砖各国国家支付系统进行对接已正式成为金砖国家优先项目之一，特别是考虑到金融市场和美元汇率的不可预测性。俄银行协会副主席奥列格&middot;普列克辛表示，一种可能的方案是创建一个特别的在线钱包，结合金砖各国支付系统，无论购买者账户为何种货币，都可通过手机应用程序在任一金砖国家成员国进行支付。</p>\r\n\r\n<p><img alt=\"\" src=\"/uploadImages/83c3fa6f-d9c9-438b-9727-508b373e4040_.jpg\" style=\"height:346px; width:640px\" /></p>\r\n\r\n<p>显然，欧洲国家和金砖国家都在为独立于美元的全球支付系统而做着各种布局。应该说，这可能是石油美元终结垄断地位的一个转折点，或也正是在这一金融全球大变革的背景之下，一些石油国在深受美元限制的情况下，开始想办法绕开美元体系，以规避各种风险，并获得更多实际收益。</p>\r\n\r\n<p>我们以拉丁美洲的委内瑞拉为例，俄媒RT日前报道报道，委内瑞拉最高能源官员称，受到限制的委内瑞拉可能会将最初运往美国的原油改道转移至其他国家，并补充说，这些原油可能会运往俄罗斯和中国。这就意味着委内瑞拉或将原油存在俄罗斯和中国。我们再结合本文前面提及的金砖国家正建立的支付体系，不难发现，委内瑞拉的上述原油通道和储存计划具有一定的现实意义。因为这样，委内瑞拉的石油公司或可以卖出更多原油，并收到经贸款项。</p>\r\n\r\n<p><img alt=\"\" src=\"/uploadImages/ad36fc25-aed5-4641-954f-84252ae7604c_.jpg\" style=\"height:420px; width:640px\" /></p>\r\n\r\n<p>这与伊朗在去年受到美元金融限制时，关于大量原油的处理方法存在相似之处。在去年11月时，据路透社消息，伊朗为防止因美元限制而失去国外客户，已经将2000万桶原油提前储存在中国大连的的保税仓库中，并决定将这些原油卖给哪些客户。也就是说，伊朗和委内瑞拉或都有可能通过中俄的相关渠道中转原油出口。</p>\r\n\r\n<p>值得注意的是，俄罗斯与拉丁美洲国家有几个联合项目，包括在能源、农业和国防等领域。委国稍早前表示希望内瑞拉国家石油公司PDVSA的欧洲总部迁往莫斯科，以降低来自于美元金融体系的风险，据悉，位于莫斯科的新总部或将于4月开张。这或许是美元并不愿意见到的事。无独有偶，事情又有了新进展。</p>\r\n\r\n<p>&nbsp;</p>\r\n\r\n<p>俄罗斯卫星通讯社3月21日报道，委国于3月20日宣布，俄罗斯将在下周开始向委内瑞拉运送数吨药品。&ldquo;俄罗斯联邦已经宣布，下周起将向委内瑞拉输送数吨各种药品和药剂，以周为单位定期供应。&rdquo;目前委内瑞拉的药品自给率达到70%，并预期俄罗斯、伊朗、白俄罗斯、中国和土耳其等国将帮助委内瑞拉解决民众药品供应不足的问题。（完）</p>\r\n', '2019-03-21 22:10:33', '0', '0', '伊朗将原油存在中国，委内瑞拉或将原油运往中俄后，事情又有新进展', null);
INSERT INTO `sys_moments` VALUES ('306230435585855488', '306227866931171328', '258221020287209472', '鸽声嘹亮！美联储维持利率不变并暗示年内不再加息', '/uploadImages/f36996d5-40b6-4275-9c48-0c8a428260fa_3ac79f3df8dcd1009447a5efd314cb14bb122f4c.jpg', '<p><img src=\"http://pics1.baidu.com/feed/3ac79f3df8dcd1009447a5efd314cb14bb122f4c.jpeg?token=28fccae7034c4dcb75adbf269e36629a&amp;s=F704D50C425D09CC380088C0030030B9\" style=\"margin:0px auto; width:400px\" /></p>\r\n\r\n<p>图片来源：摄图网</p>\r\n\r\n<p>北京时间今日（21日）凌晨2时，美联储公开市场委员会（FOMC）决定维持2.25%~2.50%的利率不变，并暗示今年不会再加息，符合市场预期。同时，与3个月前加息后的政策预测相比，美联储的态度出现了明显的鸽派转变。美联储还表示，计划在今年9月前结束对其4.2万亿美元资产负债表的大规模缩减。</p>\r\n\r\n<p>美联储的声明宣布后，10年期美债收益率跌至2018年1月以来的最低水平，报2.532%；5年期美债收益率则下跌10个基点报2.328%，为2018年2月以来新低；两年期美债收益率也跌至2.4%；短期的3个月美债收益率报2.473%&mdash;&mdash;10年期美债收益率与3个月期美债收益率之差为5.5个基点，为2007年9月以来收益率曲线首次降至10个基点以下。</p>\r\n\r\n<p>由于银行股走低，道指周三收跌0.55%，其中高盛领跌（-3.4%），美国银行、摩根士丹利、摩根大通和花旗集团股价则均收跌至少2%；SPDR标准普尔银行ETF（KBE）下跌3.2%。标普500收跌0.29%、纳指则小幅收涨0.07%。</p>\r\n\r\n<p>17位官员中11位认为年内无需加息</p>\r\n\r\n<p>FOMC成员在去年12月时曾预计，在2018年加息四次后，2019年再加息两次是合适的。他们当时还指出，在结束本轮于2015年年底开始的货币紧缩周期之前，至少还会加息一次。路透社的报道中则称，预计美国利率将在2020年某个时候达到2.6%的峰值，较联邦基金利率的历史平均水平低约1个百分点，这标志着美国经济将进入一个更加低迷的时期。</p>\r\n\r\n<p>然而，就目前的情况来看，除非情况发生重大变化，否则美联储不太可能加息。FOMC在今日凌晨的会后声明中表示，在采取任何进一步加息决定前，将继续保持&rdquo;耐心&ldquo;。在周三参与利率政策制定的17位官员中，有11位认为美联储今年根本不需要加息，远远高于去年12月的两位。</p>\r\n\r\n<p>申万宏源在研报中写道，&ldquo;本月不加息则意味着2017年6月开始每个季度加息一次的节奏被打破，于是6月也很难加息，甚至何年何月再重启加息都要求美联储找到一个极强的前提条件。&rdquo;</p>\r\n\r\n<p>《每日经济新闻》记者注意到，美联储周三维持利率不变的决定与之前摩根大通和野村的预期一致&mdash;&mdash;摩根大通及野村在最新的报告中均推迟对美国加息的预期，认为美国今年不会加息；其中野村更预测称美国FOMC将维持短期利率于现水平直至2020年底。</p>\r\n\r\n<p>摩根大通发表报告则称，该投行当前认为美联储将在今年内维持利率不变，此前预期为12月加息，该调整反映了美联储对平均通胀目标反应的持续变化。该行认为，美国通胀今年末将可能会略低于美联储2%的目标，且近期市场对通胀预期有滑坡的初步迹象。</p>\r\n\r\n<p>野村则预期FOMC将在2020年底前将短期利率维持在目前水平；此前该行曾预期今年下半年加息一次。FOMC参与者近期的一些评论表明，他们对通胀上行风险的关注度较低；而通胀数据已转弱，且近期油价下跌亦可能在未来几个月令整体通胀走低。</p>\r\n\r\n<p><img src=\"http://pics6.baidu.com/feed/96dda144ad345982128b714ead6bbda9caef8409.jpeg?token=c5932930540a5ae25c2ca3904aef6dca&amp;s=B1B7CF34543259823181D0C1030060E9\" style=\"width:537px\" /></p>\r\n\r\n<p>图片来源：摄图网</p>\r\n\r\n<p>决议后，年内降息的概率逐渐上升</p>\r\n\r\n<p>与此同时，美国GDP增长预期和通胀预期均有所下降，失业率预期也有所上升。其实就在不久前，美联储还致力于将货币政策从金融危机时期的宽松水平正常化，但本周议息会议的结果则代表着方向的明显转变。&ldquo;就业和通胀前景可能还需要一段时间才能明确政策的改变，&lsquo;耐心&rsquo;意味着我们认为当下没有必要匆忙对货币政策的变化做出判断。&rdquo;鲍威尔在FOMC声明发布后的新闻发布会上说道。</p>\r\n\r\n<p>在政策声明和预测公布后，明年之前降息的概率开始走升。据芝商所&ldquo;美联储观察（FedWatch）&rdquo;工具显示，截止北京时间21日上午7时，今年6月的FOMC议息会议上，美联储维持利率不变的概率为88.2%，降息25个基点的概率为11.6%，加息概率为0；在9月的会议上，维持利率不变的概率为78.9%，降息25个基点概率为19.4%、降息50个基点概率为1.6%，加息概率为0；在12月的会议上，维持利率不变的概率为66.6%，降息25个基点概率为28.3%，降息50个基点概率为4.7%，加息概率同样为0。</p>\r\n\r\n<p>《每日经济新闻》记者注意到，过去七年时间来，美联储一直将联邦基准利率维持在接近零的水平，进而刺激房地产市场和整体经济活动。不过，美联储现任和前任主席鲍威尔和耶伦一直在寻求让货币政策回到一个能让美联储有喘息空间的水平。</p>\r\n\r\n<p>此外，美联储的官员目前预计今年美国的经济仅将增长2.1%（按中值计算），低于去年12月时预测的2.3%；通胀率将达到1.8%，与三个月前的预期相比下调了0.1个百分点；预计今年美国的失业率为3.7%，与三个月前的预期相比上调了0.2个百分点。FOMC在声明中称，尽管今年2月份的非农就业人数增长2万人&mdash;&mdash;虽然就业市场依然强劲，但经济活动&ldquo;已经开始放缓&rdquo;。具体来说，&ldquo;最近的指标显示，今年第一季度家庭支出和企业固定投资增长出现放缓，预计这期间GDP的增幅将是温和的。&rdquo;</p>\r\n\r\n<p>虽然鲍威尔表示美国经济目前处于&ldquo;良好的状况&rdquo;，且前景是&ldquo;积极的&rdquo;，但他表示风险仍在继续，其中包括英国脱欧、中美贸易谈判等。&ldquo;在我看来，这些数据目前没有发出我们需要朝某个方向行动的信号，这也是我们保持耐心的好时机。&rdquo;</p>\r\n\r\n<p>路透社报道中还称，今年年初美国家庭支出和企业投资均出现放缓，这节能意味着由于大规模减税计划和政府支出引发的2018年经济井喷式增长将提前结束。</p>\r\n\r\n<p>全球多个不确定性支撑暂停加息</p>\r\n\r\n<p>《每日经济新闻》记者还注意到，其实不光是美联储，全球主要的几大央行在今年以来都已经接连释放了鸽派信号：欧洲方面，欧洲央行已将加息的预期从2019年夏季推迟至年末。今年2月以来，印度、澳大利亚、埃及等更多央行加入鸽派行列，全球央行似乎同步转向。</p>\r\n\r\n<p>华泰证券认为，美国货币政策对发达经济体的牵引作用明显大于新兴经济体(尤其是在降息周期)。中国的货币政策在过去20年中绝大多数时间都是&ldquo;以内为主&rdquo;，华泰证券预计今年中国的货币政策取向&ldquo;偏松&rdquo;，但不会因为美国的快速&ldquo;转鸽&rdquo;，而盲目跟随。</p>\r\n\r\n<p>&ldquo;随着全球各国经济周期相关性大大增强，美国货币政策外溢影响也愈发凸显。发达经济体经济波动具有相当强的同步性，政策协调具备时间一致性，降息同步性更强，加息注重相机抉择。而大多数新兴经济体在经济周期、金融周期、通胀周期上都有较大分歧，货币政策同步性较差。除非少数金融危机时刻，面临资本外流较大压力，才会有短时间的跟随行为。&rdquo;华泰证券在研报中写道。</p>\r\n\r\n<p>&ldquo;欧洲方面，刚刚退出量化宽松政策的欧洲央行面对经济寒风的侵袭，态度也有所转变。2018年四季度欧元区GDP季环比增长0.2%，为近4年新低，欧央行已将加息的预期从2019年夏季推迟至2019年年末。此外，若英国最终无协议脱欧，或者出现其他未知风险并导致欧元区经济出现大幅下行，欧洲央行重启宽松的可能性将大增。亚洲方面，由于通胀低迷始终没能开始货币正常化进程的日本央行，在今年将更趋谨慎。日本央行预计，今年内不会改变宽松政策立场。新兴经济体更是山雨欲来风满楼，2月以来，印度央行意外降息25个基点，澳大利亚央行也发出了鸽派暗示，埃及央行更是出乎意料地宣布降息100个基点。短短3-4个月的时间，各国央行纷纷掉头，发出2009年以来最为鸽派的声音。&rdquo;华泰证券研报中补充称。</p>\r\n\r\n<p>申万宏源则认为，&ldquo;2019年美国加息放缓，对新兴市场汇率压力减轻，有望吸引更多的国际资金流入。美国暂停加息有望保持美欧利差平稳。欧洲经济在金融危机之后复苏并不强劲，如今又有英国脱欧悬而未决，对英国和欧元区经济都是负面影响，英国投资数据已经下滑。在美国进入加息周期后，美欧长端利差逐渐扩大。欧洲央行重启宽松的货币政策，这对美元形成升值压力，这也是暂停加息的原因之一。&rdquo;</p>\r\n', '2019-03-21 22:11:30', '0', '0', '鸽声嘹亮！美联储维持利率不变并暗示年内不再加息', null);
INSERT INTO `sys_moments` VALUES ('306230858124234752', '306227866931171328', '258221020287209472', '刚刚新西兰公布GDP数据，与澳大利亚成难兄难弟！中国威力太大？', '/uploadImages/7131eb52-6a01-4d9e-99db-373ebea076c2_d439b6003af33a87e2871f585ad09c3c5243b51e.jpg', '<p>周四（3月21日）早上，继美国强烈鸽派的利率决议之后，新西兰经济也迎来考验。新西兰统计局公布的数据显示，虽然2018年第四季度新西兰GDP季率符合预期，达到0.6%，但是第四季度GDP年率却低于前值和预期，仅为2.3%。这意味着虽然去年第四季度新西兰的GDP表现好于2017年，但是从全年来看其经济表现仍出现下行。</p>\r\n\r\n<p>&nbsp;</p>\r\n\r\n<p>去年第四季度，新西兰跟着澳大利亚一起凑热闹，跟风美国宣布禁止华为参与其5G网络建设，一时间似乎让华为陷入四面楚歌的困境之中。此举令中国人感到十分愤怒，对新西兰彻底改观。</p>\r\n\r\n<p>迟钝的新西兰政府后知后觉，直至今年2月份才发现，从2018年11月份起，前往该国的中国游客连续3个月出现断崖式下跌。对于这个经济十分依赖旅游业的小国来说，失去中国游客的&ldquo;宠爱&rdquo;之后，经济可能从盛夏直接转入&ldquo;寒冬&rdquo;。</p>\r\n\r\n<p>&nbsp;</p>\r\n\r\n<p>因此，新西兰政府连忙改口，称其从未将华为5G排除在外。不过，去年第四季度该国GDP必定是无法挽救了，日内公布的数据就显示出了这一点。至于该国改口后能否重获中国游客的好感，从而再次提振其经济还很难说。</p>\r\n\r\n<p>值得注意的是，在新西兰改口之后，澳大利亚却仍强硬到底，导致中国买家从铁矿石、煤炭及房地产等领域撤离，该国经济也正值疲软之际，而且恐怕比新西兰还要更惨一点。&ldquo;瘦死的骆驼比马大&rdquo;，相比之下，虽然美联储释放强烈鸽派信号，预示着美国经济可能见顶，但是美国的经济依然要比澳大利亚和新西兰好得多。</p>\r\n\r\n<p><img alt=\"\" src=\"/uploadImages/507b01b3-b6fd-478c-8627-e524d619b5b3_.jpg\" style=\"height:440px; width:640px\" /></p>\r\n\r\n<p>这其实给了澳大利亚和新西兰一个教训，小国就应该有小国的自觉，不该插手的事情就别随便插手，不然这边两个小国已经沦为难兄难弟，那边美国即使不受影响也不会出手相助，只会冷眼旁观。</p>\r\n', '2019-03-21 22:13:11', '0', '0', '刚刚新西兰公布GDP数据，与澳大利亚成难兄难弟！中国威力太大？', null);
INSERT INTO `sys_moments` VALUES ('306231103012868096', '306227866931171328', '258221020287209472', '腾讯总裁刘炽平：现在没有计划将新的业务拆分上市', '/uploadImages/452a7174-f7e0-4440-b008-ad7c8ded44f9_5243fbf2b21193137b1d967ad7db80d393238d82.jpg', '<p><img src=\"http://pics1.baidu.com/feed/5243fbf2b21193137b1d967ad7db80d393238d82.jpeg?token=4de8b4c7db63030d211bb0ea04dbf5c9&amp;s=7A301EC5044AB74908017C130300F053\" style=\"width:537px\" /></p>\r\n\r\n<p>3月21日下午消息，腾讯控股（00700.HK）发布2018年全年财报。财报显示，第四季度腾讯实现营收848.96亿元，同比增长28%，公司权益持有人应占盈利142.29亿元，同比下滑32%，非通用会计准则下公司权益持有人应占盈利197.30亿元，同比增长13%。</p>\r\n\r\n<p>2018年全年，腾讯实现营收3126.94亿元，同比增长32%，公司权益持有人应占盈利为787.19亿元，比去年同期增长10%。</p>\r\n\r\n<p>在随后的业绩发布会上，有记者提问：是否会回大陆市场上市，今年是否有新的业务拆分上市。</p>\r\n\r\n<p>腾讯总裁刘炽平表示：虽然我们现在净现金有一点负，其实我觉得要看我们市值的话，相对这个市值，相对我们非常强劲一个现金流，其实我们这个净负债不是任何一个影响。至于哪分拆，哪上市，对于整个中国这一边新的资本市场环境我们会维持积极关注，但现在没有什么计划。现在说分拆我们也没有任何计划进行进一步的分拆。</p>\r\n\r\n<p>文章来源：新浪科技</p>\r\n', '2019-03-21 22:14:10', '0', '0', '腾讯总裁刘炽平：现在没有计划将新的业务拆分上市', null);
INSERT INTO `sys_moments` VALUES ('306231320533667840', '306227866931171328', '258221020287209472', '“好想你”董事长被举报性侵女记者，身家超十亿，今赚钱不靠红枣', '/uploadImages/f40eec07-1ea7-4f61-be60-5a5ae929509b_u=3821706360,3715149781&fm=173&app=25&f=JPEG.jpg', '<p>作者 | 市界 李广</p>\r\n\r\n<p>编辑 | 老拿</p>\r\n\r\n<p>英雄难过美人关？一封匿名举，令58岁的&ldquo;好想你&rdquo;董事长石聚彬陷入一场桃色绯闻。</p>\r\n\r\n<p>举报信称，2018年12月14日，石聚彬以饭局为由邀请一名女记者在位于郑州市某酒店21楼吃饭，后下药迷昏该女记者并进行性侵。目前该举报信已不见于网络。</p>\r\n\r\n<p>3月19日，石聚彬回应媒体称，&ldquo;尊重法律！尊重事实！尊重公德！尊重自己！&rdquo;并表示已向警方报案。</p>\r\n\r\n<p>创始于1992年的&ldquo;好想你&rdquo;，靠红枣起家，如今业务扩展到坚果、果干、冻干等产业，公司于2011年5月20日年在深交所中小板上市。截至3月20日，好想你股价为9.32元，市值47.8亿元，石聚彬持有1.29亿股股份，身家12亿元。</p>\r\n\r\n<p><img src=\"http://pics6.baidu.com/feed/eaf81a4c510fd9f99709c5cff87e582e2934a4d6.jpeg?token=6d9ffcea4837ce7dc5e7cb69fb0e8ffd&amp;s=3C867C3201825D5D18E530CB000070B2\" style=\"width:537px\" /></p>\r\n\r\n<p>好想你股价走势图</p>\r\n\r\n<p><strong>全村第一个万元户</strong></p>\r\n\r\n<p>&ldquo;好想你&rdquo;被称为中国红枣产业第一股，石聚彬靠着一颗红枣从农民变身为企业家。</p>\r\n\r\n<p>1961年，石聚彬出生于河南新郑的一座小村庄，姊妹四人最初对生活的领悟就是，太苦了。家乡土地贫瘠，粮食常年歉收，但非常适合种枣。</p>\r\n\r\n<p>本想依靠读书实现鲤鱼跃龙门，无奈1982年石聚彬高考落榜，此后，他就从村委会盘下一片枣园，以卖枣为生。1986年，石聚彬偶然得知深圳人爱用红枣煲汤，他决定南下卖枣。</p>\r\n\r\n<p>卖枣第二年，石聚彬成为村里第一个万元户。当年，他被选为村长，乡亲们认为石聚彬有本事，能带领大家发家致富。</p>\r\n\r\n<p>石聚彬在村里收购了20吨大枣，租来5辆大卡车，再下深圳。结果，全村人的希望破灭了。因路上连续降雨，不但耽误了时间，而且一半大枣发霉变质，石聚彬这一趟净亏5万元。回到村里第二天，石聚彬辞去村长职务，无颜留在村里面对乡亲父老，只好外出打工。</p>\r\n\r\n<p>石聚彬去到郑州一家印刷厂，一干就是5年，从搬运工一路升到副厂长，攒了点钱后，石聚彬回到村子，挨家挨户把欠款还上。</p>\r\n\r\n<p>让石聚彬既感动又害怕的是，村支书问石聚彬 &ldquo;能否带大家再干一次？&rdquo; 石聚彬考虑再三，决定重整旗鼓，继续为村民卖枣。二话不说，辞去副厂长，回到村里卖枣！</p>\r\n\r\n<p><strong>打造枣业帝国</strong></p>\r\n\r\n<p>从哪里跌倒，就从哪里爬起来，不过这一次，石聚彬转变了思路。石聚彬琢磨，如果只是单纯地卖枣，可能永远只是一个卖枣的，他决定对枣进行加工后再售卖。</p>\r\n\r\n<p>石聚彬承包了一家干鲜果加工厂，并借着中国申办奥运会，将工厂取名&ldquo;奥星&rdquo;(意为&ldquo;奥林匹克之星&rdquo;，即&ldquo;好想你&rdquo;的前身)。凭借着当时对广州地区消费市场的观察研究，他发现当地人喜欢用枣煲汤，回去后就收购了一批鸡心红枣，用人参和枣研发出新产品&ldquo;鸡心人参枣&rdquo;，非常受消费者欢迎，当年工厂创利税30万元。</p>\r\n\r\n<p>从此，石聚彬的红枣生意开始迅速发展，他也从普通&ldquo;枣贩&rdquo;转变为进行规模化、企业化销售的民营企业主。他说：&ldquo;因为我的梦想一直都是做红枣生意，所以没有犹豫就决定回来创办企业。只要是关于红枣的事情，我都特别有干劲，喜欢研究新产品。&rdquo;</p>\r\n\r\n<p>石聚彬围绕红枣开发出免洗红枣、枣生核、脆片、枣片、蜜饯、枣干、焦枣、脆枣、枣粉、蜂蜜、枣饮料等多个产品系列，200多种单品，申请了近400项专利。</p>\r\n\r\n<p>石聚彬的枣业帝国雏形显露。</p>\r\n\r\n<p><strong>中国红枣第一股</strong></p>\r\n\r\n<p>产业越做越大，石聚彬的也因也越来越大，开始谋求上市。</p>\r\n\r\n<p>上市的第一步，石聚彬认为要先有一个全国知名的品牌。打造品牌之前，石聚彬还做了一件事&mdash;&mdash;开红枣专卖店，在此之前，从未有过任何一家店只出售红枣产品。石聚彬取店名为&ldquo;好想你&rdquo;。</p>\r\n\r\n<p>当时周围人都觉得这名字&ldquo;特俗&rdquo;&ldquo;不正经&rdquo;，结果招牌打出去后，&ldquo;好想你&rdquo;这名字就自带传播属性，一度成为红枣的代名词，市面上曾出现&ldquo;好相你&rdquo;&ldquo;真想你&rdquo;&ldquo;想念你&rdquo;灯山寨品牌。</p>\r\n\r\n<p>此后，石聚彬又开发出枣片、枣粉等产品，受到市场追捧，成为老百姓日常送礼佳品。还有各式各样的枣干、蜜饯系列、鸡心枣、金丝枣、无核红枣、枣馍馍、枣酒、枣饮、枣醋、脆枣、香酥焦枣、红枣糕点、红枣酪，石聚彬的花样儿不断翻新。</p>\r\n\r\n<p>2011年5月20日，&ldquo;好想你&rdquo;在深圳中小板上市，石聚彬成为&ldquo;中国红枣大王&rdquo;。</p>\r\n\r\n<p>上市后，好想你先后建立了河南新郑、河北沧州、新疆若羌、新疆阿克苏四个生产基地，开创了由种植到销售、观光旅游一体化的全产业经济链条。</p>\r\n\r\n<p><strong>红枣退后，坚果上位</strong></p>\r\n\r\n<p>好景不长，好想你上市后业绩连年亏损。</p>\r\n\r\n<p>年报显示，好想你2013年净利润为6200万元，同比下滑 32.53%；2014 年净利润又将至5300万元；2015年，好想你净亏损300多万。</p>\r\n\r\n<p>&nbsp;</p>\r\n\r\n<p>好想你2009年-2015年净利润（单位：万元）</p>\r\n\r\n<p>受到电商的冲击，好想你专卖店关门数量也越来越多。2012年，好想你专卖店数量达到巅峰，共计2217家；2013年，1916家；2014年，1400多家；2015年，1200多家。如今，好想你门店只剩800多家。</p>\r\n\r\n<p>石聚彬慌了，比当年卖枣亏5万时还要慌。石聚彬意识到，好想你必须转型了，随后制定了休闲化、去核化、电商化的新战略。</p>\r\n\r\n<p>2016年8月18日，好想你以9.6亿的高价拿下休闲食品行业巨头百草味的母公司杭州郝姆斯食品有限公司100%股权，以期强力拉动在互联网平台的销售。</p>\r\n\r\n<p>石聚彬非常看好这一次并购，认为两家公司极具互补性，&ldquo;好想你以生产型为主，百草味以营销性为主；前者发展供应链，后者发展前端。我们要将好想你和百草味做体制型一纵一横战略：纵，就是围绕着红枣深加工纵深发展；横，就是围绕与红枣相关联的药食同源的健康零食来发展。&rdquo;</p>\r\n\r\n<p>并购当年年报显示，年好想你实现营业收入20.72亿元，比上年同期增长86.14%，归属于上市公司股东的净利润为3927.24万元，同比增长1314.69%。这一年，好想你主营业务由红枣系列产品拓展至坚果等健康零食。</p>\r\n\r\n<p>营收构成显示，坚果蜜饯行业营收10.69亿元，在总营收中占比52.02%；枣产品行业9.53亿元，占比42.46%。</p>\r\n\r\n<p><img src=\"http://pics1.baidu.com/feed/9a504fc2d5628535f438e82c4bbcfac2a6ef63be.jpeg?token=4093d7272cbcc91d39b4d11de524b8aa&amp;s=1C027433435275CC5E7194DB000080B1\" style=\"width:537px\" /></p>\r\n\r\n<p>数据来源：同花顺</p>\r\n\r\n<p>2017年，石聚彬更加坚定发展坚果产业，并把公司名称由&ldquo;好想你枣业股份有限公司&rdquo;变更为&ldquo;好想你健康食品股份有限公司&rdquo;，称&ldquo;变更后的公司名称更能体现公司未来的发展方向和发展战略，与公司当前主营业务更加匹配。&rdquo;</p>\r\n\r\n<p>年报显示，好想你2017年营收40.7亿元，同比增长96.47%，净利润1.07亿元，增长172.19%。其中，坚果蜜饯行业营收30.38亿元，占比75.17%；枣产品行业营收与去年基本持平，为9.61亿元，占比较去年下降至23.78%。</p>\r\n\r\n<p>&nbsp;</p>\r\n\r\n<p>另外值得注意的是，好想你2017年两个电商&ldquo;百草味&rdquo;和郑州&ldquo;树上粮仓&rdquo;，会员总数突破4000万，线上销售总额已经占到公司年销售额的80%以上。</p>\r\n\r\n<p>2019年2月26日，好想你发布2018年度业绩快报，实现营业总收入49.49亿元，同比增长21.59%；归属于上市公司股东的净利润1.28亿元，同比增长20.09%。</p>\r\n\r\n<p>报告称增长原因系公司新品开发效率提升，大单品策略取得成果；公司电商渠道销售继续稳健增长，新零售业务获得阶段性进展；公司加强对费用的管控，内部组织管理效率的提升等。</p>\r\n\r\n<p>靠红枣起家的石聚彬，未来会成为中国的&ldquo;坚果大王&rdquo;吗？</p>\r\n', '2019-03-21 22:15:01', '0', '0', '“好想你”董事长被举报性侵女记者，身家超十亿，今赚钱不靠红枣', null);
INSERT INTO `sys_moments` VALUES ('306231499865329664', '306227866931171328', '258221020287209472', '社保卡有两个密码，事关自身权益，不得不知！', '/uploadImages/f7515a71-5ff2-4014-bd05-ed079d067f2b_38dbb6fd5266d0169043d3a6d7c4580337fa35dd.jpg', '<p><strong>社保卡，是每一位交社保的人必有的一张卡，但是你真的了解你的社保卡吗？这张卡上有非常重要的密码，关系着大家的社保权益。</strong></p>\r\n\r\n<p><strong>今天，为大家介绍下社保卡密码的用途。</strong></p>\r\n\r\n<p><img alt=\"\" src=\"/uploadImages/2a406634-b864-49aa-8626-10ee18ddbf39_.jpg\" style=\"height:357px; width:600px\" /></p>\r\n\r\n<p><strong>社保卡密码</strong></p>\r\n\r\n<p>社保卡密码分为<strong>社保账户密码</strong>和<strong>金融账户密码</strong>。</p>\r\n\r\n<p>社保账户密码用于办理社会保障业务及其他社会公共业务，金融账户密码用于办理银行相关的金融业务。</p>\r\n\r\n<p><strong>两个账户均设有原始密码，持卡人激活社保卡的同时应修改设置社保卡的社保账户与金融账户密码。</strong></p>\r\n\r\n<p><strong>社保账户密码修改、重置</strong></p>\r\n\r\n<p>持卡人持有效身份证件、社保卡；委托他人代理的，还须提供代理人有效身份证件原件。可持卡到社保卡服务窗口修改或重置社保账户密码。忘记密码需办理密码重置。</p>\r\n\r\n<p><strong>金融账户密码修改、重置</strong></p>\r\n\r\n<p>金融账户密码修改和重置由持卡人在社保卡合作金融机构任一营业网点办理。持卡人需持社保卡和有效身份证件，网点经办人员核对手续无误后办理金融账户密码修改和重置。</p>\r\n\r\n<p><strong>常见社保卡诈骗手段</strong></p>\r\n\r\n<p>01</p>\r\n\r\n<p>通知参保人领取社保卡补贴金</p>\r\n\r\n<p><strong>案例：</strong>电话通知参保人有未领取的社保卡补贴金&times;&times;&times;元，务必于&times;&times;日&times;&times;时之前到当地社保局办理相关手续领取，要求参保人提供身份证号、社保卡号提前预约登记。</p>\r\n\r\n<p>02</p>\r\n\r\n<p>告知参保人社保卡异常或被停用</p>\r\n\r\n<p><strong>案例：</strong>利用技术手段将诈骗电话显示为&ldquo;当地区号-12333&rdquo;，自称人社局12333服务热线工作人员，以&ldquo;社保卡异常将被强行终止&rdquo;为由，索取参保人身份证号、社保卡号、姓名、密码等个人信息，或要求向指定账户缴纳手续费。</p>\r\n\r\n<p>03</p>\r\n\r\n<p>提醒参保人社保卡被盗刷</p>\r\n\r\n<p><strong>案例：</strong>发送短信提醒参保人&ldquo;您的社保卡在外地医院消费（透支/盗刷）&times;&times;&times;元，因涉案金额较大已移交公安机关处理，为保障账号安全，需要核实社保卡密码、身份证号码等关键信息&rdquo;，继而以其他借口，要求参保人将资金转移到指定账户。</p>\r\n\r\n<p><strong>网警提示</strong></p>\r\n\r\n<p><strong>凡是以各种借口索要身份证号及姓名、社保卡社保账户及密码、社保卡金融账户及密码的，凡是以各种借口要求向指定账户打钱、转账的，请一律拒绝。</strong></p>\r\n\r\n<p>同时，<strong>不要随便点击或者拨打短信里的不明链接或电话，</strong>如果遇到类似诈骗电话或诈骗短信，请直接拨打人力资源和社会保障政策咨询热线12333进行确认。</p>\r\n\r\n<p>素材来源：工人日报</p>\r\n\r\n<p>（转自：首都网警）</p>\r\n', '2019-03-21 22:15:44', '0', '0', '社保卡有两个密码，事关自身权益，不得不知！', null);
INSERT INTO `sys_moments` VALUES ('306232819456282624', '306232379880640512', '258221020287209472', '宋佳一身牛仔现身机场，被网友吐槽不像女孩，很男友风！ ', '/uploadImages/30694670-a95d-4d7a-86aa-d908c53b63de_a8165dda63264f3e8d77b749d07e1900.jpg', '<p>长相一般的宋佳，居然可以靠着气质深受大家喜欢，人们羡慕宋佳的气质与魅力，机场里的造型，让人们眼前一亮，这还是女孩子嘛？耍帅的造型，看起来炫酷十足，宋佳一身牛仔，成为机场里的亮点。衣时髦，帅气的像个男朋友，春季最抢手的牛仔，被宋佳诠释的淋漓尽致，网友们吐槽不像女孩子？从上倒下，都流露出男孩子的霸气，佩服！</p>\r\n\r\n<p><img src=\"http://5b0988e595225.cdn.sohucs.com/images/20190321/ea3b864e5538414aac7911ef4402e37b.jpeg\" style=\"height:auto; margin:10px auto 0px\" /></p>\r\n\r\n<p>牛仔套装，看起来更加迷人，脚踩一双白色帆布鞋，平底设计，也完全不会影响到自己的身高，宋佳搭配的丸子发型，看起来十分有气质，霸气侧漏，这不就是女王的气质吗？女神宋佳的穿衣方式，也是没谁了，网友们表示不像个女孩子。</p>\r\n\r\n<p><img src=\"http://5b0988e595225.cdn.sohucs.com/images/20190321/1dca8754cada45feb9ddf1d044538620.jpeg\" style=\"height:auto; margin:10px auto 0px\" /></p>\r\n\r\n<p>身穿一条浅蓝色牛仔裤，休闲的设计，看起来十分舒适，同时搭配的时尚小衫，拼接款式为自己加分，好身材被大家喜欢，看到宋佳的完美气质，简直不要太迷人。宋佳穿衣十分随意，注重舒适度的宋佳，机场里被淹没在人海中。</p>\r\n\r\n<p><img src=\"http://5b0988e595225.cdn.sohucs.com/images/20190321/eef5c094ce364afaa93866e2277b0835.jpeg\" style=\"height:auto; margin:10px auto 0px\" /></p>\r\n\r\n<p>走路都自带帅气，宋佳的发型，真心惊艳到我了，随意到卖菜大妈同款，丸子发型，油亮油亮的，看起来降低自己明星气质，这还是我们熟悉的宋佳吗？搭配一身牛仔，衬托白皙肤色，帅气的墨镜，让宋佳十分炫酷。</p>\r\n\r\n<p><img src=\"http://5b0988e595225.cdn.sohucs.com/images/20190321/7d78660b257348aa985acfe7ef90492e.jpeg\" style=\"height:auto; margin:10px auto 0px\" /></p>\r\n\r\n<p>就连小衫都充满活泼感，宋佳注重细节，穿衣也显得活力十足，宋佳拥有好身材，身穿牛仔套装，看起来格外帅气。与平时的宋佳判若两人，机场里的自己变得十分随性自然，凸显出苗条身材，一个手势，说明了一切。</p>\r\n\r\n<p><img src=\"http://5b0988e595225.cdn.sohucs.com/images/20190321/a8165dda63264f3e8d77b749d07e1900.jpeg\" style=\"height:auto; margin:10px auto 0px\" /></p>\r\n\r\n<p>百变女神宋佳，衬衫上衣，衬托白皙肤色，同时搭配的黑色紧身裤子，好身材真心让人们羡慕。宋佳的穿衣品味，真心被大家喜欢，时而活泼，时而女神，甚至都可以不像女孩子？让网友们眼前一亮，简直不要太迷人。</p>\r\n\r\n<p><img src=\"http://5b0988e595225.cdn.sohucs.com/images/20190321/2ce1ad641cc54b999f6ee586d0e8fb60.jpeg\" style=\"height:auto; margin:10px auto 0px\" /></p>\r\n\r\n<p>一条白色连衣裙，让宋佳回到了女神巅峰时刻，开叉裙摆，让自己美出新高度，同时搭配的一字带凉鞋，亮晶晶的款式，更加女神，让宋佳格外气质，倍受大家喜欢。宋佳从头美到脚，好身材简直就是衣架子，看起来更加高级。</p>\r\n\r\n<p><img src=\"http://5b0988e595225.cdn.sohucs.com/images/20190321/66b1af1a873b41458bd86008af308ac8.jpeg\" style=\"height:auto; margin:10px auto 0px\" /></p>\r\n\r\n<p>身穿格子大衣的宋佳，看起来更加接地气，同时搭配的丸子发型，可爱气质十足，简约大气穿衣品味让宋佳更加接地气，衬托白皙肤色为自己加分，看起来更加活泼减龄，让宋佳美出新高度，换了穿衣方式，宋佳又变回女神了。</p>\r\n', '2019-03-21 22:20:59', '0', '0', '宋佳一身牛仔现身机场，被网友吐槽不像女孩，很男友风！ ', null);
INSERT INTO `sys_moments` VALUES ('306233300471648256', '306232379880640512', '258221379760033792', '孙怡早年照片美得只有腿？腿精江疏影都不是她对手，佩服！ ', '/uploadImages/d4e86def-db0d-42a6-8861-ae4387df9994_db77c01a7a8b482480b8922c5e9d95a2.jpg', '<p>成为辣妈的孙怡，好身材让人们羡慕不已，即使青涩的早年照片，都让人们更加喜欢，看到多年前的照片，美得只剩腿了，这样的孙怡，你们喜欢吗？即使腿精江疏影都不是她的对手，真心佩服孙怡，从小美到大，那些有名的女星都快比不过了。大家喜欢孙怡的清纯，也羡慕她的长腿，瘦出新高度，仿佛活在了自己世界里，美的很自然。</p>\r\n\r\n<p><img src=\"http://5b0988e595225.cdn.sohucs.com/images/20190321/db77c01a7a8b482480b8922c5e9d95a2.jpeg\" style=\"height:auto; margin:10px auto 0px\" /></p>\r\n\r\n<p>年轻的孙怡，身穿一件白色短袖上衣，搭配一条蓝色短裤，衬托出自己的苗条长腿，瘦出新高度，让孙怡更加迷人。同时搭配的苗条身材，让人们更加喜欢，同时高腰的裤子，流露出时尚感，真是从下美到大啊，让人们爱不释手。</p>\r\n\r\n<p><img src=\"http://5b0988e595225.cdn.sohucs.com/images/20190321/000bbfb206344738bbed258db8dad5d8.jpeg\" style=\"height:auto; margin:10px auto 0px\" /></p>\r\n\r\n<p>成名之后的孙怡，变得更加气质，身穿一件白色宽松上衣，针织面料，让自己更加出彩，同时搭配的黑色短裤，长腿简直就是从漫画中走出来的，看起来格外洋气，充满女神气质。好身材尽收眼底，让孙怡充满时尚感。</p>\r\n\r\n<p><img src=\"http://5b0988e595225.cdn.sohucs.com/images/20190321/4f944b2875034de6a5afbf3261d07810.jpeg\" style=\"height:auto; margin:10px auto 0px\" /></p>\r\n\r\n<p>娱乐圈里的腿精，就是江疏影了，因为长腿出名，穿衣搭配简直就是衣架子，看到江疏影的长腿，怎么觉得与孙怡差远了？人家可是从小美到大，纯天然的好身材，自然吸引大家眼球，江疏影贵在衣品，看起来高档许多。</p>\r\n\r\n<p><img src=\"http://5b0988e595225.cdn.sohucs.com/images/20190321/ac7986fae8c348e29511a461da5b5b5b.jpeg\" style=\"height:auto; margin:10px auto 0px\" /></p>\r\n\r\n<p>牛仔半身裙，穿出活泼感，同时脚踩一双白色尖头鞋子，女人味十足，更加迷人气质，同时搭配的白色衬衫，衬托出自己的活泼气质，让人们更加喜欢，搭配的白皙美腿，吸引大家眼球，气质爆棚，难怪自己会那么火。</p>\r\n\r\n<p><img src=\"http://5b0988e595225.cdn.sohucs.com/images/20190321/6e0a38b5c7a447078c4481d3f51ade97.jpeg\" style=\"height:auto; margin:10px auto 0px\" /></p>\r\n\r\n<p>江疏影穿衣品味，让人们喜欢，长腿也很加分呢！脚踩一双白色平底鞋，衬托自己的长腿，看起来魅力十足，同时搭配一条白色短裤，让自己更加高级，江疏影的魅力，大家都看在眼里，如今孙怡取代了她的位置，你们怎么看？</p>\r\n\r\n<p><img src=\"http://5b0988e595225.cdn.sohucs.com/images/20190321/2114607a78114c1c85a451d8d5a9a243.jpeg\" style=\"height:auto; margin:10px auto 0px\" /></p>\r\n\r\n<p>娱乐圈里的美腿也忒多了吧？看到倪妮之后，不知道还以为这是p出来的图片呢！倪妮的蓝色西装上衣，宽松大码的设计，给人穿裙子既视感，同时脚踩一双蓝色高跟鞋，尖头设计，女人味十足，这双美腿，真心美出新高度。</p>\r\n\r\n<p><img src=\"http://5b0988e595225.cdn.sohucs.com/images/20190321/642af90b11a34fa991b6b44e75dd56fb.jpeg\" style=\"height:auto; margin:10px auto 0px\" /></p>\r\n\r\n<p>唐嫣的好身材，穿裙子再美不过了！身穿一条白色镂空连衣裙，露出白皙美腿，看起来仙女气质爆棚，修身设计的裙子，更加凸显气质，让唐嫣越发仙女，被大家喜欢，结婚之后的唐嫣，身材真心被大家羡慕，看起来很养眼。</p>\r\n', '2019-03-21 22:22:54', '2', '0', '孙怡早年照片美得只有腿？腿精江疏影都不是她对手，佩服！ ', null);
INSERT INTO `sys_moments` VALUES ('306233631565811712', '306232379880640512', '258221379760033792', '高跟鞋+裙子，让你的春天更显高贵女人味! ', '/uploadImages/2adc0cb7-fa3f-4431-b464-587d11a32846_1a6ae755723a443ca5600e4c8c1e6158.jpg', '<p><img src=\"http://5b0988e595225.cdn.sohucs.com/images/20190321/1a6ae755723a443ca5600e4c8c1e6158.jpeg\" style=\"height:auto; margin:10px auto 0px\" /></p>\r\n\r\n<p>如果说春天的连衣裙是必不可少的服饰，那么春天必不可少的鞋子那一定就是高跟鞋了。想要让自己看去更加时尚而且有女人味，那么你就要为自己挑选一双高跟鞋哦，带给你无限的魅力。今天小编将会继续和大家分享一下关于高跟鞋时尚的搭配，希望大家能够喜欢。</p>\r\n\r\n<p><img src=\"http://5b0988e595225.cdn.sohucs.com/images/20190321/8daae699598945c0aa6f5b42c8c97778.jpeg\" style=\"height:auto; margin:10px auto 0px\" /></p>\r\n\r\n<p>尽管你已经到达了30岁，但是千万不要服老，因为这个年龄你会看上去更加的有女人味。小姐姐身上穿着一件黑色简约的背心，下半身搭配着一条优雅的包臀裙，裙身波点的款式，带着青春与俏皮，微微开叉的设计让她走路的时候，双腿显得更加的优雅，再搭配上一双尖头的高跟鞋，提上一个墨绿色的包包，成熟有气质。</p>\r\n\r\n<p><img src=\"http://5b0988e595225.cdn.sohucs.com/images/20190321/5cbd69862dfe42239509079a9ffe617e.jpeg\" style=\"height:auto; margin:10px auto 0px\" /></p>\r\n\r\n<p>小黑裙是所有裙装中比较受欢迎的款式，它不仅让女生看上去气质优雅，还带有显瘦的效果，小姐姐留着一头飘逸的中长发，身上穿着一件无袖黑色连衣裙，修身的款式加上微微宽松的裙摆，能够让她的酸腿显得比较纤细，脚上搭配上一双尖头的高跟鞋，优雅有气质，背上一个米白色的包包，让整体看上去比较的清新。</p>\r\n\r\n<p><img src=\"http://5b0988e595225.cdn.sohucs.com/images/20190321/2fdfc407b8d54d819024e0d1cffd0e26.jpeg\" style=\"height:auto; margin:10px auto 0px\" /></p>\r\n\r\n<p>想要让自己看的更有仙气一点吗？那么你可以尝试一下穿搭纱裙出街，小姐姐身上穿的这件长款的连衣纱裙，优雅又修身的款式，能够给他塑造更加完美的身材，在袖口处以及裙摆处，拼接带有薄纱的设计，带着浪漫与仙气，脚上搭配上一双气质的尖头高跟鞋，走在那个路上，犹如女神一般。</p>\r\n\r\n<p><img src=\"http://5b0988e595225.cdn.sohucs.com/images/20190321/51f6d58a5ae94460885556589428003b.jpeg\" style=\"height:auto; margin:10px auto 0px\" /></p>\r\n\r\n<p>作为一个身材小巧的女生，在转一大杯上面，应该让自己看上去更加的小鸟依人。小姐姐身上穿着这件黑色的v领连衣裙，气质又小巧的v领上面带有蕾丝的花边，看上去浪漫又优雅，多层次的裙摆能够打造出一种很好的视觉效果，脚上可以穿上一双尖头的高跟鞋，尖头有延伸脚步的作用，让双脚显得更加的修长，背上一个气质的米白色链条包，显得更加的时尚。</p>\r\n\r\n<p><img src=\"http://5b0988e595225.cdn.sohucs.com/images/20190321/6b83d4af84ed4b238615c10ed745bf92.jpeg\" style=\"height:auto; margin:10px auto 0px\" /></p>\r\n\r\n<p>小姐姐头上染着酒红色的发色，让她看上去更加的轻熟有韵味，上半身搭配上一件印花的吊带背心，清新又靓丽，下半身穿着一条白色的短裤，裤子的下摆带有多层次的视觉效果，脚上搭配上一双一字带的高跟凉鞋，在背上一个粉红色的包包，让自己年轻又有魅力。</p>\r\n', '2019-03-21 22:24:12', '0', '0', '高跟鞋+裙子，让你的春天更显高贵女人味! ', null);
INSERT INTO `sys_moments` VALUES ('306233865205321728', '306232379880640512', '258221379760033792', '陈小纭给人一种很清爽的感觉，貌美腿直，想不火都难！', '/uploadImages/5428742d-4e70-4304-919b-431b59404b5f_eaa014f8574f41b6860c6e4c267a6215.jpg', '<p>到了夏天又是大家开始露腿的季节了呀，但是如果你没有一双又长又白又直的大长腿，试问你敢露出来吗？尤其是穿上超短裤之后那些腿部的缺陷会暴露出来，所以拥有一双好腿是非常重要的一件事情了。陈小纭就是一个这样的存在，她的腿又长又直又白，而且肤白貌美的给人一种非常小清新的感觉，很多人都说也难怪她现在越来越火了呀，这都跟人家自身条件有关系，看起来就是非常清爽的一个妹子所以越看越喜欢了呢。</p>\r\n\r\n<p><img src=\"http://5b0988e595225.cdn.sohucs.com/images/20190321/894bb9e12b0a406090adb5a43f609367.jpeg\" style=\"height:auto; margin:10px auto 0px\" /></p>\r\n\r\n<p>陈小纭穿了一件白色的一字肩看起来非常的小清新了呀，搭配的是一条条纹的超短裤显得更加的清纯了，她的这个脸部看起来还是非常干净的那种给人一种与世无争的感觉。而且看起来特别的小巧可爱了呀非常的舒服。</p>\r\n\r\n<p><img src=\"http://5b0988e595225.cdn.sohucs.com/images/20190321/eaa014f8574f41b6860c6e4c267a6215.jpeg\" style=\"height:auto; margin:10px auto 0px\" /></p>\r\n\r\n<p>她和郑爽站在一起的时候两个人风格还是蛮像的呀，因为都是属于那种甜美可爱型的，陈小纭她这个状态想不火都难呀因为她的腿非常的直，而且人也非常甜美这个脸型是非常招人喜欢的那种，看起来很可爱。</p>\r\n\r\n<p><img src=\"http://5b0988e595225.cdn.sohucs.com/images/20190321/de91a8023cf940a882f8c677069067a0.jpeg\" style=\"height:auto; margin:10px auto 0px\" /></p>\r\n\r\n<p>这次她穿着一件白色的衣服非常的性感了，搭配了一条粉红色的长裤显得她的腿更加的修长了呢，而且还是那双玫红色的高跟鞋非常的少女的一个颜色了，主要是她皮肤白所以这样的颜色也可以很轻松的驾驭住。</p>\r\n\r\n<p><img src=\"http://5b0988e595225.cdn.sohucs.com/images/20190321/021dd2db240e4055a91ca53fc12d054d.jpeg\" style=\"height:auto; margin:10px auto 0px\" /></p>\r\n\r\n<p>黑色V领的短裙非常的性感了，裙子的袖子旁边是那种蕾丝的设计显得很有魅力的呀，而且这样看起来特别的成熟了，搭配的是一双银白色的高跟鞋看起来更加的高贵气场很强大了，她的这个腿看起来很直了</p>\r\n\r\n<p><img src=\"http://5b0988e595225.cdn.sohucs.com/images/20190321/b45cae9c8b9247fd9bed521bb4cd8859.jpeg\" style=\"height:auto; margin:10px auto 0px\" /></p>\r\n\r\n<p>红色的长裙显得更加的成熟有魅力啊，而且红色会显得她的皮肤更加的白皙，陈小纭肤白貌美的气质好身材又好真的太让人羡慕了，她这个腿也真的是逆天了呀，又长又白又直的试问谁不想要呢？衣服怎么穿都好看。</p>\r\n\r\n<p><img src=\"http://5b0988e595225.cdn.sohucs.com/images/20190321/fa23c3556d684714b67eec80d503aa88.jpeg\" style=\"height:auto; margin:10px auto 0px\" /></p>\r\n\r\n<p>一件裸色的长裙穿起来真的很性感，因为她的身材非常的好所以把她的优点都给凸显了出来，这条裙子下半身是那种一层一层的设计非常的巧妙了，而且她的身材看起来非常的高挑了，尤其是穿上这双高跟鞋之后更加的有气场。</p>\r\n\r\n<p><img src=\"http://5b0988e595225.cdn.sohucs.com/images/20190321/82c42481154d4baf8f43f90575f2fa04.jpeg\" style=\"height:auto; margin:10px auto 0px\" /></p>\r\n\r\n<p>陈小纭穿了一件黄色的卫衣看起来非常的有活力了呀，而且这个颜色显得她更加可爱的呢和她的短发非常的搭配。白色的超短裤和黄色的衣服搭配起来还挺亮眼的，所以陈小纭火起来真的不是没有道理的。</p>\r\n', '2019-03-21 22:25:08', '0', '0', '陈小纭给人一种很清爽的感觉，貌美腿直，想不火都难！', null);
INSERT INTO `sys_moments` VALUES ('306234191912243200', '306232379880640512', '258221379760033792', '关晓彤直播，星星妆搭糖果色发绳扎小辫太美，未修图的大长腿惊艳 ', '/uploadImages/980ece03-51e1-4a27-a96c-109a0caa0e97_dc6b44bad12041019942c12ef779d96c.jpg', '<p>童星出道的关晓彤，在一众小花中从小就依靠不俗的演技收获不少粉丝的喜欢。现在长成大姑娘的关晓彤，不仅有演技，还有颜值有身材，172cm的身高就有着108cm的大长腿，可以说算是内外兼修的类型了。青春靓丽的外表、姣好的演技加上可爱的性格，现在可是圈粉不少，而她青春靓丽的穿搭，也非常值得学习借鉴。</p>\r\n\r\n<p><img src=\"http://5b0988e595225.cdn.sohucs.com/images/20190321/2d32c478d627418eabfe013e83aedb5d.png\" style=\"height:auto; margin:10px auto 0px\" /></p>\r\n\r\n<p>因为身材颜值出众，平时各种青春靓丽的造型即使是简简单单也能穿出不错的效果。比如简单红色卫衣搭配黑色破洞牛仔裤，这种非常日常的单品搭配，格外适合21岁的关晓彤，显得很学生气。流苏毛边的牛仔裤露出脚踝，脚踩一双小白鞋，也能轻松秀出大长腿，这身材就很值得羡慕了。</p>\r\n\r\n<p><img src=\"http://5b0988e595225.cdn.sohucs.com/images/20190321/c9d5756c5211437b892a8a5017ab83fc.png\" style=\"height:auto; margin:10px auto 0px\" /></p>\r\n\r\n<p>一袭清新碎花裙，柔和配色的浅绿色印花搭配晓彤白皙的皮肤，穿出来特别洋气清新。波浪形的裙摆和领口袖口的精致荷叶边搭配一起，更显小女生的娇俏甜美。披肩卷发，让晓彤看起来更甜美有活力，扎成公主头更是美成了小公主。而膝盖以上的前短后长的裙摆，也是完美秀出惊艳长腿，这双不用修的美腿，真是相当耐看了。</p>\r\n\r\n<p><img src=\"http://5b0988e595225.cdn.sohucs.com/images/20190321/a112b76753324b3ca1fab07b4a441b1f.jpeg\" style=\"height:auto; margin:10px auto 0px\" /></p>\r\n\r\n<p>3月21日，作为代言人的关晓彤现身华为门店进行淘宝直播。当天大长腿关晓彤上线，身穿t恤搭配短裤，当天造型青春靓丽又清爽减龄，还轻松秀出不输超模的大长腿，不得不说直播截图都那么好看，这颜值这身材也太抗打了吧！</p>\r\n\r\n<p><img src=\"http://5b0988e595225.cdn.sohucs.com/images/20190321/1c20b2271d174c32b176b6db5885bdd1.jpeg\" style=\"height:auto; margin:10px auto 0px\" /></p>\r\n\r\n<p>Maje白色印花t恤搭配白色短裤，整体清新配色与粉色印花搭配，甜美可爱又休闲的风格非常适合关晓彤。一头披肩长发，带点自然小卷的发型非常自然蓬松显发量，而扎着几个白色糖果色发绳的关晓彤，更是显得好美了。</p>\r\n\r\n<p><img src=\"http://5b0988e595225.cdn.sohucs.com/images/20190321/13c03ef5d53f43ddb20c0a67a434c00e.jpeg\" style=\"height:auto; margin:10px auto 0px\" /></p>\r\n\r\n<p>仔细看当天不仅扎了糖果色发绳的小辫子，还戴了粉嫩嫩的糖果色发卡，这样的发型相信很多女生小时候都扎过吧！不过现在看来颜值高果然任性，连这样俗气的小辫子也能出来惊艳又不俗气的效果，还格外衬托晓彤甜美又活力的气质，真是意外美得惊艳。</p>\r\n\r\n<p><img src=\"http://5b0988e595225.cdn.sohucs.com/images/20190321/4029bb9ee9cf45d1a4a0e44099e261b8.jpeg\" style=\"height:auto; margin:10px auto 0px\" /></p>\r\n\r\n<p>当天晓彤的妆容也是一大亮点，眼尾下面还有亮晶晶的小星星点缀，这个白色的bling小星星和充满活力的发型搭配一起，有亮点又显活力，真是堪称完美啊！别看只是一点点点缀，却能起到格外吸睛抓眼球的作用。</p>\r\n\r\n<p><img src=\"http://5b0988e595225.cdn.sohucs.com/images/20190321/dc6b44bad12041019942c12ef779d96c.jpeg\" style=\"height:auto; margin:10px auto 0px\" /></p>\r\n\r\n<p>当然108cm的长腿，也是不输颜值的存在，自然也是不能少的。直播截图来看，这双腿真心不用修图了，又细又长又直，还不是那种特别骨感的效果，真是让人实名羡慕啊！</p>\r\n\r\n<p><img src=\"http://5b0988e595225.cdn.sohucs.com/images/20190321/52e215b625294bfa84416d9ee95438a6.jpeg\" style=\"height:auto; margin:10px auto 0px\" /></p>\r\n\r\n<p>关晓彤直播，星星妆搭糖果色发绳扎小辫太美，未修图的大长腿惊艳！越来越喜欢关晓彤了，作为童星中的一员，她不仅演技好，还格外勤奋努力。祝福这个可爱的晓彤越来越好，不知道你有没有被晓彤美到呢？</p>\r\n\r\n<p>声明：文字原创，图片来自网络，如有侵权，请联系我们删除，谢谢。</p>\r\n', '2019-03-21 22:26:26', '1', '0', '关晓彤直播，星星妆搭糖果色发绳扎小辫太美，未修图的大长腿惊艳 ', null);
INSERT INTO `sys_moments` VALUES ('306234634453258240', '306232379880640512', '258221379760033792', '迪丽热巴咋了？有360度无死角的颜，却还是输给佟丽娅的一个侧身 ', '/uploadImages/aeed364a-6786-4734-b97b-4bc82dfc0c49_46bf877a65114ded88cfa83bceb14de1.jpg', '<p>迪丽热巴作为新晋的小花，真是获得了大家的喜爱，出道至今，也是为大家贡献了不少经典的角色。迪丽热巴是新疆人，所以她的长相比较立体，特别的偏异域风情，出众的长相让她星途变得更加顺利。</p>\r\n\r\n<p><img src=\"http://5b0988e595225.cdn.sohucs.com/images/20190321/54c6dd3f34a6457a9530162ff42e9dfb.jpeg\" style=\"height:auto; margin:10px auto 0px\" /></p>\r\n\r\n<p>凭借着不俗的样貌和完美的身材，迪丽热巴在事业上的发展真是十分的顺利，获得了不少时尚和影视剧的资源，经常会受邀参加各种不同的红毯走秀，或者是电影节的开幕式，她每次亮相时的造型也是会让大家惊艳一把。</p>\r\n\r\n<p><img src=\"http://5b0988e595225.cdn.sohucs.com/images/20190321/a4eb129237ef449b92968527a88bc160.jpeg\" style=\"height:auto; margin:10px auto 0px\" /></p>\r\n\r\n<p>只见，这次出席活动的迪丽热巴穿上了一条红色的皮裙，真是集野性和女人味于一体。红色一直都是比较张扬的颜色，穿起来就给人一种特别有活力的感觉，而且这种鲜艳的红色穿起来还能显出白皙的肌肤，真是一举两得。</p>\r\n\r\n<p><img src=\"http://5b0988e595225.cdn.sohucs.com/images/20190321/51fdb72e7c4a4415916a0b4f36f86773.jpeg\" style=\"height:auto; margin:10px auto 0px\" /></p>\r\n\r\n<p>红色的皮裙还自带百褶纹，穿起来让迪丽热巴显得更加优雅，这条连衣裙的版型比较宽松，所以迪丽热巴又在腰间系上了一根棕红色的宽腰带，不仅很好的提升了造型感，同时也是勒出了小细腰。</p>\r\n\r\n<p><img src=\"http://5b0988e595225.cdn.sohucs.com/images/20190321/8150585276274194b70fd7d910512903.jpeg\" style=\"height:auto; margin:10px auto 0px\" /></p>\r\n\r\n<p>背心裙采用了深V的设计，让迪丽热巴能够秀出精致的锁骨线，显出了好身材。虽然迪丽热巴的脖颈修长，锁骨明显，可是迪丽热巴的手臂却是有些粗壮，穿上这条背心裙后真的是分分钟露出了麒麟臂。</p>\r\n\r\n<p><img src=\"http://5b0988e595225.cdn.sohucs.com/images/20190321/4b7b4d0c63f749ab8b64af7a42d9dcb4.jpeg\" style=\"height:auto; margin:10px auto 0px\" /></p>\r\n\r\n<p>这种背心吊带裙一直以来都是十分受女星的欢迎，因为穿起来真是能够完美的秀出好身材。同是新疆出生的佟丽娅也有 穿过类似的吊带裙，不过佟丽娅穿出来的效果却是和迪丽热巴完全不同。</p>\r\n\r\n<p><img src=\"http://5b0988e595225.cdn.sohucs.com/images/20190321/a35dccf79805473cbc9e55fb00baff67.jpeg\" style=\"height:auto; margin:10px auto 0px\" /></p>\r\n\r\n<p>佟丽娅穿的是件粉色的吊带裙，粉色真是装嫩必备，穿在佟丽娅的身上，真是让她显出了满满的少女风，可是这条裙子又是比较性感的深V设计，让佟丽娅秀出了性感撩人的事业线，特别的吸睛。</p>\r\n\r\n<p><img src=\"http://5b0988e595225.cdn.sohucs.com/images/20190321/840b32d5fa8f4163b7be3ea2cd753e5a.jpeg\" style=\"height:auto; margin:10px auto 0px\" /></p>\r\n\r\n<p>佟丽娅的身材真是非常完美了，全身上下可以说真是一点赘肉都没有，尤其是穿上这条粉色的吊带裙，真是将好身材完全都给显露出来了。</p>\r\n\r\n<p><img src=\"http://5b0988e595225.cdn.sohucs.com/images/20190321/9621987570c54c7cb58312e4a4ac9507.jpeg\" style=\"height:auto; margin:10px auto 0px\" /></p>\r\n\r\n<p>粉色的吊带裙穿在佟丽娅的身上，让她显出了完美的肩背部曲线，再搭配上这种小短发的发型，真是显得特别俏皮，有时髦感。</p>\r\n\r\n<p><img src=\"http://5b0988e595225.cdn.sohucs.com/images/20190321/46bf877a65114ded88cfa83bceb14de1.jpeg\" style=\"height:auto; margin:10px auto 0px\" /></p>\r\n\r\n<p>迪丽热巴这次真是输的有些惨，虽然她有三百六十度无死角的颜，却也是输给了佟丽娅的一个侧身。迪丽热巴虽然颜值出众，可是这身材却是有些辣眼，尤其是这粗壮的手臂，和佟丽娅的天鹅臂一对比，那真是输得惨不忍睹。迪丽热巴咋了？有360度无死角的颜，却还是输给佟丽娅的一个侧身！</p>\r\n', '2019-03-21 22:28:12', '1', '0', '迪丽热巴咋了？有360度无死角的颜，却还是输给佟丽娅的一个侧身 ', null);
INSERT INTO `sys_moments` VALUES ('306234916708945920', '306232379880640512', '258221160834142208', '当旅行遇见电影，发现不一样的香港 ', '/uploadImages/71187117-f039-48ae-a9f8-d3d960904ad2_f03f6aff46c545bebc69599a4a07c233.jpg', '<p>对于喜爱港片的朋友来说，应该会对太平山非常熟悉。</p>\r\n\r\n<p>放眼中华大地，太平山绝对算不上&ldquo;高山&rdquo;，但却是整个香港的制高点，当之无愧地成为标志性景点，自然就成了影视剧中的&ldquo;常客&rdquo;，其中就包括《星月童话》、《芬梨道上》、《太平山下》等影片。</p>\r\n\r\n<p><img src=\"http://5b0988e595225.cdn.sohucs.com/images/20190321/247b718f2791458a8cbfee143f5a771e.jpeg\" style=\"height:auto; margin:10px auto 0px\" /></p>\r\n\r\n<p>太平山古称香炉峰，又称扯旗山，据传清嘉庆年间大海盗张保仔盘踞港岛时，在山下设东西营盘，并利用该峰作瞭望台，一旦看到海上有商船经过，就用旗号通知山下营寨，出动船只去劫掠，故称扯旗山。</p>\r\n\r\n<p>复古红色缆车可谓太平山的一大特色，也是大多数人选择登顶的交通方式。山顶缆车自1888年5月30日正式投入服务，与香港电车、天星小轮合为拥有百年以上悠久历史的交通工具，也是全亚洲最早的缆车索道系统，全长1350米，最陡角度达27度。在缓缓攀升的过程中，可以体验到&ldquo;天翻地覆&rdquo;的感觉，同时还能俯瞰山下的美景，妙不可言。</p>\r\n\r\n<p><img src=\"http://5b0988e595225.cdn.sohucs.com/images/20190321/e98d7190accd4ac6a629cbe0a04e7c7c.jpeg\" style=\"height:auto; margin:10px auto 0px\" /></p>\r\n\r\n<p>不过，其缺点在于等待时间过长，即便是平时，队伍都排成了一字长蛇阵。若是没有耐心排队，也可选乘巴士或者的士前往山顶！</p>\r\n\r\n<p><img src=\"http://5b0988e595225.cdn.sohucs.com/images/20190321/7ab7eda731f041d0ad0a79488f88cf1d.jpeg\" style=\"height:auto; margin:10px auto 0px\" /></p>\r\n\r\n<p>为了让游客尽享登顶之乐，山顶上设有不少观景台，包括卢吉道观景台、狮子亭、位于山顶广场顶层的免费观景台GreenTerrace，以及凌霄阁顶层的观景台。</p>\r\n\r\n<p>立于山巅，俯瞰芸芸众生，万千美景一览无余，确有一种君临天下之感！</p>\r\n\r\n<p><img src=\"http://5b0988e595225.cdn.sohucs.com/images/20190321/f03f6aff46c545bebc69599a4a07c233.jpeg\" style=\"height:auto; margin:10px auto 0px\" /></p>\r\n\r\n<p>对香港来说，大馆既是古迹，也是艺术区。</p>\r\n\r\n<p>大馆位于中环核心地带，是香港目前最大型的古迹保育项目，包括旧中区警署、前中央裁判司署及域多利监狱三处古迹。</p>\r\n\r\n<p><img src=\"http://5b0988e595225.cdn.sohucs.com/images/20190321/57a50c952dd041db8653f0bdc8dcf8ca.jpeg\" style=\"height:auto; margin:10px auto 0px\" /></p>\r\n\r\n<p>域多利监狱是香港首座西式永久建筑及首座监狱，于1841年8月9日建成，一直作为香港监狱系统的中心枢纽，直到2006年3月12日正式退出历史舞台。</p>\r\n\r\n<p>不过，由于其见证了香港开埠、第二次世界大战、香港作为收容越南船民的第一收容港及香港惩教系统的历史发展过程，即使退出&ldquo;江湖&rdquo;，依然在&ldquo;江湖&rdquo;占据一席之地。</p>\r\n\r\n<p>域多利监狱至今仍然保留著维多利亚式建筑风格，主要建筑材料为花岗岩及红砖石，一共包括三幢三层高建筑物、三幢两层高建筑物及三幢单层高建筑物，包括单式及复式囚室、特别看守室、医院、厨房、饭堂、洗衣房、健身室及行政大楼。</p>\r\n\r\n<p><img src=\"http://5b0988e595225.cdn.sohucs.com/images/20190321/14676c0b49194105be3bdaa5af0b9419.jpeg\" style=\"height:auto; margin:10px auto 0px\" /></p>\r\n\r\n<p>监狱原本来是香港社会高度法制化的象征，以《监狱风云》为代表的监狱电影曾见证着香港电影的黄金时代。但域多利监狱此次&ldquo;华丽转身&rdquo;，完全没有了凝重肃穆之气，演变成文艺青年的&ldquo;乐园&rdquo;。</p>\r\n\r\n<p>值得一提的是，在监狱关闭后，《宝贝计划》成为首部在此实景拍摄的影片。</p>\r\n\r\n<p><img src=\"http://5b0988e595225.cdn.sohucs.com/images/20190321/8a17ba19b4f644e7a3fb27d7e0bbc70c.jpeg\" style=\"height:auto; margin:10px auto 0px\" /></p>\r\n\r\n<p>说到象牙塔，就绕不开香港大学。</p>\r\n\r\n<p>香港大学是香港第一所大学，前身为香港西医书院，1911年正是创立，孙中山先生恰好是西医书院首届毕业生。</p>\r\n\r\n<p>香港大学一直是亚洲最具名望的大学之一，被誉为亚洲&ldquo;常春藤&rdquo;，与清华、北大相比都毫不逊色。</p>\r\n\r\n<p><img src=\"http://5b0988e595225.cdn.sohucs.com/images/20190321/e9258afc62e149a595dd80954386dad1.jpeg\" style=\"height:auto; margin:10px auto 0px\" /></p>\r\n\r\n<p>除了首屈一指的教学质量外，香港大学最值得称道的就是建筑，其中有7栋建筑被评为历史建筑物，4栋为法定古迹。</p>\r\n\r\n<p>本部大楼为最古老建筑物，由钟楼、塔楼、四个庭院和陆佑堂组成，采用后文艺复兴时期的建筑形式，以红砖及麻石建成，并建有两层的巨型爱奥尼柱式及舍利安那式拱窗，加上富有文艺复兴风格的花岗石柱支撑。</p>\r\n\r\n<p>正因为本部大楼充满浓郁的英伦风情，&ldquo;人气&rdquo;一直高居不下，《色.戒》、《玻璃之城》等影片都曾在此取景。</p>\r\n\r\n<p><img src=\"http://5b0988e595225.cdn.sohucs.com/images/20190321/d55d49ec15de41ff9401443c4568e967.jpeg\" style=\"height:auto; margin:10px auto 0px\" /></p>\r\n\r\n<p>正值毕业季来临，不少莘莘学子都开启了&ldquo;花式&rdquo;毕业照模式，为青春留下最后的纪念。那一张张或喜悦、或不舍的面容上，满满的都是青春的气息，流淌着最纯粹的美好。</p>\r\n\r\n<p><img src=\"http://5b0988e595225.cdn.sohucs.com/images/20190321/55a983de0d6a4c6ca348c1364a918d45.jpeg\" style=\"height:auto; margin:10px auto 0px\" /></p>\r\n\r\n<p>对于青春早已不在的局外人来说，唯有欣羡而已。</p>\r\n\r\n<p><img src=\"http://5b0988e595225.cdn.sohucs.com/images/20190321/3608478b13594a899fbbe25c9a64c48d.jpeg\" style=\"height:auto; margin:10px auto 0px\" /></p>\r\n\r\n<p>香港是个免税港，注定与&ldquo;买买买&rdquo;结缘。作为香港主要商业及娱乐场所集中地，铜锣湾堪称全世界的购物天堂，囊括多家大型百货公司及大型商场：崇光百货、时代广场、利舞台广场以及世贸中心。只要钞票在手，所有高档次的时尚潮流物品都能纳入囊中！</p>\r\n\r\n<p><img src=\"http://5b0988e595225.cdn.sohucs.com/images/20190321/2a4a21845f614e698d3e18c93ff342c2.jpeg\" style=\"height:auto; margin:10px auto 0px\" /></p>\r\n\r\n<p>铜锣湾亦是香港不夜市区之一，入夜之后，灯红酒绿，流光溢彩，偶尔有叮叮车呼啸而过，为繁华的闹市平添了不一样的风情。</p>\r\n\r\n<p>此外，《古惑仔》、《花样年华》等影片都在这里取过景。</p>\r\n\r\n<p><img src=\"http://5b0988e595225.cdn.sohucs.com/images/20190321/1980287e13b1465cb31c3ce8d1aa88d9.jpeg\" style=\"height:auto; margin:10px auto 0px\" /></p>\r\n\r\n<p>犹记得，《海上钢琴师》中的1900在准备下船的最后一刻，却还是选择了逃离。然而，现实中的人并非一叶孤舟，总是要靠岸，也许等待你的，将是另一片精彩的天地。</p>\r\n\r\n<p><img src=\"http://5b0988e595225.cdn.sohucs.com/images/20190321/8aa649233c90493b8967249faf1d0436.jpeg\" style=\"height:auto; margin:10px auto 0px\" /></p>\r\n', '2019-03-21 22:29:19', '2', '0', '当旅行遇见电影，发现不一样的香港 ', null);
INSERT INTO `sys_moments` VALUES ('306235370352283648', '306232379880640512', '258221160834142208', '【恋上武夷，爱上庐山】 庐山.景德镇.婺源.武夷山七日游 ', '/uploadImages/bc486094-77d0-4b13-ba4b-89964310343c_280a67be659b452a89505e1c8c1fc8d1.jpg', '<p>想干就赣</p>\r\n\r\n<p><img src=\"http://5b0988e595225.cdn.sohucs.com/images/20190321/280a67be659b452a89505e1c8c1fc8d1.jpeg\" style=\"height:auto; margin:10px auto 0px\" /></p>\r\n\r\n<p><img src=\"http://5b0988e595225.cdn.sohucs.com/images/20190321/8f468669a8a6411e91aee357a84563d7.jpeg\" style=\"height:auto; margin:10px auto 0px\" /></p>\r\n\r\n<p>恋上武夷&mdash;爱上庐山</p>\r\n\r\n<p>庐山.景德镇.婺源.武夷山七日游</p>\r\n\r\n<p><strong>999元/人</strong></p>\r\n\r\n<p>3月30日首发</p>\r\n\r\n<p>4月6/13/20/27日仅此五班、错过在等一年！</p>\r\n\r\n<p>立即出发</p>\r\n\r\n<p><img src=\"http://5b0988e595225.cdn.sohucs.com/images/20190321/49e56be152da4048a20b22fef3d53259.jpeg\" style=\"height:auto; margin:10px auto 0px\" /></p>\r\n\r\n<p><img src=\"http://5b0988e595225.cdn.sohucs.com/images/20190321/99ec926d9e024a73a7b3a0519b9dbca4.jpeg\" style=\"height:auto; margin:10px auto 0px\" /></p>\r\n\r\n<p>◆ 行程特色：</p>\r\n\r\n<p>行程：匡庐奇秀甲天下&mdash;庐山、穿着汉服游婺源&mdash;洪村、世界瓷都--景德镇、经典山水&mdash;&mdash;武夷山主景区</p>\r\n\r\n<p>酒店：确保庐山一晚山顶住宿，深度游览，品鉴庐山美景--温馨舒适</p>\r\n\r\n<p>膳食：送4早9正餐，享江西特色菜：升级一餐庐山三石宴、一餐徽州喜宴&mdash;&mdash;品地方风味</p>\r\n\r\n<p>赠送：每人每天一瓶矿泉水，每人一罐庐山云雾茶，每人一套景德镇冰裂茶具&mdash;&mdash;超值奉献</p>\r\n\r\n<p>赠送：汉服体验价值98元/人</p>\r\n\r\n<p>赠送：武夷水秀&bull;梦之泉大型演出价值218元/人</p>\r\n\r\n<p><img src=\"http://5b0988e595225.cdn.sohucs.com/images/20190321/74d0eeefb334438c873d7eb9071f751d.jpeg\" style=\"height:auto; margin:10px auto 0px\" /></p>\r\n\r\n<p><img src=\"http://5b0988e595225.cdn.sohucs.com/images/20190321/6daadf1be5df443faa584844b134b739.jpeg\" style=\"height:auto; margin:10px auto 0px\" /></p>\r\n\r\n<p><img src=\"http://5b0988e595225.cdn.sohucs.com/images/20190321/3cd36af3bf0a4a9aaf3aa9c973f3bf87.jpeg\" style=\"height:auto; margin:10px auto 0px\" /></p>\r\n\r\n<p>D1</p>\r\n\r\n<p>郴州-南昌 餐：无 住：火车上</p>\r\n\r\n<p>火车站集合乘坐火车参考车次K442次（22点整/07点整）或T172次（23点05分/06点53分）前往江西南昌，夜宿火车上！</p>\r\n\r\n<p><img src=\"http://5b0988e595225.cdn.sohucs.com/images/20190321/58a2d4b9ab004c4182df1b83c5f6c87d.jpeg\" style=\"height:auto; margin:10px auto 0px\" /></p>\r\n\r\n<p>D2</p>\r\n\r\n<p>南昌-庐山 餐：中晚 住：庐山山顶</p>\r\n\r\n<p>早餐后车赴世界地质公园、世界文化遗产、国家5A级景区&mdash;&mdash;【庐山】(大门票已含）换乘车辆上山（庐山换乘交通车上下山100元/人自理)，</p>\r\n\r\n<p><img src=\"http://5b0988e595225.cdn.sohucs.com/images/20190321/702a449d875049ca8a4de5b5473a48c9.jpeg\" style=\"height:auto; margin:10px auto 0px\" /></p>\r\n\r\n<p>游览湖光山色，风景如画的庐山一线景点：因湖面如小提琴而得名的【如琴湖】，游览【白居易草堂】、【花径公园】，（白居易：人间四月芳菲尽，山寺桃花始盛开）园中桃花四月刚刚盛开繁花似锦，亭台碑碣，曲径通幽，湖光山色，风景如画；</p>\r\n\r\n<p><img src=\"http://5b0988e595225.cdn.sohucs.com/images/20190321/9478dbf7893149579ddf59280182f652.jpeg\" style=\"height:auto; margin:10px auto 0px\" /></p>\r\n\r\n<p>随后游览【锦绣谷】，此处四季花开犹如锦绣；无限风光在【险峰】，更有&ldquo;天生一个仙人洞&rdquo;的吕洞宾的道场&mdash;&mdash;【仙人洞】，游【谈判台】和【御碑亭】，碑上刻着朱元璋亲自撰写的《周颠仙人传》和《四仙诗》，后游览庐山别墅区深度游览（游览时间不低于2个小时）。</p>\r\n\r\n<p><img src=\"http://5b0988e595225.cdn.sohucs.com/images/20190321/ad5f957a2e7b4c46a40c9832302e6d33.jpeg\" style=\"height:auto; margin:10px auto 0px\" /></p>\r\n\r\n<p>带您进入参观的名人别墅：【180号别墅美庐】（蒋介石宋美龄别墅），【442号别墅周恩来纪念室】，以下外观：124号别墅（刘少奇别墅）、175号别墅（毛主席住过的别墅）、176号别墅（彭德怀住过的别墅）、286号别墅（邓小平别墅）、304号别墅（林彪别墅）、359号别墅（朱德别墅）， 后行程结束入住酒店休息，晚餐后可自行漫步云中山镇号称天街的【街心公园】。后入住庐山山顶酒店休息。</p>\r\n\r\n<p><img src=\"http://5b0988e595225.cdn.sohucs.com/images/20190321/739292697caf45c2b96183fa50c8c292.jpeg\" style=\"height:auto; margin:10px auto 0px\" /></p>\r\n\r\n<p>D3</p>\r\n\r\n<p>庐山-婺源 餐：早中晚 住：婺源</p>\r\n\r\n<p>早餐后游览蒋介石在庐山创办军官训练团的三大建筑之一【庐山会议旧址】（游览时间不低于40分钟），</p>\r\n\r\n<p><img src=\"http://5b0988e595225.cdn.sohucs.com/images/20190321/620cb263ea8f4aaa93c8ac07cd2f5394.jpeg\" style=\"height:auto; margin:10px auto 0px\" /></p>\r\n\r\n<p>参观毛主席庐山下榻的【芦林一号别墅】（又名庐山博物馆）（游览时间不低于40分钟）,【芦林湖、芦林大桥】（游览时间不低于20分钟），</p>\r\n\r\n<p><img src=\"http://5b0988e595225.cdn.sohucs.com/images/20190321/99d050d5b5364f97b799eee47f549523.jpeg\" style=\"height:auto; margin:10px auto 0px\" /></p>\r\n\r\n<p>适时乘车下山瞻仰世界最高阿弥陀佛像&mdash;&mdash;【东林大佛】（赠送游览）东林大佛位于庐山山麓，以四十八米阿弥陀佛接引金像为核心（48公斤纯金打造），北依庐山主峰，群山环抱，山水相连，弥陀坛城，净宗道场，朝圣胜地，是一方集朝圣、修行、弘法、教育、慈善、安养为一体的净土。后车赴世界瓷都【景德镇】，</p>\r\n\r\n<p><img src=\"http://5b0988e595225.cdn.sohucs.com/images/20190321/1769baebd09a4bbdad4eb9695ff8f1af.jpeg\" style=\"height:auto; margin:10px auto 0px\" /></p>\r\n\r\n<p>后参观【缘源陶瓷文化创意园】（约游90分钟），参观瓷器制作流程了解制瓷文化，欣赏中国四大名瓷-青花瓷、青花玲珑瓷、粉彩瓷、颜色釉。从中领略到景德镇古代手工制瓷的魅力，体验景德镇陶瓷文化探索之旅，畅游其中，你可以穿越千年，亲身体会&ldquo;手随泥走，泥随手变&rdquo;，巧夺天工的瓷工拉坯成型绝技，后车赴最美乡村--婺源，抵达后入住酒店休息。</p>\r\n\r\n<p><img src=\"http://5b0988e595225.cdn.sohucs.com/images/20190321/321a5168a1484ae58119d2a364b5ac3f.jpeg\" style=\"height:auto; margin:10px auto 0px\" /></p>\r\n\r\n<p><img src=\"http://5b0988e595225.cdn.sohucs.com/images/20190321/0b70e26461384449a192e7157fdc3708.jpeg\" style=\"height:auto; margin:10px auto 0px\" /></p>\r\n\r\n<p>D4</p>\r\n\r\n<p>婺源-武夷山 餐：早中晚 住：武夷山</p>\r\n\r\n<p>早餐后游览【洪村】（门票+汉服98元/人已含）汉服文化体验，村人养生有道，淡泊宁静、寡欲无杂念，高寿者为数不少。不仅历史上洪村最长寿者达119岁，原名为&ldquo;长寿古里洪村&rdquo;。因洪村村民为复兴中华五千年文明，扬华夏华裳而努力。</p>\r\n\r\n<p><img src=\"http://5b0988e595225.cdn.sohucs.com/images/20190321/95a1aff9e00a44c88f5c4caeca9cc131.jpeg\" style=\"height:auto; margin:10px auto 0px\" /></p>\r\n\r\n<p>以国人民族自尊心和自信心觉醒，国人开始反思我国之优秀文化，并举力保护继承。汉服从沉睡中惊醒，洪村汉服组织正式建立，以复兴中华五千年文明，扬华夏华裳为主。</p>\r\n\r\n<p><img src=\"http://5b0988e595225.cdn.sohucs.com/images/20190321/74aaa7ec2a384a78a1ae09aed646ef9d.jpeg\" style=\"height:auto; margin:10px auto 0px\" /></p>\r\n\r\n<p>村中着装统一以汉服为主，游客也需穿汉服入村，瞬间穿越在古代，让人流连忘返，现以汉服文化为主的洪村以接待游客进10万人。村中每年也有大规模的油菜花种植，每年看花之人也络绎不绝。</p>\r\n\r\n<p><img src=\"http://5b0988e595225.cdn.sohucs.com/images/20190321/44a09d06f63643cb8ea4332d35324941.jpeg\" style=\"height:auto; margin:10px auto 0px\" /></p>\r\n\r\n<p><img src=\"http://5b0988e595225.cdn.sohucs.com/images/20190321/ecc6017a637444a888436c5a9488111d.jpeg\" style=\"height:auto; margin:10px auto 0px\" /></p>\r\n\r\n<p>游览【梦里老家演艺小镇】（赠送游览）挖掘徽州文化精髓，传承婺源民俗记忆，演艺小镇以市井街巷为载体，以演艺为灵魂，为游客提供穿越历史的新奇体验，游客可以亲临现场感受人生三大幸事&mdash;&mdash;金榜题名、衣锦还乡、洞房花烛。领略古徽州繁华什锦、车水马龙的市井风情。</p>\r\n\r\n<p><img src=\"http://5b0988e595225.cdn.sohucs.com/images/20190321/7e5eb6a122ad41be87372b10baa2241c.jpeg\" style=\"height:auto; margin:10px auto 0px\" /></p>\r\n\r\n<p>板凳龙、徽剧、傩舞、抬阁、火把舞、擂水等应有尽有；徽州美食、风味小吃、酒肆茶坊、绫罗绸缎.....琳琅满目；身着古装的商贩，匠心专注的艺人，打更巡夜的更夫，神态迥异，可谓是一座活着的徽州古镇。</p>\r\n\r\n<p><img src=\"http://5b0988e595225.cdn.sohucs.com/images/20190321/7fd7aaa8db0e4950903a1d464d1b2226.jpeg\" style=\"height:auto; margin:10px auto 0px\" /></p>\r\n\r\n<p>结束后车赴赴世界自然文化双遗产地-【武夷山】武夷山素有&ldquo;碧水丹山、奇秀甲东南&rdquo;之美誉。晚餐后推荐观看大型实景演出【武夷水秀&bull;梦之泉】（赠送门票218元/人）讲述了三个年轻的农民将竹筏停靠在蜿蜒的九曲溪畔时发现了不同寻常的泉水而进入梦境所展开的故事，以武夷山九曲溪水为创意元素，以畅游九曲溪的奇幻之旅为主线，讲述一段九曲溪&ldquo;从未向世人&rdquo;诉说过的传说。</p>\r\n\r\n<p><img src=\"http://5b0988e595225.cdn.sohucs.com/images/20190321/ef20dc3cbb514bddb675011754faaf39.jpeg\" style=\"height:auto; margin:10px auto 0px\" /></p>\r\n\r\n<p>旨在赞美武夷山的水，通过&ldquo;水是武夷山的灵魂&rdquo;这个点来烘托出武夷山水纯洁、美丽、智慧、力量、生命力、财富、永恒、和谐、与想象力这九个美德。后入住酒店。</p>\r\n\r\n<p><img src=\"http://5b0988e595225.cdn.sohucs.com/images/20190321/e8f5a6c944f44e4ab1958bff47ee2cb9.jpeg\" style=\"height:auto; margin:10px auto 0px\" /></p>\r\n\r\n<p>D5</p>\r\n\r\n<p>武夷山 餐：早中晚 住：武夷山</p>\r\n\r\n<p>早餐后乘车前往【武夷山主景区】（赠送50周岁以上门票及观光车，未满50周岁人群须补门票及景区观光车差价100元，若不参加视为放弃主景区游览，</p>\r\n\r\n<p><img src=\"http://5b0988e595225.cdn.sohucs.com/images/20190321/01b35024932b42b1b4ce50626a69be23.jpeg\" style=\"height:auto; margin:10px auto 0px\" /></p>\r\n\r\n<p>于景区外等候其他游客，不可以脱团），游览【云窝】地处武夷山精华地带，为武夷山首胜，这里历来是古代文人墨客、名宦隐潜居养心之所，此处因常有云窝飘渺而得名，是古代道人方士隐居潜读的地方。团友经【茶洞】，看五月第一壁&mdash;&mdash;【晒布岩】，之后前往武夷山第一胜地【天游峰】，此处三方环水，登其颠观云海，犹如天上游，九曲全景尽收眼底。为武夷山第一胜地&lsquo;其不临溪而能尽九曲之胜，此峰故应第一也&rsquo;天游峰东接仙游岩，西与仙掌峰比肩连麓，仅峰顶一罅将两峰分开，巨岩耸起，周围群峰拱卫，峰下九曲潆回，是纵览武夷山景的最佳境地，沿途可欣赏云窝、隐屏峰、晒布岩、茶洞、一览亭、武夷精舍等；</p>\r\n\r\n<p><img src=\"http://5b0988e595225.cdn.sohucs.com/images/20190321/c6fcf8dffb0a4af5a3d77d5e06c54338.jpeg\" style=\"height:auto; margin:10px auto 0px\" /></p>\r\n\r\n<p>游览【玉女峰景区】玉女峰不仅是武夷山市的旅游标志，更是福建省的旅游标志。玉女峰下面是碧绿清澈的浴潭，相传是玉女沐浴的地方。潭中有一方正巨石，上有&ldquo;印石&rdquo;二字，相传这是大王送给玉女的定情信物。玉女峰右侧，是一块巨大的圆石，光洁照人，这就是玉女梳妆打扮的镜台。从水中看去，玉女峰犹如一位秀美绝伦的少女，在沉思、等待&hellip;&hellip;不论是霜晨还是月夕，也不论是雨天还是晴日，玉女峰总是充满着迷人的神韵。</p>\r\n\r\n<p><img src=\"http://5b0988e595225.cdn.sohucs.com/images/20190321/45fcc4bde192428f890ba61c48131436.jpeg\" style=\"height:auto; margin:10px auto 0px\" /></p>\r\n\r\n<p>游览【一线天】风洞、定命桥、观景台、天成禅院、螺丝洞，一线天原名灵岩，因沿顶有一裂罅（XIA）：就像利斧开一样，相去不满一尺，长约一百多米，从中漏进天光一线。有人说这是桃花女用绣花针划开的;有的说这是伏羲大神用玉斧所劈。但据科学分析认为，武夷山的红色岩层，是由砂岩、砾岩和页岩交间成层的，岩性比较松脆。而岩层底部质地松软的页岩，也就逐渐侵蚀而去，成为扁浅的岩洞。于是，三洞并列，一线见天的自然奇观就出现了。一线天覆盖着灵岩、风洞、伏羲三洞。岩顶裂开一罅，长约一百余米，宽不及一米，从右边的伏羲洞探身入内，可见一线天光如跨空碧虹，令人叹为观止。【品茶趣&bull;体验中国茶文化】由茶艺师为您讲解武夷岩茶独特的生长环境、制做工艺和泡茶工艺等，让您亲身体验茶艺是一场修行，呼吸武夷山新鲜空气；结束后入住酒店。</p>\r\n\r\n<p><img src=\"http://5b0988e595225.cdn.sohucs.com/images/20190321/03503911c6fa464da67aa231cddf1afd.jpeg\" style=\"height:auto; margin:10px auto 0px\" /></p>\r\n\r\n<p>D6</p>\r\n\r\n<p>武夷山-南昌 餐：早中 住：火车上</p>\r\n\r\n<p>早餐后游览【大红袍景区】观赏位于悬崖之上的武夷山&ldquo;茶中之王&rdquo;大红袍、沿途请放慢您的脚步，听着您喜欢的音乐，感受着小桥-流水-人家，倾听鸟儿欢快的歌声。到元代时，这里已经设有御茶园，专门督造贡茶。</p>\r\n\r\n<p><img src=\"http://5b0988e595225.cdn.sohucs.com/images/20190321/4bf82475ff9649d6ac3beb9aab507cc3.jpeg\" style=\"height:auto; margin:10px auto 0px\" /></p>\r\n\r\n<p>大红袍是武夷岩茶中的状元，它生长在武夷山北部的九龙窠中，仅剩三株，极为名贵，后结束愉快的游程，乘车前往南昌火车站送团。乘坐T171次（18点：30分/02点30分）</p>\r\n\r\n<p><img src=\"http://5b0988e595225.cdn.sohucs.com/images/20190321/853884992471498080bd4ba5f2c66958.jpeg\" style=\"height:auto; margin:10px auto 0px\" /></p>\r\n\r\n<p>D7</p>\r\n\r\n<p>抵达郴州 餐：无</p>\r\n\r\n<p>抵达郴州，返回温馨的家园。</p>\r\n\r\n<p><img src=\"http://5b0988e595225.cdn.sohucs.com/images/20190321/aa10a7b61b4a4163b9e8bed2ed9f8467.jpeg\" style=\"height:auto; margin:10px auto 0px\" /></p>\r\n\r\n<p><img src=\"http://5b0988e595225.cdn.sohucs.com/images/20190321/e4cc4fa126dc45fb82c5c9b6931838cf.jpeg\" style=\"height:auto; margin:10px auto 0px\" /></p>\r\n\r\n<p>服务标准：</p>\r\n\r\n<p>1、交通：往返火车硬卧卧铺，铺位随机，不选铺位，当地全程空调旅游车</p>\r\n\r\n<p>2、门票：赠送行程内所列景点首道大门票（任何证件不享受优惠退费）</p>\r\n\r\n<p>3、用餐：4早9正餐，十人一桌，九菜一汤，若人数不足10人,则减少菜的数量或调整菜单；如不用餐餐费不退）如成团人数不足8人餐费退还客人不做团餐；</p>\r\n\r\n<p>4、导游：江西当地优秀持证导游服务，</p>\r\n\r\n<p>5、住宿：当地5晚空调标准间住宿（酒店不含一次性用品敬请自备；单房差5晚300元/人房差只补不退）；</p>\r\n\r\n<p>6、保险：含旅行社责任险，人身意外险请自理！</p>\r\n\r\n<p><strong>7、备注：必须参加项目：洪村门票+汉服体验88元+演艺小镇80元+武夷水秀实景演出218=优惠价200元/人</strong></p>\r\n\r\n<p>费用不含：</p>\r\n\r\n<p>1、景区内小交通：庐山景区观光车及保险100元/人</p>\r\n\r\n<p>2、年龄补差价：</p>\r\n\r\n<p>未满50周岁人群现补武夷山门票及观光车100元/人</p>\r\n\r\n<p>3、行程中列明未含或行程以外活动项目所需的自费项目、酒店内的酒水、洗衣等一切私人开支；</p>\r\n\r\n<p>4、不含内园中园费用、旅游意外保险、全陪费用；</p>\r\n\r\n<p>（备注：此线路仅限30周岁以上人群参加，未满30周岁需加附加费500元/人；</p>\r\n\r\n<p>◆优惠费用说明：</p>\r\n\r\n<p>★此活动为综合打包价格任何证件不享受优惠退费。赠送礼品不折现、不退货、不保修报名请须知。</p>\r\n\r\n<p><img src=\"http://5b0988e595225.cdn.sohucs.com/images/20190321/557f488f2bc84db7bfab6d696c72ca87.jpeg\" style=\"height:auto; margin:10px auto 0px\" /></p>\r\n\r\n<p><strong>看好风景</strong></p>\r\n\r\n<p><strong>找湖南省中青旅</strong></p>\r\n\r\n<p>桂阳中青旅将推出更多的优质线路</p>\r\n\r\n<p>一&ldquo;鹿&rdquo;与你同行</p>\r\n\r\n<p><strong>湖南省中青旅游桂阳营业部</strong></p>\r\n\r\n<p>门店热线：<strong>0735&mdash;4666001</strong></p>\r\n\r\n<p><strong>13873529713（微信同号）</strong></p>\r\n\r\n<p>门店地址：桂阳县翡翠路广场一号售楼部二楼</p>\r\n', '2019-03-21 22:31:07', '1', '0', '【恋上武夷，爱上庐山】 庐山.景德镇.婺源.武夷山七日游 ', null);
INSERT INTO `sys_moments` VALUES ('306235621326852096', '306232379880640512', '258221160834142208', '青海就像一幅水彩画，WindowsXP的经典桌面也不如青海的随手拍 ', '/uploadImages/6c24314d-bb83-479e-9a33-833f42fdae8c_a8c56af6578d4aefb4d00e8dc421546f.jpg', '<p>世间的美景很多，而中国这片地大物博的土地上却拥有着整个世界最为丰富的地貌与风景，我个人尤其喜欢中国的西北，因为在那里，自然才是那么的纯粹，风光才是那么的自由。</p>\r\n\r\n<p><img src=\"http://5b0988e595225.cdn.sohucs.com/images/20190321/a8c56af6578d4aefb4d00e8dc421546f.jpeg\" style=\"height:auto; margin:10px auto 0px\" /></p>\r\n\r\n<p><img src=\"http://5b0988e595225.cdn.sohucs.com/images/20190321/3d1d48954a0049a1adc423952e49c67a.jpeg\" style=\"height:auto; margin:10px auto 0px\" /></p>\r\n\r\n<p>在西北，我很喜欢青海，虽然我只去过青海两次，但是几年前那一次环湖骑行还是让我记忆深刻，青海湖畔的沙漠、草原、山丘、花海、蒙古包、牦牛等等，所有的一切都是那么的让人怀念。</p>\r\n\r\n<p><img src=\"http://5b0988e595225.cdn.sohucs.com/images/20190321/20504823270147a58b81d599148a86bc.jpeg\" style=\"height:auto; margin:10px auto 0px\" /></p>\r\n\r\n<p>在青海湖骑行的时候，给我印象最深刻的就是WindowsXP系统的经典桌面类似的画面，因为在这里这样的风光随处可见。</p>\r\n\r\n<p><img src=\"http://5b0988e595225.cdn.sohucs.com/images/20190321/399614b6f981456db4268c3a16d664a8.jpeg\" style=\"height:auto; margin:10px auto 0px\" /></p>\r\n\r\n<p>而windowsXP那幅风景是由美国国家地理摄影师查尔斯&middot;奥利尔在美国索诺马峡谷以东、加利福尼亚的圣赫勒拿纳帕拍摄的一张照片。这张照片被微软看中，据说它所产生的广告收支和产值已经超过了2亿美元。</p>\r\n\r\n<p><img src=\"http://5b0988e595225.cdn.sohucs.com/images/20190321/abf8d7c0b13d480990d04e2d610037bc.jpeg\" style=\"height:auto; margin:10px auto 0px\" /></p>\r\n\r\n<p>我在青海骑行的时候，这样干净的画面很容易便会遇见，尤其是在第一天的行程里，也就是环湖东路，一路上有很多山丘，草场覆盖了山丘，而在草场中间也点缀着很多油菜花，让整个青海湖更像一幅油画了。</p>\r\n\r\n<p><img src=\"http://5b0988e595225.cdn.sohucs.com/images/20190321/2a85357db97b440387169de36f89368e.jpeg\" style=\"height:auto; margin:10px auto 0px\" /></p>\r\n\r\n<p><img src=\"http://5b0988e595225.cdn.sohucs.com/images/20190321/0d6d25fec5964c83adefa31c1500b80c.jpeg\" style=\"height:auto; margin:10px auto 0px\" /></p>\r\n\r\n<p>青海湖的风光多变，它不仅体现在沙漠、草原这种变化，也体现在天气的变化无常，很多时候，我们早上出发是晴空万里，但是下午便会风起云涌，暴雨倾盆，这或许就是大自然的力量，也是我们之所以喜欢青海的原因。</p>\r\n\r\n<p><img src=\"http://5b0988e595225.cdn.sohucs.com/images/20190321/c51781f24df94993aa23ea38156eaba8.jpeg\" style=\"height:auto; margin:10px auto 0px\" /></p>\r\n\r\n<p>青海每到4月份便开始迎来属于自己的旅游旺季，这个季节，草场开始慢慢的变绿，气温也开始逐渐升高，骑行的队伍又开始一天天的踩踏着单车，过着简单但快乐的生活。</p>\r\n', '2019-03-21 22:32:07', '0', '0', '青海就像一幅水彩画，WindowsXP的经典桌面也不如青海的随手拍 ', null);
INSERT INTO `sys_moments` VALUES ('306235843184562176', '306232379880640512', '258221160834142208', '云南曲靖罗平，徜徉梦里仙境一般油菜花的海洋', '/uploadImages/abcfa584-676c-44d9-9803-3e5cee385c85_446ba15bac6c44bea0f3ff7da51d2e5a.jpg', '<p>似乎三月出游，最好的节目除了赏花还是赏花，从妩媚娇艳的桃花、洁白纯净的杏花，到梦幻迷离的樱花，再到充满田野情趣的油菜花.....整个三月就是一场接一场的花事不断上演，如果在这个时候还没有定好自己与春天花事的这场约会地点的话，不妨到云南的曲靖，和罗平的油菜花海来一次美丽的赴约吧。</p>\r\n\r\n<p><img src=\"http://5b0988e595225.cdn.sohucs.com/images/20190321/446ba15bac6c44bea0f3ff7da51d2e5a.jpeg\" style=\"height:auto; margin:10px auto 0px\" /></p>\r\n\r\n<p><img src=\"http://5b0988e595225.cdn.sohucs.com/images/20190321/3d839e81525b4daf952d7930927c8bad.jpeg\" style=\"height:auto; margin:10px auto 0px\" /></p>\r\n\r\n<p>三月云南曲靖罗平县的罗平坝子好不夸张的说就是是油菜花的海洋。这片金光灿灿的海洋，不仅吹奏着悠扬动人的牧歌，还在你的鼻翼荡漾着似有若无的清新香味。</p>\r\n\r\n<p><img src=\"http://5b0988e595225.cdn.sohucs.com/images/20190321/48eb9a3204de4e63bd1710d0ddfa9d37.jpeg\" style=\"height:auto; margin:10px auto 0px\" /></p>\r\n\r\n<p>沿南昆铁路或324国道东行，过了师宗，你就会在浓绿的群山深处，发现一片片的广袤壮观油菜花海，这里的景象和江南的油菜花田简直差别太大了，和江南秀丽的一垄垄相比，这里花海黄得耀眼，壮丽到让你惊叹。</p>\r\n\r\n<p><img src=\"http://5b0988e595225.cdn.sohucs.com/images/20190321/e284dc2342d54bb38828fb9575bf753d.jpeg\" style=\"height:auto; margin:10px auto 0px\" /></p>\r\n\r\n<p>盛大的花海从白腊山脚开始一路铺撒下去。沿途的南昆铁路显然是不愿搅动这迷人的花海，善解人意地在白腊大山的腰间轻轻一抹，为这花海镶了一条浅浅银色的缀边。只有324国道从花海中穿行，仿佛是花海中的一条梦幻航线。罗平城就隐隐的点缀在花海中 ，仿佛是一座梦幻的城堡或是岛屿。</p>\r\n\r\n<p><img src=\"http://5b0988e595225.cdn.sohucs.com/images/20190321/62c69b7320144386a14a747241818e40.jpeg\" style=\"height:auto; margin:10px auto 0px\" /></p>\r\n\r\n<p>最没有遮挡的角度是站在白腊山上俯视罗平城的时候，你会发现这绝美的景观或许曾经在梦幻里出现过。那很难看到边际的罗平油菜花海是春天里最骚动、充满张力的高原美景。</p>\r\n\r\n<p><img src=\"http://5b0988e595225.cdn.sohucs.com/images/20190321/7a6720812dde4d99b03e3ccf2942cea3.jpeg\" style=\"height:auto; margin:10px auto 0px\" /></p>\r\n\r\n<p>晚霞的余晖把高原的油菜花海渲染的更加梦幻迷人、风情万种，花海的清香也随之微风把我们的心情熏染得充满了温情，此时的思绪也随之目光所及的金黄花海，被染得金灿灿、沉甸甸.....</p>\r\n', '2019-03-21 22:33:00', '3', '0', '云南曲靖罗平，徜徉梦里仙境一般油菜花的海洋', null);
INSERT INTO `sys_moments` VALUES ('306236076350115840', '306232379880640512', '258221160834142208', '2019，依旧向远方', '/uploadImages/1bed8b1e-5cb5-4830-830b-50844e0b9353_4ea46a39f3c545c2b8f9e93173cfbc38.jpg', '<p>如果你对某个地方有着特殊的旅行执念，如果你对旅行这件事情有着自己的坚持原则，不妨来看一下我们的旅行，一起分享交流！</p>\r\n\r\n<p>我们每年只推出十来次主题旅行，都是根据不同季节选址、设计的；有些地方，我们觉得只有在特定的时节前去才更值得，便只会在那个时间安排这个地点的旅行。</p>\r\n\r\n<p>世界那么大，想看的那么多，就尽量看到它们最美的时刻吧。</p>\r\n\r\n<p>一般来讲，我们组织的旅行上限人数根据主题不同，常为六人，个别旅行达到十人。</p>\r\n\r\n<p><img src=\"http://5b0988e595225.cdn.sohucs.com/images/20190321/91b897be32e94ba6a49ef62efcb4b94d.jpeg\" style=\"height:auto; margin:10px auto 0px\" /></p>\r\n\r\n<p><strong>除特别标注，本文所有图片为旅行中实拍</strong></p>\r\n\r\n<p><strong>版权属&copy;TanSuo Cultural Travel</strong></p>\r\n\r\n<p>－－－ 2019年还来得及的旅行 －－－</p>\r\n\r\n<p><strong>2019年5月1日－5月7日／5月9日</strong><strong>在春天，漫步白崖海岸</strong></p>\r\n\r\n<p><img src=\"http://5b0988e595225.cdn.sohucs.com/images/20190321/4ea46a39f3c545c2b8f9e93173cfbc38.jpeg\" style=\"height:auto; margin:10px auto 0px\" /></p>\r\n\r\n<p>白崖，是英国人的乡愁</p>\r\n\r\n<p>我要带你们去一处特别的白色海岸，那里没有那么多外国游人，那里更加奇幻～～</p>\r\n\r\n<p>我们不仅是去那里看风景，</p>\r\n\r\n<p>我们走到风景里面去；</p>\r\n\r\n<p>纯徒步三天，</p>\r\n\r\n<p>不放过每个美好的细节～～</p>\r\n\r\n<p>主要地点：伦敦、马盖特、布罗德斯泰斯、Thanet海岸线</p>\r\n\r\n<p>旅行长度：7天或9天</p>\r\n\r\n<p>费用：约18500元起</p>\r\n\r\n<p>了解该旅行活动的详细信息，请戳传送门：白崖，是英国人的乡愁</p>\r\n\r\n<p><strong>2019年5月11日－5月19日</strong><strong>第二眼英伦（春季版）</strong></p>\r\n\r\n<p><img src=\"http://5b0988e595225.cdn.sohucs.com/images/20190321/021c9c7b1c6c4399a1ebe2a92b836a0a.jpeg\" style=\"height:auto; margin:10px auto 0px\" /></p>\r\n\r\n<p>英格兰这个地方，很多人没想过要来；很多人来了之后，没想到自己会舍不得走。</p>\r\n\r\n<p>为何所有来过英国的人，都深深怀念她呢？</p>\r\n\r\n<p>如果你真的还想再来一次英格兰，请容许我介绍一些她的别样风光，将英伦那独特的气质&mdash;&mdash;经典与前卫、高贵与恬淡的巧妙组合&mdash;&mdash;展现地更多更深一些。</p>\r\n\r\n<p><img src=\"http://5b0988e595225.cdn.sohucs.com/images/20190321/a79f339d25494d7eb496c4ce20b89bab.jpeg\" style=\"height:auto; margin:10px auto 0px\" /></p>\r\n\r\n<p>你应该已经见过著名的英式田园风光，但你是否想再看看这里独特的白垩崖海岸？</p>\r\n\r\n<p>你曾欣赏了英国的经典与优雅，此时要不要被新锐前卫冲击一下？</p>\r\n\r\n<p>你感受了英国的科技与时尚，想不想时光倒流回到一百年前？</p>\r\n\r\n<p>你大概拜访过大文豪莎翁的故居，那你也会是阿加莎的崇拜者并想去走入她的家吗？</p>\r\n\r\n<p><img src=\"http://5b0988e595225.cdn.sohucs.com/images/20190321/bd5eb86f29ca4fd0b59b8d91510d7663.jpeg\" style=\"height:auto; margin:10px auto 0px\" /></p>\r\n\r\n<p>主要地点：伦敦的&ldquo;遗珠&rdquo;们、阿加莎&bull;克里斯蒂的故乡托基、达特河三角洲、布莱顿、七姐妹白崖</p>\r\n\r\n<p>旅行长度：9天</p>\r\n\r\n<p>费用：约22000元起</p>\r\n\r\n<p>了解该旅行活动的详细信息，请戳传送门：第二眼英伦（春季版）</p>\r\n\r\n<p><strong>2019年5月23日－5月31日/6月1日 探寻时光中的贵族范&mdash;&mdash;英国庄园之旅</strong></p>\r\n\r\n<p><img src=\"http://5b0988e595225.cdn.sohucs.com/images/20190321/5861b36843294a6a85651f75b814ef32.jpeg\" style=\"height:auto; margin:10px auto 0px\" /></p>\r\n\r\n<p>只要是带点儿历史感的英剧，总不可避免地会带我们&ldquo;游览&rdquo;至少一个英式庄园；从最浅显的建筑和装饰、到其中人物的生活细节，庄园全方位展示着英国的传统文化。因此，如果想深入了解下英国文化，拜访贵族们的庄园是不能错过的一个环节。</p>\r\n\r\n<p><img src=\"http://5b0988e595225.cdn.sohucs.com/images/20190321/e3c290555b784b809d00c8f553ecb2f5.jpeg\" style=\"height:auto; margin:10px auto 0px\" /></p>\r\n\r\n<p>我们选择了五个代表庄园，有《傲慢与偏见》里达西先生的Chatsworth House；有简&bull;爱留下一声叹息的Haddon Hall；有在各大片里上过镜的Syon庄园；有下午茶的发源地贝尔沃城堡；也有见证了都铎王朝秘密历史的汉普顿宫；</p>\r\n\r\n<p>除此之外，让我们行走在如诗如画般静谧的峰区...</p>\r\n\r\n<p><img src=\"http://5b0988e595225.cdn.sohucs.com/images/20190321/4e0abeb21eb04f6f92b324708b9e0f82.jpeg\" style=\"height:auto; margin:10px auto 0px\" /></p>\r\n\r\n<p>主要地点：伦敦、伦敦周边、峰区</p>\r\n\r\n<p>旅行长度：9天或10天</p>\r\n\r\n<p>费用：约23000元起</p>\r\n\r\n<p>了解该旅行活动的详细信息，请戳传送门：探寻时光中的贵族范－－英国庄园之旅</p>\r\n\r\n<p><strong>2019年6月1日－6月8日／6月10日</strong><strong>田园寻踪&mdash;&mdash;到英格兰的乡间喝杯茶</strong></p>\r\n\r\n<p><img src=\"http://5b0988e595225.cdn.sohucs.com/images/20190321/e0ad6ca7cc054571bdf8e118479b16ba.jpeg\" style=\"height:auto; margin:10px auto 0px\" /></p>\r\n\r\n<p>你在六月的英格兰坐火车，会看到湛蓝的天空中大团大团的白云，在清碧的原野上空翻滚着～～</p>\r\n\r\n<p>驶过一片树林，晃出来一座小村庄，教堂的尖顶上闪着光芒，山坡上的羊在咩咩叫～～</p>\r\n\r\n<p>然后你遇到大片花海，这突然而至的美丽令你有些不知所措，还在踌躇要不要拍一张照片，眼前的景象又生出了变化......</p>\r\n\r\n<p><img src=\"http://5b0988e595225.cdn.sohucs.com/images/20190321/a7d7bef3fa56432f8c6e5e0ccd14ad99.jpeg\" style=\"height:auto; margin:10px auto 0px\" /></p>\r\n\r\n<p>你对英格兰的乡村有什么想象呢？</p>\r\n\r\n<p>漂亮的小村舍错落有致，宁静的街道上只有一位老人？每家都有争妍斗丽的花园，猫咪和狗狗躺在一角躲懒？</p>\r\n\r\n<p><img src=\"http://5b0988e595225.cdn.sohucs.com/images/20190321/b3d732ba705248b18dadb2fbeeac2fce.jpeg\" style=\"height:auto; margin:10px auto 0px\" /></p>\r\n\r\n<p>主要地点：伦敦、拉文纳姆、库姆堡、拉考克、布罗德斯泰斯</p>\r\n\r\n<p>旅行长度：8天或10天</p>\r\n\r\n<p>费用：约23600元起</p>\r\n\r\n<p>了解该旅行活动的详细信息，请戳传送门：田园寻踪&mdash;&mdash;到英格兰的乡间喝杯茶</p>\r\n\r\n<p><strong>2019年7月13日－7月20日 科茨沃尔德徒步之旅</strong></p>\r\n\r\n<p><img src=\"http://5b0988e595225.cdn.sohucs.com/images/20190321/fe03729fdaeb42b5b0421eb87953bedf.jpeg\" style=\"height:auto; margin:10px auto 0px\" /></p>\r\n\r\n<p>不断有朋友跟我们讲，好想来徒步，但只有夏天出得去&hellip;</p>\r\n\r\n<p>今年，我们增加一次七月的科茨沃尔德徒步，希望能弥补到一些朋友们的遗憾；</p>\r\n\r\n<p>盛夏的科茨沃尔德，郁郁葱葱；</p>\r\n\r\n<p>我们从&ldquo;科茨沃尔德之路&rdquo;的起点出发，去感受田园里的生命气息。</p>\r\n\r\n<p>四天纯徒步＋乡村感受＋蒸汽火车的穿越时光之旅～～</p>\r\n\r\n<p><img src=\"http://5b0988e595225.cdn.sohucs.com/images/20190321/997d8bb1bf674c269ffb6a3f722b473e.jpeg\" style=\"height:auto; margin:10px auto 0px\" /></p>\r\n\r\n<p>隐居在田园腹地中的，是最纯粹、最美丽的英式小村庄～～</p>\r\n\r\n<p><img src=\"http://5b0988e595225.cdn.sohucs.com/images/20190321/98b1a59c85204d91a3c3e7f7773f9303.jpeg\" style=\"height:auto; margin:10px auto 0px\" /></p>\r\n\r\n<p>主要地点：科茨沃尔德之路上的三个小村、奇平卡姆登、温什科姆、切尔滕纳姆、伦敦</p>\r\n\r\n<p>旅行长度：8天</p>\r\n\r\n<p>费用：约20000元起</p>\r\n\r\n<p>了解该旅行活动的详细信息，请戳传送门：科茨沃尔德之路徒步之旅</p>\r\n\r\n<p><strong>2019年7月20日－7月28日 暑期的欢乐亲子时光</strong></p>\r\n\r\n<p><img src=\"http://5b0988e595225.cdn.sohucs.com/images/20190321/d36c25e643a84fd89bcc3aedf2e6d683.jpeg\" style=\"height:auto; margin:10px auto 0px\" /></p>\r\n\r\n<p>近年来，英国已经成为暑期夏令营的最热门地点；而我们一直所努力的，是家长和孩子一起的美好亲子旅行。</p>\r\n\r\n<p>选择英国，是因为这里浓郁的文化氛围。</p>\r\n\r\n<p>带孩子来英国，从历史中借鉴、在各大博物馆欣赏世界文明、到大学名城感受学术气息，认识不同生活文化、锻炼独立的能力，最重要的，是一次全家人的放松假期。</p>\r\n\r\n<p><img src=\"http://5b0988e595225.cdn.sohucs.com/images/20190321/890d4bdb7b444dbe9718a101f2569f84.jpeg\" style=\"height:auto; margin:10px auto 0px\" /></p>\r\n\r\n<p>主要地点：伦敦、坎特伯雷、多佛尔、牛津、剑桥</p>\r\n\r\n<p>旅行长度：9天</p>\r\n\r\n<p>费用：约55000元／一家三口；42000元／一位家长带一个孩子</p>\r\n\r\n<p>了解该旅行活动的详细信息，请戳传送门：暑假来英格兰享受亲子时光？</p>\r\n\r\n<p><strong>2019年8月24日－8月31日 英格兰经典深度之旅</strong></p>\r\n\r\n<p><img src=\"http://5b0988e595225.cdn.sohucs.com/images/20190321/93040d49e8ed48f6b0ab676d1a0a7663.jpeg\" style=\"height:auto; margin:10px auto 0px\" /></p>\r\n\r\n<p>旅行这件事，越到后来，越喜欢关注文化多些；当然这不是说就会错过风景、无视美食，加了一些有关文化的调味剂，风景和美食都变得更美好更有味道了。</p>\r\n\r\n<p>英格兰，是一个适合文化之旅的国度。</p>\r\n\r\n<p><img src=\"http://5b0988e595225.cdn.sohucs.com/images/20190321/1f8251a8d5da456f95fea768564b4698.jpeg\" style=\"height:auto; margin:10px auto 0px\" /></p>\r\n\r\n<p>从伦敦的历史看整个大英的浮沉，从剑桥的空气中捕捉知识的味道；在坎特伯雷的大教堂聆听宗教的影响，在田园腹地的小村感受下午茶时光；穿梭在博物馆的文明进程之中，疯狂一把陷入狂欢节的快乐海洋～～</p>\r\n\r\n<p>特意将旅行设计在诺丁山狂欢节期间，在世界第二、欧洲最大的狂欢节上，来感受下英国的另类文化？</p>\r\n\r\n<p>主要地点：伦敦、剑桥、温莎、坎特伯雷、萨福克小村</p>\r\n\r\n<p>旅行长度：8天</p>\r\n\r\n<p>费用：约20000元起</p>\r\n\r\n<p>了解该旅行活动的详细信息，请私信&ldquo;经典之旅&rdquo;，获得自动回复介绍。</p>\r\n\r\n<p><strong>2019年9月17日－9月28日 在西西里的慢时光里，找回自己</strong></p>\r\n\r\n<p><img src=\"http://5b0988e595225.cdn.sohucs.com/images/20190321/6cd20cf5203041459c405bb4ac581dfb.jpeg\" style=\"height:auto; margin:10px auto 0px\" /></p>\r\n\r\n<p>来过的人说，这个与世无争的小岛有一种原始的美丽气质；用心观察后发现，已有三千年历史的小岛其实并非那么&ldquo;单纯&rdquo;&mdash;&mdash;古老精致的建筑们低调地流露出璀璨的历史和艺术，而当地人固执保持着的传统生活方式，又何尝不是另一种珍贵的文化。</p>\r\n\r\n<p>走，我们去西西里！</p>\r\n\r\n<p><img src=\"http://5b0988e595225.cdn.sohucs.com/images/20190321/a9959ee52345453c9489ba49fb74d2bf.jpeg\" style=\"height:auto; margin:10px auto 0px\" /></p>\r\n\r\n<p>去阿基米德的故乡，寻找玛莲娜的倩影；到腓尼基人建的港口，看诺曼人留下的辉煌；</p>\r\n\r\n<p>站在神庙山谷中，追忆古希腊的岁月；走在阳光斑驳的小巷里，等待教堂钟声的响起；</p>\r\n\r\n<p>你敢不敢爬上欧洲最活跃的活火山？你要不要坐在古罗马竞技场里看大海？</p>\r\n\r\n<p>&hellip; &hellip;</p>\r\n\r\n<p>西西里，有太多惊喜在等着你！</p>\r\n\r\n<p><img src=\"http://5b0988e595225.cdn.sohucs.com/images/20190321/422079e1048743c79b074e078c413475.jpeg\" style=\"height:auto; margin:10px auto 0px\" /></p>\r\n\r\n<p>主要地点：巴勒莫、阿格利真托、神庙山谷、拉古萨、莫蒂卡、锡拉库扎、卡塔尼亚、埃特纳、陶尔米纳</p>\r\n\r\n<p>旅行长度：12天</p>\r\n\r\n<p>费用：约25000元起</p>\r\n\r\n<p>了解该旅行活动的详细信息，请私信&ldquo;西西里&rdquo;，获得自动回复介绍。</p>\r\n\r\n<p><strong>2019年9月30日－10月8日 托斯卡纳艳阳下&mdash;&mdash;触碰文艺复兴之魂</strong></p>\r\n\r\n<p><img src=\"http://5b0988e595225.cdn.sohucs.com/images/20190321/717a3dd3b73b4a1a9a56db3a1b83d6d1.jpeg\" style=\"height:auto; margin:10px auto 0px\" /></p>\r\n\r\n<p>托斯卡纳之旅，重出江湖！</p>\r\n\r\n<p>这次，让我们将更多的目光投向文艺复兴。</p>\r\n\r\n<p>大概曾经有过很多人，来到托斯卡纳后，就真的没有再离开；大概几乎所有的人，来到托斯卡纳后，都希望自己能够不会再离开。</p>\r\n\r\n<p>上帝赋予了托斯卡纳得天独厚的美，托斯卡纳却并未因此而骄纵，她努力创新，孕育了整个欧洲最辉煌的艺术文明&mdash;&mdash;文艺复兴!</p>\r\n\r\n<p>那些美丽精致的古城们，不仅自己被列为世界文化遗产，更有许许多多的艺术珍品被藏于其中；而浪漫迷人的奥尔恰谷，也被世界自然遗产名录收入；比风景和艺术更迷人的，还属那慵懒恬静的当地人小日子～～</p>\r\n\r\n<p><img src=\"http://5b0988e595225.cdn.sohucs.com/images/20190321/b49e8b07999b4e7587f0c1312c11fe91.jpeg\" style=\"height:auto; margin:10px auto 0px\" /></p>\r\n\r\n<p>我们一起去托斯卡纳度个假吧，聊聊艺术、喝喝红酒，再每天&ldquo;随便&rdquo;吃点儿意大利菜......</p>\r\n\r\n<p>神仙一般的日子？</p>\r\n\r\n<p><img src=\"http://5b0988e595225.cdn.sohucs.com/images/20190321/27472fd8679041d2a08581f8b8d1b1b1.jpeg\" style=\"height:auto; margin:10px auto 0px\" /></p>\r\n\r\n<p>主要地点：佛罗伦萨、锡耶纳、皮恩扎、蒙特普奇亚诺、罗马</p>\r\n\r\n<p>旅行长度：9天</p>\r\n\r\n<p>费用：约22000元起</p>\r\n\r\n<p>了解该旅行活动的详细信息，请私信&ldquo;托斯卡纳&rdquo;，获得自动回复介绍。</p>\r\n\r\n<p>请注意：西西里和托斯卡纳两个旅行可衔接，如两个都参加，可享受<strong>减免300</strong><strong>镑</strong><strong>的</strong>优惠！！</p>\r\n\r\n<p><strong>2019年11月1日－11月8日／10日 秋天的彩色之路－－徒步科茨沃尔德</strong></p>\r\n\r\n<p>秋天的科茨沃尔德之路，层林尽染，田野却依旧绿色盎然；红色、金色的落叶铺满小路；气候清爽，偶有薄雾。</p>\r\n\r\n<p>这时候，让我们轻轻走近，感受这片美丽土地上的浪漫气质&hellip;</p>\r\n\r\n<p><img src=\"http://5b0988e595225.cdn.sohucs.com/images/20190321/8300d3b388ad47a8a621ba8becf8ca77.jpeg\" style=\"height:auto; margin:10px auto 0px\" /></p>\r\n\r\n<p>三天的纯徒步活动，途经科茨沃尔德最美的几个小村庄；住在乡间百年村舍酒店，穿梭回旧时代的英式生活里，悠然享受安宁时光；拜访千年历史大教堂&mdash;&mdash;《哈利波特》拍摄地格罗斯特大教堂（霍格沃茨学院的很多场景）；走入古堡，走入都铎王朝的历史......</p>\r\n\r\n<p><img src=\"http://5b0988e595225.cdn.sohucs.com/images/20190321/0bd7098fcd2c4996bd75dd69cdd803a1.jpeg\" style=\"height:auto; margin:10px auto 0px\" /></p>\r\n\r\n<p>主要地点：科茨沃尔德之路上的三个小村、温什科姆、切尔滕纳姆、格罗斯特、伦敦</p>\r\n\r\n<p>旅行长度：8天或10天</p>\r\n\r\n<p>费用：约20000元起</p>\r\n\r\n<p>了解该旅行活动的详细信息，请私信&ldquo;徒步秋&rdquo;，获得自动回复介绍。</p>\r\n\r\n<p><strong>2019年11月9日－11月17日</strong><strong>第二眼英伦&mdash;&mdash;&ldquo;他们&rdquo;还不知的英伦面孔</strong></p>\r\n\r\n<p><img src=\"http://5b0988e595225.cdn.sohucs.com/images/20190321/d4fcf905eb12422dab0c588d266384bf.jpeg\" style=\"height:auto; margin:10px auto 0px\" /></p>\r\n\r\n<p>英格兰这个地方，很多人没想过要来；很多人来了之后，没想到自己会舍不得走。</p>\r\n\r\n<p>几乎所有来过英国的人，都发现自己还想再来。</p>\r\n\r\n<p>如果你真的还想再来一次英格兰，请容许我介绍一些她的别样风光，来看看这个宝藏小岛，还有多少独特的气质？</p>\r\n\r\n<p>这次的&ldquo;第二眼英伦&rdquo;被我们戏称为2.0版，因为我们做了一些大的调整。</p>\r\n\r\n<p>用美丽安静的海港小城替代了个性时尚的布莱顿；用更独特、但却更少人前去的多塞特郡侏罗纪海崖，替代了之前的七姐妹海崖：</p>\r\n\r\n<p><img src=\"http://5b0988e595225.cdn.sohucs.com/images/20190321/612977f5d3354a3e9094ac49465a4462.jpeg\" style=\"height:auto; margin:10px auto 0px\" /></p>\r\n\r\n<p>这次旅行也可以叫做&ldquo;邂逅英国文豪之旅&rdquo;，因为我们会去到阿加莎的家乡，在她的蜜月酒店用下午茶、坐着蒸汽火车去拜访她家；我们会深入苔丝姑娘的家乡，在百年酒店里仰头看千年古堡&hellip;&hellip;</p>\r\n\r\n<p><img src=\"http://5b0988e595225.cdn.sohucs.com/images/20190321/f113e1158b314f1fa935633b4d2d57cd.jpeg\" style=\"height:auto; margin:10px auto 0px\" /></p>\r\n\r\n<p>主要地点：伦敦的&ldquo;遗珠&rdquo;们、阿加莎&bull;克里斯蒂的故乡托基、达特河三角洲、多塞特郡、侏罗纪海岸东部</p>\r\n\r\n<p>旅行长度：9天</p>\r\n\r\n<p>费用：约22000元起</p>\r\n\r\n<p>了解该旅行活动的详细信息，请私信&ldquo;第二眼&rdquo;，获得自动回复介绍。</p>\r\n\r\n<p><strong>2019年12月1日－12月9日</strong><strong>圣诞氛围中的美丽英国</strong></p>\r\n\r\n<p>一进12月，似乎全世界都开始忙着过圣诞节，火鸡、圣诞树、圣诞老人这些必须的元素是连小朋友都知道的。</p>\r\n\r\n<p>但是你知道，谁是圣诞节的&ldquo;宣传大使&rdquo;吗？</p>\r\n\r\n<p><img src=\"http://5b0988e595225.cdn.sohucs.com/images/20190321/83d0a08d07054667be52e43468187730.jpeg\" style=\"height:auto; margin:10px auto 0px\" /></p>\r\n\r\n<p><strong>伦敦狄更斯故居的圣诞装饰</strong></p>\r\n\r\n<p>那么，让我们一起来看看狄更斯的家乡英国，是怎样过圣诞的！</p>\r\n\r\n<p>这是三个历史感最浓厚、建筑最漂亮、也最有名的英国城市&mdash;&mdash;华丽时尚的伦敦、传统精致的约克、童话气质的爱丁堡。</p>\r\n\r\n<p>别人9天已经环岛游结束了，我们全程只赖在这三个地方......</p>\r\n\r\n<p>相信我，圣诞气氛下的这三座城，实在是太值得细细欣赏了～～</p>\r\n\r\n<p><img src=\"http://5b0988e595225.cdn.sohucs.com/images/20190321/877bea0559344166ade9df18c8e86cae.jpeg\" style=\"height:auto; margin:10px auto 0px\" /></p>\r\n\r\n<p>主要地点：伦敦、约克、爱丁堡、比斯特</p>\r\n\r\n<p>旅行长度：9天</p>\r\n\r\n<p>费用：约20000元起</p>\r\n\r\n<p>了解该旅行活动的详细信息，请私信&ldquo;圣诞之旅&rdquo;，获得自动回复介绍。</p>\r\n\r\n<p>以上，便是2019年还来得及参加的旅行。</p>\r\n\r\n<p>不要忘了，我们也擅长定制旅行，</p>\r\n\r\n<p>你的想法＋我们的经验＝你的梦想之旅！</p>\r\n\r\n<p>最后，恳请大家帮个忙，为了知道大家更喜欢哪种旅行，我们做了一个投票调查，请选出你最有可能参加的旅行；我们会根据大家的反馈，调整下一年的旅行线路：</p>\r\n\r\n<p>我们的微信公众号：英伦欧陆深度游(verytraveler)</p>\r\n', '2019-03-21 22:33:55', '0', '0', '2019，依旧向远方', null);
INSERT INTO `sys_moments` VALUES ('306236305208119296', '306232379880640512', '258221160834142208', '美爆了！全国20大跑步圣地，你跑了几个？ ', '/uploadImages/d5938d4a-95e0-452a-bc1f-f891ba3ed959_2eeac4757a1a40abbfe16581fb05cb86.jpg', '<p>奥林匹克森林公园</p>\r\n\r\n<p>奥林匹克森林公园位于北京市朝阳区北五环林萃路，东至安立路，西至林萃路，北至清河，南至科荟路。奥森作为国家5A级景区，集市民，游客休闲，娱乐，锻炼，踏青于一体。园内美景更是数不胜数，&ldquo;湿地&rdquo;&ldquo;林泉高致&rdquo;&ldquo;仰山&rdquo;&ldquo;奥海&rdquo;。进入南门时的巨大湖面；登上仰山时北京中轴线的全景；秋天时湛蓝的天空下大片的的芦苇丛和广袤的草地配上金黄色的银杏无不体现奥森的美。</p>\r\n\r\n<p><img src=\"http://5b0988e595225.cdn.sohucs.com/images/20190321/2eeac4757a1a40abbfe16581fb05cb86.jpeg\" style=\"height:auto; margin:10px auto 0px\" /></p>\r\n\r\n<p>上海 世纪公园</p>\r\n\r\n<p>世纪公园位于浦东花木行政区东南侧，是目前上海最大的具有自然特征的生态城市公园，体现了中西文化的交融，人与自然的融合，具有现在特色的中国园林风格。</p>\r\n\r\n<p>世纪公园石碑、世纪花钟、惊天湖等景点都将世纪公园的美表现的淋漓尽致。而每年3月份园内的樱花都吸引了大量游客前来感受春天的气息。</p>\r\n\r\n<p><img src=\"http://5b0988e595225.cdn.sohucs.com/images/20190321/51608060cc6f4e84b80fee7a2d7b66b9.jpeg\" style=\"height:auto; margin:10px auto 0px\" /></p>\r\n\r\n<p>广州 小蛮腰至中大北门</p>\r\n\r\n<p>中山大学北门广场到广州塔小蛮腰，全程步行２、５公里。沿江修建绿化休闲路，江对面是珠江新城。无论是美丽的江景还是沿路的绿植花卉，还是&ldquo;性感&rdquo;的广州塔，当你在这条休闲路上都能感受到广州现代和自然合理交融的美丽。</p>\r\n\r\n<p><img src=\"http://5b0988e595225.cdn.sohucs.com/images/20190321/bc160fcb41c64ae5ad1d5ffaa1cc54f9.jpeg\" style=\"height:auto; margin:10px auto 0px\" /></p>\r\n\r\n<p>深圳 深圳湾公园</p>\r\n\r\n<p>深圳湾公园是深圳湾社区的一处滨水休闲带景观，大运会的火炬塔就在其中，公园长达10公里，绵延了整个深圳中心区海岸线，包含了红树林，鸟类保护区，深圳湾体育场等许多内容，在这海风和夜景会带给你别样的感受。</p>\r\n\r\n<p><img src=\"http://5b0988e595225.cdn.sohucs.com/images/20190321/d826845acf7743d98d862961bf7ab3b0.jpeg\" style=\"height:auto; margin:10px auto 0px\" /></p>\r\n\r\n<p>成都 青龙湖湿地公园</p>\r\n\r\n<p>青龙湖湿地公园位于成都市东大门成洛大道西段（十陵段）以南、蜀王大道南段以东，是成都市的&ldquo;城市绿肺&rdquo;、最大面积的湿地公园。作为天然氧吧，青龙湖公园同样吸引了如白鹭、百灵等各类鸟。极大的体现了人与自然的和谐美。</p>\r\n\r\n<p><img src=\"http://5b0988e595225.cdn.sohucs.com/images/20190321/12c4ee75713647aa88a1d29e31ad41f1.jpeg\" style=\"height:auto; margin:10px auto 0px\" /></p>\r\n\r\n<p>重庆 滨江路</p>\r\n\r\n<p>滨江路1988年至1997年间，渝中区开全市先河，建成滨江路后，人们才惊异地发现，被遗忘已久的两江沿线，竟蕴藏着如此巨大的商贸、交通、文化价值。而5D洪崖洞更是作为滨江路上的一颗明星，备受瞩目。</p>\r\n\r\n<p><img src=\"http://5b0988e595225.cdn.sohucs.com/images/20190321/775dbaac33fd42b6b7b894220f98a301.jpeg\" style=\"height:auto; margin:10px auto 0px\" /></p>\r\n\r\n<p>西安 大明宫</p>\r\n\r\n<p>大明宫位于唐京师长安（今西安）北侧的龙首原，丹凤门是大明宫的正门南门，门前是宽达176米的丹凤门大街，长长的马道，气势雄伟。大明宫蕴含的历史价值绝对值得细细品味。</p>\r\n\r\n<p><img src=\"http://5b0988e595225.cdn.sohucs.com/images/20190321/a07b75668a964685bec3ed09b4b3e1f0.jpeg\" style=\"height:auto; margin:10px auto 0px\" /></p>\r\n\r\n<p>武汉 东湖</p>\r\n\r\n<p>东湖风景区位于湖北省武汉市中心城区，是国家5A级旅游景区。因开发较为缓慢，所以东湖的整体环境很好，四季都是风景。东湖有落雁岛 磨山（樱花园）。和朋友春游聊天散步都可选用 空气清新 人也不多 是个放松身心的好地方。</p>\r\n\r\n<p><img src=\"http://5b0988e595225.cdn.sohucs.com/images/20190321/266f03222fb04e47b441f473e7c81eae.jpeg\" style=\"height:auto; margin:10px auto 0px\" /></p>\r\n\r\n<p>天津 五大道旅游区</p>\r\n\r\n<p>五大道在天津市中心城区的南部，东、西向并列着以成都、重庆、大理、睦南及马场为名的五条街道，是迄今天津乃至中国保留最为完整的洋楼建筑群。步行于其中，自由休闲的品味它的韵味作为休闲方式实属不错。</p>\r\n\r\n<p><img src=\"http://5b0988e595225.cdn.sohucs.com/images/20190321/d8159cd1cb714ca1b3fcfb6b28db6af5.jpeg\" style=\"height:auto; margin:10px auto 0px\" /></p>\r\n\r\n<p>南京 玄武湖</p>\r\n\r\n<p>玄武湖位于南京市玄武区，东枕紫金山，西靠明城墙，北邻南京站，是江南地区最大的城内公园，也是中国最大的皇家园林湖泊、仅存的江南皇家园林，湖边风景优美被誉为&ldquo;金陵明珠&rdquo;。</p>\r\n\r\n<p><img src=\"http://5b0988e595225.cdn.sohucs.com/images/20190321/ae19e829fd9e4dfb82e0b8a55e2ea464.jpeg\" style=\"height:auto; margin:10px auto 0px\" /></p>\r\n\r\n<p>杭州 西湖</p>\r\n\r\n<p>西湖位于浙江省杭州市西湖区龙井路1号，苏堤春晓，三潭印月等西湖十景是西湖最好的名片。作为5A级景区，西湖的美一直吸引着世界各地的游客前来观赏。</p>\r\n\r\n<p><img src=\"http://5b0988e595225.cdn.sohucs.com/images/20190321/f1be994794444308a18bcbf4dc28f730.jpeg\" style=\"height:auto; margin:10px auto 0px\" /></p>\r\n\r\n<p>郑州 CBD商务内环</p>\r\n\r\n<p>绿地中心千玺广场位于郑东新区CBD中央公园内，和会展中心、艺术中心相临，是郑东新区CBD的三大标志性建筑之一。是集商业、办公、酒店、会议、休闲、展览、观光旅游等多功能为一体的城市综合服务设施。</p>\r\n\r\n<p><img src=\"http://5b0988e595225.cdn.sohucs.com/images/20190321/a3416234b77a47f0be178187ea7cbcfa.jpeg\" style=\"height:auto; margin:10px auto 0px\" /></p>\r\n\r\n<p>长沙 橘子洲景区</p>\r\n\r\n<p>位于湖南省长沙市市区对面的湘江江心，是湘江中最大的名洲。橘子洲久负盛名，春来，明光潋滟，沙鸥点点；秋至，柚黄橘红，清香一片；深冬，凌寒剪冰，江风戏雪。</p>\r\n\r\n<p><img src=\"http://5b0988e595225.cdn.sohucs.com/images/20190321/ae965ee6594249a2bba8fe4401c54072.jpeg\" style=\"height:auto; margin:10px auto 0px\" /></p>\r\n\r\n<p>苏州 金鸡湖景区</p>\r\n\r\n<p>金鸡湖景区位于江苏省苏州市苏州工业园区，景区打造了文化会展区、时尚购物区、休闲美食区、城市观光区、中央水景区五大功能区。为各界人士提供了不同的定制化旅游产品。</p>\r\n\r\n<p><img src=\"http://5b0988e595225.cdn.sohucs.com/images/20190321/4d62ee4a6d2b409d912dbd9364e01409.jpeg\" style=\"height:auto; margin:10px auto 0px\" /></p>\r\n\r\n<p>沈阳 北陵公园</p>\r\n\r\n<p>北陵公园1927年，奉天省政府将清昭陵辟为公园，因位于市区北部，故得此名。辽宁省沈阳市最大的公园，占地330万平方米，是沈阳的名胜古迹之一，我国古代建筑的精华，具有极大的历史意义。</p>\r\n\r\n<p><img src=\"http://5b0988e595225.cdn.sohucs.com/images/20190321/d766deb00ae7435f96ef9d0b96452b32.jpeg\" style=\"height:auto; margin:10px auto 0px\" /></p>\r\n\r\n<p>青岛 五四广场至小麦岛</p>\r\n\r\n<p>青岛五月的风是坐落在&ldquo;五四广场&rdquo;的标志性雕塑，高达30米， 直径27米，重达500余吨，为我国目前最大的钢质城市雕塑。而这代表着五四运动历史足迹，同样是五四广场的灵魂。</p>\r\n\r\n<p><img src=\"http://5b0988e595225.cdn.sohucs.com/images/20190321/d15ee6f072784a3085b071bbb5961597.jpeg\" style=\"height:auto; margin:10px auto 0px\" /></p>\r\n\r\n<p>济南 大明湖</p>\r\n\r\n<p>大明湖位于山东省济南市市中心偏东北处、旧城区北部，是由济南众多泉水汇流而成，湖面58公顷，公园面积103.4公顷。大明湖是泉城济南重要的风景名胜、开放窗口和闻名中外的旅游胜地，素有&ldquo;泉城明珠&rdquo;的美誉。</p>\r\n\r\n<p><img src=\"http://5b0988e595225.cdn.sohucs.com/images/20190321/f9896073ac7645b1842bf01f382de140.jpeg\" style=\"height:auto; margin:10px auto 0px\" /></p>\r\n\r\n<p>合肥 大蜀山森林公园</p>\r\n\r\n<p>大蜀山森林公园位于安徽省合肥市西部蜀山区内，处于合肥市中心区西侧的门户位置。大蜀山山峰孤突，海拔284米，是合肥市城区内最高点。大蜀山森林公园充分发挥了其绿肺的功能，改善城市环境，人民居住环境。</p>\r\n\r\n<p><img src=\"http://5b0988e595225.cdn.sohucs.com/images/20190321/0f4583cae24c40e18b6a9ec90c83ea31.jpeg\" style=\"height:auto; margin:10px auto 0px\" /></p>\r\n\r\n<p>昆明 翠湖</p>\r\n\r\n<p>翠湖原称&ldquo;菜海子&rdquo;，因湖东北有&ldquo;九泉所出，汇而成池&rdquo;，故又名&ldquo;九龙池&rdquo;。 湖中有海心亭，西侧有观鱼堂，东南有水月轩。翠湖堤畔旧有&ldquo;十亩荷花鱼世界，半城杨柳抚楼台&rdquo;之联，被誉为&ldquo;城中碧玉&rdquo;。 翠绿优雅，湖面荡漾微波粼粼，漫步其中，实属享受。</p>\r\n\r\n<p><img src=\"http://5b0988e595225.cdn.sohucs.com/images/20190321/f777825841cd4600a96a051f8e0a8a4e.jpeg\" style=\"height:auto; margin:10px auto 0px\" /></p>\r\n\r\n<p>厦门 环岛路</p>\r\n\r\n<p>是环绕福建省厦门市厦门岛的城市干道，跨越厦门市的思明区和湖里区两个区级行政区，厦门作为一座风姿绰约的海上花园城市，可以尽情地拥抱阳光、沙滩、椰树、海风。</p>\r\n\r\n<p><img src=\"http://5b0988e595225.cdn.sohucs.com/images/20190321/f73fc38254444c3eabce5656405892a8.jpeg\" style=\"height:auto; margin:10px auto 0px\" /></p>\r\n\r\n<p>这20大最美跑步圣地，你在哪几个打过卡？</p>\r\n', '2019-03-21 22:34:50', '1', '0', '美爆了！全国20大跑步圣地，你跑了几个？ ', null);
INSERT INTO `sys_moments` VALUES ('306236739821899776', '306232379880640512', '258221160834142208', '一溪两岸荔枝红！新旧照看古今荔枝湾，如何在活化中创新 ', '/uploadImages/default.jpg', '<p><strong>荔枝湾</strong>是新羊城八景之一，</p>\r\n\r\n<p>也是广州的新地标，</p>\r\n\r\n<p>不仅是市民平日都喜欢去的休憩地，</p>\r\n\r\n<p>更是外地游客必到的&ldquo;打卡点&rdquo;。</p>\r\n\r\n<p><img src=\"http://5b0988e595225.cdn.sohucs.com/images/20190321/c549ffbf0f944602b5b991a6e26b6bb1.jpeg\" style=\"height:auto; margin:10px auto 0px\" /></p>\r\n\r\n<p>荔湾胜境（荔枝湾涌）</p>\r\n\r\n<p>荔枝湾的历史可追溯到</p>\r\n\r\n<p>广州建城之初的2200多年以前。</p>\r\n\r\n<p>公元前206年，汉高祖刘邦派遣陆贾来广州向赵佗劝降，当时陆贾以今天的西村为驻地，筑泥城，并在河边种植花、藕和荔枝，&ldquo;荔枝湾&rdquo;因此得名。</p>\r\n\r\n<p><img src=\"http://5b0988e595225.cdn.sohucs.com/images/20190321/eaae6d168f37450c9db813284dc78c3c.jpeg\" style=\"height:auto; margin:10px auto 0px\" /></p>\r\n\r\n<p>清朝道光十年，富商潘仕成将荔枝湾方圆几百亩地买下，大兴土木修亭葺台，建成岭南第一名园，并提名为<strong>&ldquo;海山仙馆&rdquo;。</strong></p>\r\n\r\n<p><img src=\"http://5b0988e595225.cdn.sohucs.com/images/20190321/fd4aab1880dd45b282da44f59d43de46.jpeg\" style=\"height:auto; margin:10px auto 0px\" /></p>\r\n\r\n<p>海山仙馆内凌霄仙馆</p>\r\n\r\n<p><img src=\"http://5b0988e595225.cdn.sohucs.com/images/20190321/2f985cf4ff0e4c80b46682124e1789a2.jpeg\" style=\"height:auto; margin:10px auto 0px\" /></p>\r\n\r\n<p>民国时期的荔枝湾</p>\r\n\r\n<p><img src=\"http://5b0988e595225.cdn.sohucs.com/images/20190321/b3ca7bcd724a4f888b63e4f12627df2a.jpeg\" style=\"height:auto; margin:10px auto 0px\" /></p>\r\n\r\n<p>昔日荔枝湾上游河的情景</p>\r\n\r\n<p>20世纪40年代，随着广州城区的扩展，城市人口的增加，荔枝湾两岸成为菜农、贫民聚居之地，居民为建房屋砍掉了荔枝树。</p>\r\n\r\n<p><img src=\"http://5b0988e595225.cdn.sohucs.com/images/20190321/e3d52ff4d58a4cc6b3c0b7bd9a106311.jpeg\" style=\"height:auto; margin:10px auto 0px\" /></p>\r\n\r\n<p>20世纪40年代的荔枝湾</p>\r\n\r\n<p>1958年，荔枝湾一带开辟了荔湾湖公园，保留了部分湖泊和水道，河道仍能通逢源桥，南至多宝桥，但水系的各条支流被填平变成街道。</p>\r\n\r\n<p><img src=\"http://5b0988e595225.cdn.sohucs.com/images/20190321/44173a7f875641d8983e5e29bbdd61f5.jpeg\" style=\"height:auto; margin:10px auto 0px\" /></p>\r\n\r\n<p>荔湾湖公园修建之前是一片烂泥塘和水田</p>\r\n\r\n<p><img src=\"http://5b0988e595225.cdn.sohucs.com/images/20190321/2e53d7d593564a40972882bfc69d4be6.jpeg\" style=\"height:auto; margin:10px auto 0px\" /></p>\r\n\r\n<p>荔湾湖公园建成后，这里成了人们郊游的热门地方。</p>\r\n\r\n<p><img src=\"http://5b0988e595225.cdn.sohucs.com/images/20190321/71c242efa800481fadef49976630b9b0.jpeg\" style=\"height:auto; margin:10px auto 0px\" /></p>\r\n\r\n<p>1959年，荔湾湖公园的游湖活动。</p>\r\n\r\n<p><img src=\"http://5b0988e595225.cdn.sohucs.com/images/20190321/95ced4a91f1f486e999eacdc8b8b1323.jpeg\" style=\"height:auto; margin:10px auto 0px\" /></p>\r\n\r\n<p>上世纪70年代末，荔湾湖公园的湖心亭。</p>\r\n\r\n<p><img src=\"http://5b0988e595225.cdn.sohucs.com/images/20190321/5221e1298ab448cd989bc780443e3191.jpeg\" style=\"height:auto; margin:10px auto 0px\" /></p>\r\n\r\n<p>上世纪八十年代的荔枝湾还能看到水道。</p>\r\n\r\n<p>1985年前后，荔湾湖至多宝桥的水道被覆盖；1992年，泮溪酒家至逢源桥一段水道也被覆盖。</p>\r\n\r\n<p><img src=\"http://5b0988e595225.cdn.sohucs.com/images/20190321/d8ab3061c9f74d7a99d745e2697f245c.jpeg\" style=\"height:auto; margin:10px auto 0px\" /></p>\r\n\r\n<p>到了九十年代，河涌已经被覆盖。</p>\r\n\r\n<p>荔枝湾的故事就到这里了吗？</p>\r\n\r\n<p>当然不！</p>\r\n\r\n<p>随着荔枝湾涌项目延伸至恩宁路、连接到粤剧艺术博物馆、永庆坊等，广州千年古老街区被保护、活化和传承。</p>\r\n\r\n<p><img src=\"http://5b0988e595225.cdn.sohucs.com/images/20190321/f06d826ca67d493fa3b924f9a2673ac4.jpeg\" style=\"height:auto; margin:10px auto 0px\" /></p>\r\n\r\n<p>看着如今美丽、</p>\r\n\r\n<p>生机勃勃的荔枝湾涌，</p>\r\n\r\n<p>当初<strong>如何&ldquo;揭盖复涌&rdquo;、</strong></p>\r\n\r\n<p><strong>如何重现荔枝湾原貌？</strong></p>\r\n\r\n<p>下面我们一起来了解一下！</p>\r\n\r\n<p><strong>重现荔枝湾涌</strong></p>\r\n\r\n<p>按照相关规划，荔枝湾项目共分为三期。</p>\r\n\r\n<p>第一期主要把原来覆盖在河涌上的马路拆除&mdash;&mdash;&ldquo;揭盖复涌&rdquo;，以重现昔日景致；</p>\r\n\r\n<p>二期是把西关大屋保护区、文塔、蒋光鼐故居等重要的历史建筑串联，把河涌连通至荔湾湖公园。</p>\r\n\r\n<p><img src=\"http://5b0988e595225.cdn.sohucs.com/images/20190321/04abdc0f294040108d36d05ea075da3d.jpeg\" style=\"height:auto; margin:10px auto 0px\" /></p>\r\n\r\n<p>图为复建中的龙津桥水道</p>\r\n\r\n<p>目前，&ldquo;老广们&rdquo;与游客</p>\r\n\r\n<p>经常前往的荔枝湾，</p>\r\n\r\n<p>并延伸至荔湾湖的步行景区，</p>\r\n\r\n<p>便是属于一二期工程。</p>\r\n\r\n<p>说来巧合的是，作为荔枝湾&ldquo;揭盖复涌&rdquo;项目一二期工程的项目设计团队之一的广州市思哲设计院便&ldquo;藏身&rdquo;于荔湾区逢源路上两栋三层&ldquo;小红楼&rdquo;中，与荔枝湾仅相距不到2分钟的路程。</p>\r\n\r\n<p><img src=\"http://5b0988e595225.cdn.sohucs.com/images/20190321/0b7ca87b7f0e448d8d098e65831a3984.jpeg\" style=\"height:auto; margin:10px auto 0px\" /></p>\r\n\r\n<p>广州市思哲设计院有限公司总设计师罗思敏，本身是土生土长的广州人，&ldquo;我从小在西关长大，<strong>小时候荔枝湾这一带可以下水捉鱼&rdquo;。</strong></p>\r\n\r\n<p>正因为童年美好回忆，所以当上世纪90年代初，原来的荔枝湾涌被石板盖上，变成马路下的暗涌后，作为&ldquo;老西关&rdquo;，尤为惋惜。</p>\r\n\r\n<p><img src=\"http://5b0988e595225.cdn.sohucs.com/images/20190321/97ed1d457bd54d25a5d85bdce665973d.jpeg\" style=\"height:auto; margin:10px auto 0px\" /></p>\r\n\r\n<p>昔日紫洞艇和花艇</p>\r\n\r\n<p>直至2009年6月，荔湾区决定将荔枝湾路&ldquo;揭盖复涌&rdquo;，经过半年的&ldquo;揭盖复涌&rdquo;，荔枝湾涌调水补水工程完成。当年10月17日，西郊村龙船试水荔枝湾涌。</p>\r\n\r\n<p>如今的荔枝湾五座石桥横跨两岸，一湾碧水蜿蜒而去，古色古香的文塔倒影在水中，四周亭台楼榭，佳木葱茏，一派岭南水乡风光。</p>\r\n\r\n<p><img src=\"http://5b0988e595225.cdn.sohucs.com/images/20190321/1a9c03f3d5cf4659878d19884f73d3bd.jpeg\" style=\"height:auto; margin:10px auto 0px\" /></p>\r\n\r\n<p>尽管荔枝湾项目从当初规划至今已近十多年时间，但是，如今再说起整个设计项目，罗思敏仍记忆犹新，&ldquo;整治工程是全方位的，当时由广州市城市规划勘测设计研究院规划并统筹，多个部门、设计团队加入&rdquo;。</p>\r\n\r\n<p>1<strong>揭盖复涌</strong></p>\r\n\r\n<p>&ldquo;揭盖复涌&rdquo;，首先是对污水进行整治，经截污后，既保持了岭南水乡的特色，同时也达到了排污的效果。</p>\r\n\r\n<p>据了解，现在大家看到的荔枝湾涌，其实上层是景观水质，团队采用&ldquo;隔层式&rdquo;的平台方案，在涌道底层与路面都种了植物。</p>\r\n\r\n<p>当涌道水位较低时，游客可走在亲水平台，还能看到涌底的植物，植物也可净化水质。</p>\r\n\r\n<p>当水量增多，水位上升时，游客沿着涌边慢步，同样能观赏到沿路的花草。</p>\r\n\r\n<p><img src=\"http://5b0988e595225.cdn.sohucs.com/images/20190321/b640915cfdaf4feb9a165a568ad38ec7.jpeg\" style=\"height:auto; margin:10px auto 0px\" /></p>\r\n\r\n<p>2<strong>雨污分流</strong></p>\r\n\r\n<p>由于广州雨水多，虽然雨水污染轻，但雨季时对水质会造成一定影响。</p>\r\n\r\n<p>对此，整个规划设计团队就想出一个办法，采用&ldquo;雨污分流&rdquo;技术&mdash;&mdash;将雨水经过分流后直接排入荔枝湾涌，经过自然沉淀，就可作为景观用水使用了。而污水排入污水管网，并通过污水处理厂，实现污水再生回用。&ldquo;雨污分流&rdquo;便于雨水收集利用和集中管理排放，对于荔枝湾涌的水体环境与周边生活环境有较大提升。</p>\r\n\r\n<p><img src=\"http://5b0988e595225.cdn.sohucs.com/images/20190321/ab9351de447f49a5a1faf97ee8d9d1bf.jpeg\" style=\"height:auto; margin:10px auto 0px\" /></p>\r\n\r\n<p>截污后，利用&ldquo;上涌下渠&rdquo;的方式，保持了岭南水乡的特色，同时也达到了排污的效果。</p>\r\n\r\n<p><strong>打造粤韵景致</strong></p>\r\n\r\n<p><strong>&ldquo;一湾溪水绿，两岸荔枝红&rdquo;，</strong>这是昔日广州西关荔枝湾的写照，也是历代广州人的温馨记忆，经过&ldquo;复涌&rdquo;工程后，下一步是将充满粤韵的荔枝湾景致再次呈现。</p>\r\n\r\n<p>1</p>\r\n\r\n<p>首先，设计组在涌上重建了五座石桥，一方面是方便市民出行，另一方面就是恢复当年涌道&ldquo;原貌&rdquo;，而这五座桥当中有三座<strong>沿用了原&ldquo;西关八桥&rdquo;的桥名</strong>&mdash;&mdash;自东向西分别为龙津、德兴、大观、志善和永宁桥。</p>\r\n\r\n<p>游人可以坐花船沿着涌道，一路欣赏美景又或是沿路观赏风光。</p>\r\n\r\n<p><img src=\"http://5b0988e595225.cdn.sohucs.com/images/20190321/0aaf426401d945daa8513ebfae710060.jpeg\" style=\"height:auto; margin:10px auto 0px\" /></p>\r\n\r\n<p>2</p>\r\n\r\n<p>其次，走在荔枝湾路上，不但能看到从荔湾湖路口一直蜿蜒延伸，与荔湾湖连接的一湾&ldquo;碧水&rdquo;，沿途更有充满历史韵味的<strong>西关大屋、文塔、蒋光鼐故居、小画舫斋、荔湾博物馆等，</strong>令人目不暇接。</p>\r\n\r\n<p><img src=\"http://5b0988e595225.cdn.sohucs.com/images/20190321/8e838ef470714b719ef1ab850a25277d.jpeg\" style=\"height:auto; margin:10px auto 0px\" /></p>\r\n\r\n<p>民国时期的文塔</p>\r\n\r\n<p><img src=\"http://5b0988e595225.cdn.sohucs.com/images/20190321/0265c7fae5a54da58a60705c69fd2997.jpeg\" style=\"height:auto; margin:10px auto 0px\" /></p>\r\n\r\n<p>今文塔</p>\r\n\r\n<p><strong>西关大屋</strong>是西关文化的重要元素，</p>\r\n\r\n<p>在荔枝湾&ldquo;改造&rdquo;工程中，</p>\r\n\r\n<p>如何将西关大屋以及具有历史的</p>\r\n\r\n<p>文保建筑、博物馆等&ldquo;重获新生&rdquo;？</p>\r\n\r\n<p>当时，南起多宝路，东至龙津西路，西连荔枝湾，团队对片区内建筑进行了一次彻底摸查，根据每栋建筑的历史价值、损毁程度、使用功能及整体规划，进行有针对性的改造设计：<strong>保留、抽疏和改建。</strong></p>\r\n\r\n<p><strong>所谓保留，</strong>是指保持原有街巷空间&ldquo;肌理&rdquo;，保留文保单位以及历史建筑，并延续原有的建筑风格；</p>\r\n\r\n<p><strong>抽疏，</strong>则是选择拆除荔枝湾路临时建筑、建立与荔枝湾的联系，并增强整体的景观价值，营造巷与庭院，丰富空间情趣；</p>\r\n\r\n<p><strong>改建，</strong>是指局部插建，增强院落感；荔枝湾路恢复河涌景观，变为步行空间。</p>\r\n\r\n<p><strong>罗思敏进一步解释，</strong>当时根据规划，是需要对这一整片的历史街区进行改造，当中需要面对一些问题，包括如何保留历史建筑、文保单位，但同时让街区符合商业步行景区要求，设计组尝试抽疏改建的方式去解决消防隐患、建筑通风采光等问题。</p>\r\n\r\n<p><img src=\"http://5b0988e595225.cdn.sohucs.com/images/20190321/8c07c043463f4400a09a9d9b6d416ee3.jpeg\" style=\"height:auto; margin:10px auto 0px\" /></p>\r\n\r\n<p>如今，走在景区内，无论是新增的临街面建筑，还是保留的历史建筑，都是井然有序、错落有致地分布，在不同的独立建筑之间，又利用庭院的设计、园林植物等方式，使其整体归一。</p>\r\n\r\n<p>深入荔枝湾路两旁的老西关街巷中，可看到新修葺的历史建筑和深藏于此的西关居民屋。</p>\r\n\r\n<p><img src=\"http://5b0988e595225.cdn.sohucs.com/images/20190321/475ece3d37004456af594fda2718a7bb.jpeg\" style=\"height:auto; margin:10px auto 0px\" /></p>\r\n\r\n<p>位于荔枝湾涌沿线的詹天佑故居纪念馆</p>\r\n\r\n<p>部分较为古旧的西关大屋也变靓丽，有的进行墙体清洗、有的重新贴上青砖，房屋外&ldquo;三线归一&rdquo;，坑洼的路面重新铺上了麻石路面。</p>\r\n\r\n<p>吊脚门、大木门、青砖、麻石墙角、瓦背顶等代表着西关大屋的元素，在这里都一一展现。</p>\r\n\r\n<p><img src=\"http://5b0988e595225.cdn.sohucs.com/images/20190321/978b896c4e2b4110b2ceef9a4bf00860.jpeg\" style=\"height:auto; margin:10px auto 0px\" /></p>\r\n\r\n<p><img src=\"http://5b0988e595225.cdn.sohucs.com/images/20190321/b6a04c9d1aec4c4988b1410cf1052066.jpeg\" style=\"height:auto; margin:10px auto 0px\" /></p>\r\n\r\n<p>每到周末，不少年轻人</p>\r\n\r\n<p>在这里拍照&ldquo;打卡&rdquo;，</p>\r\n\r\n<p>有的打扮成&ldquo;西关小姐&rdquo;，</p>\r\n\r\n<p>用镜头捕捉美景。</p>\r\n\r\n<p><img src=\"http://5b0988e595225.cdn.sohucs.com/images/20190321/628bfd1cd67d48d795bd21e8541fdef8.jpeg\" style=\"height:auto; margin:10px auto 0px\" /></p>\r\n\r\n<p><strong>建多个博物馆，尝试多种业态</strong></p>\r\n\r\n<p>在荔枝湾，除了涌道水上风光外，</p>\r\n\r\n<p>更是一个了解广府文化的&ldquo;宝地&rdquo;。</p>\r\n\r\n<p>这里有荔湾博物馆、 蒋光鼐故居、文塔等，在小画舫斋、荔园，可不定期地看到与广府文化的展览，例如广绣展、与岭南文化有关的字画展。</p>\r\n\r\n<p><img src=\"http://5b0988e595225.cdn.sohucs.com/images/20190321/b2faf29eb04a4037b5c09844229ee7ea.jpeg\" style=\"height:auto; margin:10px auto 0px\" /></p>\r\n\r\n<p>在荔枝湾涌改造项目中，</p>\r\n\r\n<p>不仅是环境的改造，</p>\r\n\r\n<p>还将<strong>&ldquo;没有围墙博物馆&rdquo;</strong>的</p>\r\n\r\n<p>开敞空间的理念引入这个城市当中。</p>\r\n\r\n<p>罗思敏说：&ldquo;年轻人来游览荔枝湾，除了品尝西关美食外，去到博物馆中，利用文字、图片等了解这里的历史，文化才能一直传承下去。要让广府文化得以传承，让更多年轻人深入认识和了解荔枝湾的历史，就应发挥博物馆的作用，当中历史内容要及时整理，并不定时更新内容。&rdquo;</p>\r\n\r\n<p><img src=\"http://5b0988e595225.cdn.sohucs.com/images/20190321/6adcf147bd464de99c3a7564a74f791b.jpeg\" style=\"height:auto; margin:10px auto 0px\" /></p>\r\n\r\n<p>一位在华南理工大学建筑专业毕业的90后年轻人表示，荔枝湾涌项目把老城区最有活力的地方以沿河景观的方式串联了起来，以涌道为载体激活了许多的景点，包括永庆坊和粤剧博物馆，&ldquo;如果是来广州老城区游玩，会首推这里。除了有特色的建筑外，还可以了解多种广府文化遗产，比如粤剧、铜器等&rdquo;。</p>\r\n\r\n<p><img src=\"http://5b0988e595225.cdn.sohucs.com/images/20190321/7311241c291c403c8ea2079dd217842e.jpeg\" style=\"height:auto; margin:10px auto 0px\" /></p>\r\n\r\n<p>改造后的荔枝湾，</p>\r\n\r\n<p>凭借独特的岭南水乡韵味，</p>\r\n\r\n<p>吸引众多年轻人前来参观游玩，</p>\r\n\r\n<p>带动80后、90后认识本地美食、文化。</p>\r\n\r\n<p>对旧城区有计划、有功能区分的保护才是正确的道路，而不能只强调保留原貌，对于&ldquo;旧城改造&rdquo;，罗思敏认为，<strong>需要有丰富的业态，才能吸引年轻人，并且发挥区域商业价值。</strong></p>\r\n\r\n<p>在荔枝湾中，除了重新修葺历史建筑，还增加一系列新建的亭台楼阁，包括荔园。</p>\r\n\r\n<p>这些<strong>亭台楼阁承载多项功能，</strong>一方面是配合整体景观，打造岭南建筑风情，让游客有休憩地。</p>\r\n\r\n<p>另一方面是发挥当地的商业价值，&ldquo;引入咖啡馆、茶室、书画室等，这些业态可吸引不同年龄的人，让景区、原居民有持续收入&rdquo;。</p>\r\n\r\n<p><strong>更多精彩</strong></p>\r\n\r\n<p>来源：广州日报、广州市荔湾区档案局、羊城派等综合。</p>\r\n\r\n<p>声明：相关文字和图片来源网络，如您发现</p>\r\n', '2019-03-21 22:36:34', '1', '0', '一溪两岸荔枝红！新旧照看古今荔枝湾，如何在活化中创新 ', null);
INSERT INTO `sys_moments` VALUES ('306237011939954688', '306232379880640512', '258221160834142208', '曾是云南与越南交界最繁华热闹的小县城，如今整治后冷清多了', '/uploadImages/224aa3b8-9c99-4011-a8d9-82e5556d531e_bd22eeeff73c4a5cbb8f773356f614cb.jpg', '<p><img src=\"http://5b0988e595225.cdn.sohucs.com/images/20190321/bd22eeeff73c4a5cbb8f773356f614cb.jpeg\" style=\"height:auto; margin:10px auto 0px\" /></p>\r\n\r\n<p>芒果旅行日记：曾是云南与越南交界繁华热闹的小县城，很多越南妹子，据说是男人的天堂，如今整治后冷清多了。</p>\r\n\r\n<p><img src=\"http://5b0988e595225.cdn.sohucs.com/images/20190321/bfa8770cc5804d9399a6a3a08fd42c47.jpeg\" style=\"height:auto; margin:10px auto 0px\" /></p>\r\n\r\n<p>今天是芒果云南行的第24天，坐标中国云南省红河州河口县，与越南交界，两个国家仅相隔一条河，可以隔河相望。</p>\r\n\r\n<p><img src=\"http://5b0988e595225.cdn.sohucs.com/images/20190321/ab0ddbfb82b24948a6e10b767dc72268.jpeg\" style=\"height:auto; margin:10px auto 0px\" /></p>\r\n\r\n<p>走在大街上，游客并不是很多，比我想像中要冷清，偶尔会遇到游客，但大多都是跟团的大妈大叔，像我们这样自由行到达这里的并不多。这有点出乎我的意料，记得曾经从西藏走樟木口岸去尼泊尔，自由行的游客非常多，非常热闹。</p>\r\n\r\n<p><img src=\"http://5b0988e595225.cdn.sohucs.com/images/20190321/00bd47529ad54c998b68596c560d65f3.jpeg\" style=\"height:auto; margin:10px auto 0px\" /></p>\r\n\r\n<p>后来听说了这里曾经与东莞一样，是男人的天堂，那时的中国越南城非常热闹，近两年整治所以冷清了很多，如今到达此地的游客，大多是云南行顺便到此地出境一游的，大部分都是大妈大叔，报团一日游或两日游，去对岸的越南老街逛或去沙巴看看法国风情的小镇。</p>\r\n\r\n<p><img src=\"http://5b0988e595225.cdn.sohucs.com/images/20190321/9a7e1a8eec29483fa3623213b8a9d881.jpeg\" style=\"height:auto; margin:10px auto 0px\" /></p>\r\n\r\n<p>河口是国家一类口岸，是我国进入越南的两个最重要的口岸之一（还有一个是广西东兴口岸），在清朝末期时就已开通了滇越铁路连通云南和东南亚国家，这里交通非常方便，有火车、班车直达，从云南省会昆明有高速连通，此外还有国道县道等交通网络。</p>\r\n\r\n<p><img src=\"http://5b0988e595225.cdn.sohucs.com/images/20190321/75144daf5e0a4a3180d7da25e7910345.jpeg\" style=\"height:auto; margin:10px auto 0px\" /></p>\r\n\r\n<p>在清末民初时，因滇越铁路和个碧石铁路的开通，河口一度成为云南甚至中国与东南亚国家的重要交通枢纽，个碧石铁路停运之后，河口依然成为重要的边贸城市之一。</p>\r\n\r\n<p><img src=\"http://5b0988e595225.cdn.sohucs.com/images/20190321/a14be27db6ac4477946914e7a30c1a2a.jpeg\" style=\"height:auto; margin:10px auto 0px\" /></p>\r\n\r\n<p>两个国家的人可以在边贸区域自由贸易，据说凭借河口身份证就可以办理边民通行证，出入越南老街无需护照和签证，越南老街的人亦可办理边民通行证，可出入河口进行物品的买卖，也因此，河口有非常多的越南人，菜市场卖菜的，地摊卖水果的，卖衣服的，餐厅、酒店服务员等等，越南人随处可见。</p>\r\n\r\n<p><img src=\"http://5b0988e595225.cdn.sohucs.com/images/20190321/4ccfaec4e1924bcba1f4aa451a693b15.jpeg\" style=\"height:auto; margin:10px auto 0px\" /></p>\r\n\r\n<p>据说之前的河口，非常多年轻貌美的越南妹子，因此有很多男人到此寻花问柳，如今虽然依然有很多越南妹子在河口打工（这边很多餐厅、酒店服务员都是越南妹子），但数量比之前少了很多（很多网友评论说质量也下降了很多。。。）。</p>\r\n\r\n<p><img src=\"http://5b0988e595225.cdn.sohucs.com/images/20190321/9f4108b4d8984f6e88e8430b19e5449d.jpeg\" style=\"height:auto; margin:10px auto 0px\" /></p>\r\n\r\n<p>如今河口最热闹的地方应该就是靠近口岸附近一带了，很多旅行社、酒店、美食街等，主要是针对游客的生意，而不再是像之前有很多针对男人的生意。</p>\r\n\r\n<p><img src=\"http://5b0988e595225.cdn.sohucs.com/images/20190321/92c21675e390447cb5dfd8ed4cde3c73.jpeg\" style=\"height:auto; margin:10px auto 0px\" /></p>\r\n\r\n<p>在河口口岸，每天早上八点，闸门一开可见很多越南人几乎以百米冲刺的速度奔向中国云南河口这边，这已然成为河口的一道独特风景线。而傍晚很多河口本地人可以会到越南老街吃个饭或散散步，这也成为中越边境口岸的一道独特风景线。</p>\r\n\r\n<p><img src=\"http://5b0988e595225.cdn.sohucs.com/images/20190321/89331e1300b74615859a0a1894c8f1bd.jpeg\" style=\"height:auto; margin:10px auto 0px\" /></p>\r\n\r\n<p><img src=\"http://5b0988e595225.cdn.sohucs.com/images/20190321/7bd5131df0f5486a8fb0d76f663873fc.jpeg\" style=\"height:auto; margin:10px auto 0px\" /></p>\r\n\r\n<p>河口，曾经是中国和越南交界最繁华热闹的口岸，如今略显冷清。</p>\r\n\r\n<p><img src=\"http://5b0988e595225.cdn.sohucs.com/images/20190321/36164ced768e4f258a974e9e3af50d70.jpeg\" style=\"height:auto; margin:10px auto 0px\" /></p>\r\n\r\n<p>作者简介：芒果，女，广东人，喜欢旅行（不是富二代，旅行花费的每一分钱都是自己努力工作挣的），去过泰国、马亚西亚仙本那、尼泊尔等国家，新疆、西藏、青海、甘肃、云南、四川、贵州、广西、湖南、陕西、海南、福建、江西等地方。</p>\r\n\r\n<p>图文原创，欢迎关注芒果旅行日记，每天分享旅途见闻和路线攻略。</p>\r\n', '2019-03-21 22:37:38', '0', '0', '曾是云南与越南交界最繁华热闹的小县城，如今整治后冷清多了', null);
INSERT INTO `sys_moments` VALUES ('306237256337854464', '306232379880640512', '258221160834142208', '内蒙古有片冰石林，比英国巨石阵的石头要大，形同巨大的千层饼 ', '/uploadImages/ebf5f164-e49f-4057-bf9c-780734a391b2_08dc3cff05d74c89a9f50e6f9a577b9e.jpg', '<p>内蒙古的北大山上，有一片原始的冰石林，这里石头的横向纹理，一层一层如同巨大的加厚千层饼。奇怪的是，这个石阵比英国的巨石阵的石头还要大。不仅如此，它的身世也是充满了谜团，大家都不知道这些石头从哪里来的。</p>\r\n\r\n<p><img src=\"http://5b0988e595225.cdn.sohucs.com/images/20190320/08dc3cff05d74c89a9f50e6f9a577b9e.jpeg\" style=\"height:auto; margin:10px auto 0px\" /></p>\r\n\r\n<p>这处冰石林，处于大兴安岭向西部草原过渡的地带，同云南石林相比，虽然都叫&ldquo;石林&rdquo;，可形成的原因却不同，这里的石林叫冰石林，石头的纹理是横向的，一层一层，像千层饼。</p>\r\n\r\n<p><img src=\"http://5b0988e595225.cdn.sohucs.com/images/20190320/39790557dd7e41debd74cdc40b669e40.jpeg\" style=\"height:auto; margin:10px auto 0px\" /></p>\r\n\r\n<p>冰石林中有许多奇怪的巨石。这些石头，有的形状看起来四四方方，犹如砖石垒起来的城墙垛一样；有的却又尖又圆，看起来像一个石塔；有的干脆就不成形状，散乱堆放在各处。</p>\r\n\r\n<p><img src=\"http://5b0988e595225.cdn.sohucs.com/images/20190320/91b8edaad18b455c85f5f2e3cd9a10ee.jpeg\" style=\"height:auto; margin:10px auto 0px\" /></p>\r\n\r\n<p>这些冰石林相对5多米高，组成的石阵底部相连，呈方形或条壮，上边却分离出不同形态的石柱。</p>\r\n\r\n<p><img src=\"http://5b0988e595225.cdn.sohucs.com/images/20190320/e39fac7f00a14d0191900eb7482b84fc.jpeg\" style=\"height:auto; margin:10px auto 0px\" /></p>\r\n\r\n<p>远远望去，冰石林平地而起，鳞次栉比，如同天外之客，无意间降落在这里。走在这里，就像走进一个石头的世界，令游人流连忘返。</p>\r\n\r\n<p><img src=\"http://5b0988e595225.cdn.sohucs.com/images/20190320/5698cdc448c949e5bcb530e6ec683ea4.jpeg\" style=\"height:auto; margin:10px auto 0px\" /></p>\r\n\r\n<p>秋天来这里，旁边漫山遍野的白桦林成片的散落在山岗路旁，忍不住让人走入林中，去伸手触摸那一片片秋色。</p>\r\n\r\n<p><img src=\"http://5b0988e595225.cdn.sohucs.com/images/20190320/dfc5e2e3f17a4fc681d43926fde635f3.jpeg\" style=\"height:auto; margin:10px auto 0px\" /></p>\r\n\r\n<p>这些石林又是如何形成的呢？</p>\r\n\r\n<p><img src=\"http://5b0988e595225.cdn.sohucs.com/images/20190320/aba6668cf5574f75a24223a088930ef7.jpeg\" style=\"height:auto; margin:10px auto 0px\" /></p>\r\n\r\n<p>这里曾经是古代蒙古国和金国的交界地，有人推测，这些石林应该是金国人修建的城墙遗址。</p>\r\n\r\n<p><img src=\"http://5b0988e595225.cdn.sohucs.com/images/20190320/dc83cd346d184ed6b7a4ccedea8bc87a.jpeg\" style=\"height:auto; margin:10px auto 0px\" /></p>\r\n\r\n<p>地质学家的考察后否定这一说法，因为人力根本无法使用如此之大石头来建造城墙，而且这里没有人工施工的痕迹。所以城墙遗址的说法站不住足。</p>\r\n\r\n<p><img src=\"http://5b0988e595225.cdn.sohucs.com/images/20190320/d70b117c0c054266958dbaffe5261eb0.jpeg\" style=\"height:auto; margin:10px auto 0px\" /></p>\r\n\r\n<p>科学家又考察了离北大山不远的平顶山地形，发现这里的山石轮廓也是半圆形。因而得出了结论，北大山在冰川的冻融作用下，山体岩石经过搬运、切削和崩塌，形成一种三面环以峭壁，呈半圆形的洼地。</p>\r\n\r\n<p><img src=\"http://5b0988e595225.cdn.sohucs.com/images/20190320/05d5c623575f49cbb43204a3e7a1cc0e.jpeg\" style=\"height:auto; margin:10px auto 0px\" /></p>\r\n\r\n<p>云南、桂林的&ldquo;路南石林&rdquo;和&ldquo;元谋土林&rdquo;，是灰岩在热带气候条件下，经水流的溶蚀作用形成的，石头的纹理是垂直上下的，似刀劈斧砍。</p>\r\n\r\n<p><img src=\"http://5b0988e595225.cdn.sohucs.com/images/20190320/6a3c0186096a4d708c5132955d0f1b8f.jpeg\" style=\"height:auto; margin:10px auto 0px\" /></p>\r\n\r\n<p>北大山一带发育的冰石林，主要是由冰盖冰川的创蚀、掘蚀和冰川融化时形成的大量冰川融水的冲蚀作用下产生的，所以叫&ldquo;冰石林&rdquo;。冰石林形成之谜终于大白于天下。</p>\r\n', '2019-03-21 22:38:37', '1', '0', '内蒙古有片冰石林，比英国巨石阵的石头要大，形同巨大的千层饼 ', null);
INSERT INTO `sys_moments` VALUES ('306237677995429888', '306232379880640512', '258221160834142208', '走进非洲，寻觅卢旺达黑色传说', '/uploadImages/3d2830ca-e594-4faf-bb9a-d5542d390b2f_6206615526ef4f42ba26acd41a29e090.jpg', '<p><img src=\"http://5b0988e595225.cdn.sohucs.com/images/20190321/e84f011d01574821941e01d844ff29ed.jpeg\" style=\"height:auto; margin:10px auto 0px\" /></p>\r\n\r\n<p><img src=\"http://5b0988e595225.cdn.sohucs.com/images/20190321/6206615526ef4f42ba26acd41a29e090.jpeg\" style=\"height:auto; margin:10px auto 0px\" /></p>\r\n\r\n<p>飞行二十小时，终于到达卢旺达的首都，基加利。这是一座干净整洁的新兴城市，看着这座城市，一派祥和安静的景象，你很难想象这已经是在非洲了，也很难想象，这是一个在20多年前才经历了一场惨绝人寰的大屠杀的国家。</p>\r\n\r\n<p><img src=\"http://5b0988e595225.cdn.sohucs.com/images/20190321/24064a6e304443289af87ca456eca0a2.jpeg\" style=\"height:auto; margin:10px auto 0px\" /></p>\r\n\r\n<p>对于陌生国度的探访，还是喜欢从接地气的当地市场开始。往往一个小小的菜场，就是那个城市的缩影，在这里，你可以看见最真实的卢旺达，最直接地体验到非洲人民的生活。</p>\r\n\r\n<p><img src=\"http://5b0988e595225.cdn.sohucs.com/images/20190321/8a0c5a311f70420493be55ce49b99378.jpeg\" style=\"height:auto; margin:10px auto 0px\" /></p>\r\n\r\n<p>走进基加利的Kimironko市场相机就停不下来了，色彩艳丽的水果区是我的最爱，这是当地最大的集市人潮汹涌热闹非凡，在这里除去可以购买生活物资之外，还能买到便宜的各色纪念品带回去给亲朋好友。</p>\r\n\r\n<p><img src=\"http://5b0988e595225.cdn.sohucs.com/images/20190321/9788657c4fcb4d669eaf6cbca4787eea.jpeg\" style=\"height:auto; margin:10px auto 0px\" /></p>\r\n\r\n<p>质朴的市场摊贩，看到镜头大方地露出笑容，也许卖水果也没想象中那么枯燥和单调，每天看到形形色色的往来人群，开心的人，总是能在其中发掘出趣味的。每天看见那么多人，笑容也是毫不吝啬地给予，简单朴素却满足，这就是卢旺达人带给我的第一印象。</p>\r\n\r\n<p><img src=\"http://5b0988e595225.cdn.sohucs.com/images/20190321/015f9e57f47d49228977a25b1618e24d.jpeg\" style=\"height:auto; margin:10px auto 0px\" /></p>\r\n\r\n<p><img src=\"http://5b0988e595225.cdn.sohucs.com/images/20190321/ff4b6039c26f4edca185acc26064d11f.jpeg\" style=\"height:auto; margin:10px auto 0px\" /></p>\r\n\r\n<p>卢旺达盛产香蕉，可以说是香蕉爱好者的天堂了，所以这里也有动物界的香蕉爱好者大猩猩，为了给我后面的行程做个铺垫，就先来一串香蕉，入乡随俗了。</p>\r\n\r\n<p><img src=\"http://5b0988e595225.cdn.sohucs.com/images/20190321/7885890fd540463abc9c7afed4a61c26.jpeg\" style=\"height:auto; margin:10px auto 0px\" /></p>\r\n\r\n<p><img src=\"http://5b0988e595225.cdn.sohucs.com/images/20190321/78cd2dc1208f45a5a83d379597ca5f0a.jpeg\" style=\"height:auto; margin:10px auto 0px\" /></p>\r\n\r\n<p>这个穿着雷锋衣服的小伙子着实引起了我的注意，中国援助非洲修建了很多公路和建筑，所以在这里可以见到很多中国元素，在异国他乡的土地上生根发芽，卢旺达的人民们对中国人很热情，除了肤色和语言，好像也没那么不同，让人很亲切。</p>\r\n\r\n<p><img src=\"http://5b0988e595225.cdn.sohucs.com/images/20190321/3dd47465791e4980870d38fd91c73aef.jpeg\" style=\"height:auto; margin:10px auto 0px\" /></p>\r\n\r\n<p><img src=\"http://5b0988e595225.cdn.sohucs.com/images/20190321/f18897231df9474790f5d9d0e482cbd2.jpeg\" style=\"height:auto; margin:10px auto 0px\" /></p>\r\n\r\n<p><img src=\"http://5b0988e595225.cdn.sohucs.com/images/20190321/41c0eb656ea240b481f06321ff1e0865.jpeg\" style=\"height:auto; margin:10px auto 0px\" /></p>\r\n\r\n<p><img src=\"http://5b0988e595225.cdn.sohucs.com/images/20190321/a85584c52ff44750912875b4da36504c.jpeg\" style=\"height:auto; margin:10px auto 0px\" /></p>\r\n\r\n<p>渐渐发展中的卢旺达尽管物质条件还差点，但并不影响人民简单的快乐。村边一场小小的活动聚集了全村老小，音乐喧天，气氛炽烈。所以说无论在哪里，无论贫穷还是富裕，人们都会拥有自己的快乐，特别是在这样纯粹的地方，快乐就更容易获得。</p>\r\n\r\n<p><img src=\"http://5b0988e595225.cdn.sohucs.com/images/20190321/396d133b99ac45efa25d4021b303e201.jpeg\" style=\"height:auto; margin:10px auto 0px\" /></p>\r\n\r\n<p>&nbsp;</p>\r\n\r\n<p>卢旺达是非洲大陆人口密度最大的国家，约83%的人口分布在乡村。主要由三个民族构成：胡图族、图西族和特瓦族，其中胡图族约占全国总人口的大多数。这一个小小的乡村活动就有这么多老老少少出动，就可见这人口的庞大了。</p>\r\n\r\n<p><img src=\"http://5b0988e595225.cdn.sohucs.com/images/20190321/37309cbb3c0d4fd5978155713624aa21.jpeg\" style=\"height:auto; margin:10px auto 0px\" /></p>\r\n\r\n<p><img src=\"http://5b0988e595225.cdn.sohucs.com/images/20190321/34aac0adcb24431fac55d5203ca5ceed.jpeg\" style=\"height:auto; margin:10px auto 0px\" /></p>\r\n\r\n<p>虽然在国内对人山人海也司空见惯了，但在这看见这么多小黑娃聚集在一起也蛮稀奇的，更稀奇的是，他们对镜头充满了好奇，对于我们几个闯入的黄种人也格外新奇，反而来围观的我们被围观了。</p>\r\n\r\n<p><img src=\"http://5b0988e595225.cdn.sohucs.com/images/20190321/cce59d3b8895490cbb6ac936d1710cf2.jpeg\" style=\"height:auto; margin:10px auto 0px\" /></p>\r\n\r\n<p>首都基加利的高楼正在栋栋拔高，已经具有一些现代化城市雏形，值得一提的是城市里的整洁和干净，全国禁塑不说，还有每月最后一个周六的全民大扫除，也是打破了我对非洲国家的偏见，这个纯粹的地方，越了解，越喜欢。</p>\r\n\r\n<p><img src=\"http://5b0988e595225.cdn.sohucs.com/images/20190321/fc68e5f25da54b9197b874bbf45b7489.jpeg\" style=\"height:auto; margin:10px auto 0px\" /></p>\r\n\r\n<p><img src=\"http://5b0988e595225.cdn.sohucs.com/images/20190321/ed6aac0363844914a589c7f81ff8fba7.jpeg\" style=\"height:auto; margin:10px auto 0px\" /></p>\r\n\r\n<p>光看这几张照片，你大概也绝对想不到这曾经是世界最不发达的国家之一吧。这个素来被认为只有非洲大原野的地方，竟然也有霓虹闪烁？旅行就是不停颠覆自己认识，把闭塞的世界打通，如果你没有来过这里，一定也不会知道，这里与别的城市没什么两样。</p>\r\n\r\n<p><img src=\"http://5b0988e595225.cdn.sohucs.com/images/20190321/f8a15cfefa354c04a4797f50ecf205e5.jpeg\" style=\"height:auto; margin:10px auto 0px\" /></p>\r\n\r\n<p>从尼安扎出发，坐上看起来就逼格十足的大车，我们的卢旺达之旅就开始了。第一站来到卢旺达唯一一个皇宫，几座低调地不行的茅草屋，和很多头看着还以为是大象的牛，是被当地人称为&quot;Nyankole&quot;的大角牛。</p>\r\n\r\n<p><img src=\"http://5b0988e595225.cdn.sohucs.com/images/20190321/abcfcaea7ea24322b81bcfc9f35def9a.jpeg\" style=\"height:auto; margin:10px auto 0px\" /></p>\r\n\r\n<p><img src=\"http://5b0988e595225.cdn.sohucs.com/images/20190321/484de3c59e684f618f31f280e5a23164.jpeg\" style=\"height:auto; margin:10px auto 0px\" /></p>\r\n\r\n<p><img src=\"http://5b0988e595225.cdn.sohucs.com/images/20190321/45a449ed188948a7807546ec56704150.jpeg\" style=\"height:auto; margin:10px auto 0px\" /></p>\r\n\r\n<p><img src=\"http://5b0988e595225.cdn.sohucs.com/images/20190321/c18e7f881e2b4b9690f03e07f9bbfd20.jpeg\" style=\"height:auto; margin:10px auto 0px\" /></p>\r\n\r\n<p>来到非洲，去森林探险的心已经蠢蠢欲动了，下午迫不及待地来到了纽恩威国家公园，这是非洲最大的山地雨林保护区，跨海拔的优势决定了它的生物多样性，里面1000多种植物，13种灵长类植物，75种哺乳类植物，至少275种鸟类，以及120种蝴蝶。</p>\r\n\r\n<p><img src=\"http://5b0988e595225.cdn.sohucs.com/images/20190321/95a1bf3b7acb401b96a65ca6663bd70e.jpeg\" style=\"height:auto; margin:10px auto 0px\" /></p>\r\n\r\n<p><img src=\"http://5b0988e595225.cdn.sohucs.com/images/20190321/f91bb82da39d4fe2a68a23144afa2137.jpeg\" style=\"height:auto; margin:10px auto 0px\" /></p>\r\n\r\n<p>公园里有追踪大猩猩的项目，由于天色已晚，大龄青年们就不冒险了，选择在热带雨林的小道里穿梭一下，体验一下这座高60米，长160米的大吊桥，为明天的行程暖暖身，先上一道开胃小菜。</p>\r\n\r\n<p><img src=\"http://5b0988e595225.cdn.sohucs.com/images/20190321/b8aa514b84cb45958022203c594cfc14.jpeg\" style=\"height:auto; margin:10px auto 0px\" /><img src=\"http://5b0988e595225.cdn.sohucs.com/images/20190321/eafbcd09353b4e10b310b3fa52426c52.jpeg\" style=\"height:auto; margin:0px auto\" /></p>\r\n\r\n<p>卢旺达的纽恩威国家公园(Nyungwe Forest National Park)被《美国国家地理》评为&quot;2014年最值得前往的旅行地&quot;,在这茂密雨林心脏地带有一个泥浆洞,从地下冒出略带咸味的水,湍湍流入卢卡瑞拉河(Rukarera)。据说这是尼罗河最远的一条支流。</p>\r\n\r\n<p><img src=\"http://5b0988e595225.cdn.sohucs.com/images/20190321/08fd34e281f04281b393012540f1a219.jpeg\" style=\"height:auto; margin:10px auto 0px\" /></p>\r\n\r\n<p><img src=\"http://5b0988e595225.cdn.sohucs.com/images/20190321/64f7e06c8cbb4da19890aeefea204d74.jpeg\" style=\"height:auto; margin:10px auto 0px\" /></p>\r\n\r\n<p>第二天为了追踪黑猩猩早早出发，途中偶遇这样的场景赶紧下来看看，上百口人排成一列挥舞着锄头在地里干活是在壮观，凑近才知道这是收获土豆的时节，放眼望去，田间劳动的以妇女居多，孩子就在旁边带着自己的弟弟妹妹，想来家里的男人应该都进城务工去了吧。</p>\r\n\r\n<p><img src=\"http://5b0988e595225.cdn.sohucs.com/images/20190321/486153ee4cf3480dbc7ccc096b8ed566.jpeg\" style=\"height:auto; margin:10px auto 0px\" /></p>\r\n\r\n<p><img src=\"http://5b0988e595225.cdn.sohucs.com/images/20190321/7d722692c35c4dbd8bdf8098e66dd5d3.jpeg\" style=\"height:auto; margin:10px auto 0px\" /></p>\r\n\r\n<p><img src=\"http://5b0988e595225.cdn.sohucs.com/images/20190321/0b7bfd2d82b64f0f94f7567ffc1ed587.jpeg\" style=\"height:auto; margin:10px auto 0px\" /></p>\r\n\r\n<p><img src=\"http://5b0988e595225.cdn.sohucs.com/images/20190321/26c424ee8d094807b2a29f6b0492c483.jpeg\" style=\"height:auto; margin:10px auto 0px\" /></p>\r\n\r\n<p><img src=\"http://5b0988e595225.cdn.sohucs.com/images/20190321/263ef01dcb13479291ec975c2bc2317a.jpeg\" style=\"height:auto; margin:10px auto 0px\" /></p>\r\n\r\n<p>期待已久的追踪黑猩猩行动，终于在向导的带领下经过长途跋涉，见到了在树林间像人猿泰山一样横行霸道的黑猩猩了。100美金一人的价格，让我除了对着他们一阵猛拍之外，已经没有别的追求了，但这比起山地大猩猩1500美金的价格，已经划算不少</p>\r\n\r\n<p><img src=\"http://5b0988e595225.cdn.sohucs.com/images/20190321/a053e7f76ca4441a9e0c41eb07e3c318.jpeg\" style=\"height:auto; margin:10px auto 0px\" /></p>\r\n\r\n<p>追踪黑猩猩难度不高，但是他们多数像人猿泰山一样穿梭在树林间，像在跟你躲猫猫一样。小家伙，你躲得过辛辛苦苦跋山涉水只为来看你一眼的一众人和我的长枪短炮吗？</p>\r\n\r\n<p><img src=\"http://5b0988e595225.cdn.sohucs.com/images/20190321/6de720726c56432897ee74935b1d32fe.jpeg\" style=\"height:auto; margin:10px auto 0px\" /></p>\r\n\r\n<p>追踪完大猩猩，累的啥也不想干，只想岁月静好一下，便驱车向基伍湖出发。基伍湖是中部非洲最高的湖泊，也是非洲的大湖之一。它位于刚果民主共和国与卢旺达的边界上，处于东非大裂谷中，艾伯丁裂谷的西部，由断层陷落而成。</p>\r\n\r\n<p><img src=\"http://5b0988e595225.cdn.sohucs.com/images/20190321/9ef017a6f0514fe682928236762d8098.jpeg\" style=\"height:auto; margin:10px auto 0px\" /></p>\r\n\r\n<p><img src=\"http://5b0988e595225.cdn.sohucs.com/images/20190321/906e80300a5e468bacdd1bf166ce851a.jpeg\" style=\"height:auto; margin:10px auto 0px\" /></p>\r\n\r\n<p>基伍湖多鱼类和水鸟。群山环抱，湖岸陡峻曲折，湖中岛屿众多，为著名疗养地。站在湖滨沙滩上，背后是一抹翠黛的青山，眼前是浩瀚无际的湖水。</p>\r\n\r\n<p><img src=\"http://5b0988e595225.cdn.sohucs.com/images/20190321/e89096c8e9f0498ba69feb41a9a0cc72.jpeg\" style=\"height:auto; margin:10px auto 0px\" /></p>\r\n\r\n<p><img src=\"http://5b0988e595225.cdn.sohucs.com/images/20190321/fa30bb186419434f9d1f0f1d3f7c8402.jpeg\" style=\"height:auto; margin:10px auto 0px\" /></p>\r\n\r\n<p>然而在这美丽的平静之下，也暗藏着危机。基伍湖也是非洲最大和最深的湖之一，存在着奇特而真实的现象。基伍湖底蕴藏着大量的沼气，沼气是可以燃烧的，如果湖水点火，就会自己燃烧起来，想想还有点小吓人呢</p>\r\n\r\n<p><img src=\"http://5b0988e595225.cdn.sohucs.com/images/20190321/ce00ffd35646410598006429b9f75e9c.jpeg\" style=\"height:auto; margin:10px auto 0px\" /></p>\r\n\r\n<p>感叹于基伍湖的绝美景色，到达酒店已经接近黄昏，湛蓝的天空被晚霞划破，赶紧掏出航拍仪记录这短暂的风貌。</p>\r\n\r\n<p><img src=\"http://5b0988e595225.cdn.sohucs.com/images/20190321/3529c198ab6548a0bff1ac38e8bd2531.jpeg\" style=\"height:auto; margin:10px auto 0px\" /></p>\r\n\r\n<p>人们对于航拍仪还是很好奇地，小飞机飞过头顶的时候，大家都不约而同地抬起头看个稀奇，不禁让我想到了，&ldquo;你在桥上看风景，看风景的人在看你&rdquo;，不知道我有没有装饰他们的梦啊。。。</p>\r\n\r\n<p><img src=\"http://5b0988e595225.cdn.sohucs.com/images/20190321/9163acf7acb9489b890b86f2e66c0d2d.jpeg\" style=\"height:auto; margin:10px auto 0px\" /><img src=\"http://5b0988e595225.cdn.sohucs.com/images/20190321/9234784b189641a4aaa6e9f2a6702b60.jpeg\" style=\"height:auto; margin:0px auto\" /></p>\r\n\r\n<p><img src=\"http://5b0988e595225.cdn.sohucs.com/images/20190321/528059f8398045299b639423679589f7.jpeg\" style=\"height:auto; margin:10px auto 0px\" /></p>\r\n\r\n<p>天色渐暗，我们大家聚在湖边，生起一簇篝火，为这寂静的夜色点燃一丝生机。捧着酒杯围坐在篝火旁聊聊天，吹着习习凉风，简直是大写的诗情画意啊。入夜放松心情，早早休息，是为了明天的重头大戏。</p>\r\n\r\n<p><img src=\"http://5b0988e595225.cdn.sohucs.com/images/20190321/d060f62bc0f44c9494ed3532ed2731d6.jpeg\" style=\"height:auto; margin:10px auto 0px\" /></p>\r\n\r\n<p><img src=\"http://5b0988e595225.cdn.sohucs.com/images/20190321/a9e0c0d1a7384c46a15c393f5c565ac9.jpeg\" style=\"height:auto; margin:10px auto 0px\" /></p>\r\n\r\n<p><img src=\"http://5b0988e595225.cdn.sohucs.com/images/20190321/98f32eefa5eb43048adfbaec4c51f131.jpeg\" style=\"height:auto; margin:10px auto 0px\" /></p>\r\n\r\n<p>为了下一个行程，我们需要经由吉塞尼要到达鲁亨盖里。吉塞尼位于卢旺达和刚果的交界处在，在这里你会看到很多行色匆匆的人，你可能会很奇怪，这里看不到其他非洲国家的那种无所事事地上躺着的闲人，你也看不到向你伸手乞讨的乞丐。所有人，都是穿戴整齐，各司其职，忙碌而快乐。</p>\r\n\r\n<p><img src=\"http://5b0988e595225.cdn.sohucs.com/images/20190321/75e39239096943aeb5c28c5493d0eb4b.jpeg\" style=\"height:auto; margin:10px auto 0px\" /></p>\r\n\r\n<p><img src=\"http://5b0988e595225.cdn.sohucs.com/images/20190321/7c74a0312dba410d9902bc1132890ca0.jpeg\" style=\"height:auto; margin:10px auto 0px\" /></p>\r\n\r\n<p><img src=\"http://5b0988e595225.cdn.sohucs.com/images/20190321/6cdd217806124f8e87d9090151e148ce.jpeg\" style=\"height:auto; margin:10px auto 0px\" /></p>\r\n\r\n<p>本次行程的重头戏终于来了，来到位于卢旺达和刚果的交界处的Volcanoes国家公园，跟随向导深入密林追踪山地大猩猩的所在。卢旺达自然保护区与刚果（金）为邻。附近有卡里辛比火山，海拔4507米。这里地处热带，降水量丰富，山地发育有大片原始森林，并有众多的热带动物大象、白犀牛、河马、野牛、狒狒、猩猩等。</p>\r\n\r\n<p><img src=\"http://5b0988e595225.cdn.sohucs.com/images/20190321/cfe8150756894fe4aec0074c6dcbd9e2.jpeg\" style=\"height:auto; margin:10px auto 0px\" /></p>\r\n\r\n<p>每年的6-9月是追踪山地大猩猩的旺季，因为属于旱季，相对雨水稀少，找到大猩猩的几率会大一些。向导带我们找到了Guhonda这一家子，他们对于访客的到来毫不在意，眼里完全没有我们，招首弄姿地摆弄自己，姑且就认为他是在挠痒吧。。</p>\r\n', '2019-03-21 22:40:17', '3', '0', '走进非洲，寻觅卢旺达黑色传说', null);
INSERT INTO `sys_moments` VALUES ('306424427057385472', '306232379880640512', '258221102512345088', '初恋这件小事', '/uploadImages/bfc8dfeb-da9a-4e5a-9a35-4948b9e388c0_p1505312273.webp', '<p>初中生小水相貌平平，家境一般，所以在学校里并不受重视。但是她心地善良，又有一群死党，日子过得倒也开心。某天，她遇见了帅气的学长阿亮（马里奥&middot;毛瑞尔 Mario Maurer 饰），春心萌动，无 法遏制。她喜欢看他踢足球，看他拍照，如痴如狂。上英语课时，她不停地给死党传纸条 表达对阿亮的爱慕。然而，英语老师则指出她除了英语一无是处。回到家，叔叔从美国捎来了父亲的消息，说如果她能考全校第一，就可以去美国。于是，她按下决心要努力加油。某天，小水等人在买饮料时，碰到篮球队员蛮横插队。阿亮挺身而出，为她们教训了对方，并挨了校长的责骂。小水也第一次听说，阿亮的父亲因为射失点球而退役的事情，理解了他心中的隐痛。由于舞蹈队是给美女准备的，所以小水等一干姐妹准备在话剧社大展身手，没想到学长也来到这个社团。两人还扮演王子公主，他们的恋情会由此展开么？</p>\r\n', '2019-03-22 11:02:22', '1', '0', '初恋这件小事', null);
INSERT INTO `sys_moments` VALUES ('306424850078109696', '306232379880640512', '258221102512345088', '海王 Aquaman', '/uploadImages/2da1c116-2f86-4569-88d6-e5d79b89008e_p2541280047.webp', '<p>许多年前，亚特兰蒂斯女王（妮可&middot;基德曼 Nicole Kidman 饰）和人类相知相恋，共同孕育了爱情的结晶&mdash;&mdash;后来被陆地人称为海王的亚瑟&middot;库瑞（杰森&middot;莫玛 Jason Momoa 饰）。在成长的过程中，亚瑟接受海底导师维科（威廉&middot;达福 Willem Dafoe 饰）的严苛训练，时刻渴望去看望母亲，然而作为混血的私生子这却是奢望。与此同时，亚瑟的同母异父兄弟奥姆（帕特里克&middot;威尔森 Patrick Wilson 饰）成为亚特兰蒂斯的国王，他不满陆地人类对大海的荼毒与污染，遂谋划联合其他海底王国发动对陆地的全面战争。为了阻止他的野心，维科和奥姆的未婚妻湄拉（艾梅柏&middot;希尔德 Amber Heard 饰）将亚瑟带到海底世界。&nbsp;<br />\r\n　　宿命推动着亚瑟，去寻找失落已久的三叉戟，建立一个更加开明的海底王国</p>\r\n', '2019-03-22 11:04:02', '0', '0', '海王 Aquaman', null);

-- ----------------------------
-- Table structure for sys_permission
-- ----------------------------
DROP TABLE IF EXISTS `sys_permission`;
CREATE TABLE `sys_permission` (
  `id` int(20) NOT NULL auto_increment COMMENT '主键',
  `name` varchar(128) NOT NULL COMMENT '资源名称',
  `type` varchar(32) NOT NULL COMMENT '资源类型：menu,button,',
  `url` varchar(128) default NULL COMMENT '访问url地址',
  `percode` varchar(128) default NULL COMMENT '权限代码字符串',
  `parentid` bigint(20) default NULL COMMENT '父结点id',
  `parentids` varchar(128) default NULL COMMENT '父结点id列表串',
  `sortstring` varchar(128) default NULL COMMENT '排序号',
  `available` char(1) default NULL COMMENT '是否可用,1：可用，0不可用',
  PRIMARY KEY  (`id`)
) ENGINE=InnoDB DEFAULT CHARSET=utf8;

-- ----------------------------
-- Records of sys_permission
-- ----------------------------

-- ----------------------------
-- Table structure for sys_role
-- ----------------------------
DROP TABLE IF EXISTS `sys_role`;
CREATE TABLE `sys_role` (
  `id` varchar(36) NOT NULL,
  `name` varchar(128) NOT NULL,
  `available` char(1) default '1' COMMENT '是否可用,1：可用，0不可用',
  PRIMARY KEY  (`id`)
) ENGINE=InnoDB DEFAULT CHARSET=utf8;

-- ----------------------------
-- Records of sys_role
-- ----------------------------
INSERT INTO `sys_role` VALUES ('1', 'admin', '1');
INSERT INTO `sys_role` VALUES ('2', 'user', '2');

-- ----------------------------
-- Table structure for sys_role_permission
-- ----------------------------
DROP TABLE IF EXISTS `sys_role_permission`;
CREATE TABLE `sys_role_permission` (
  `id` int(36) NOT NULL auto_increment,
  `sys_role_id` varchar(32) NOT NULL COMMENT '角色id',
  `sys_permission_id` int(32) NOT NULL COMMENT '权限id',
  PRIMARY KEY  (`id`,`sys_role_id`,`sys_permission_id`),
  KEY `sys_role_permission_sys_role_id` (`sys_role_id`),
  KEY `sys_role_permission_sys_permission_id` (`sys_permission_id`),
  CONSTRAINT `sys_role_permission_sys_permission_id` FOREIGN KEY (`sys_permission_id`) REFERENCES `sys_permission` (`id`),
  CONSTRAINT `sys_role_permission_sys_role_id` FOREIGN KEY (`sys_role_id`) REFERENCES `sys_role` (`id`)
) ENGINE=InnoDB DEFAULT CHARSET=utf8;

-- ----------------------------
-- Records of sys_role_permission
-- ----------------------------

-- ----------------------------
-- Table structure for sys_user
-- ----------------------------
DROP TABLE IF EXISTS `sys_user`;
CREATE TABLE `sys_user` (
  `id` varchar(36) NOT NULL COMMENT '主键',
  `username` varchar(64) NOT NULL COMMENT '姓名',
  `password` varchar(32) NOT NULL COMMENT '密码',
  `name` varchar(32) default NULL,
  `dataOfBirth` datetime default NULL,
  `age` int(5) default NULL,
  `gender` varchar(255) default NULL,
  `salt` varchar(64) default 'iaeiwfsjkfhewui' COMMENT '盐',
  `locked` char(1) default '0' COMMENT '账号是否锁定，1：锁定，0未锁定',
  `avatar` varchar(128) default '/uploadImages/avatar/defaultAvatar.jpg' COMMENT '头像',
  `individualResume` varchar(255) default NULL COMMENT '个人简介',
  PRIMARY KEY  (`id`),
  KEY `sys_user_username` (`username`)
) ENGINE=InnoDB DEFAULT CHARSET=utf8;

-- ----------------------------
-- Records of sys_user
-- ----------------------------
INSERT INTO `sys_user` VALUES ('258220253845262336', 'admin', 'b3e36bb2f6e8221dfaa86ead7600aacc', 'admin', null, null, null, 'iaeiwfsjkfhewui', '0', null, null);
INSERT INTO `sys_user` VALUES ('258220666812239872', '15138931676', '1860e1fd4e76617a6ea70be73f9621be', '李佳浩', null, '22', '男', 'iaeiwfsjkfhewui', '0', '/uploadImages/avatar/0bf6acc9-924d-41b2-a05e-48ae93b03d17_544997133288862518.png', '222222222222222222222222222222222222222222222222222222222222222222222222222222222222222222222222221111111');
INSERT INTO `sys_user` VALUES ('259998818651738112', 'test123', '3e5f2b890825f0fb00c6bd7829e5dd93', '李加保', null, '22', '男', 'iaeiwfsjkfhewui', '0', '/uploadImages/avatar/defaultAvatar.jpg', 'null');
INSERT INTO `sys_user` VALUES ('259998995865276416', 'test2', '3e5f2b890825f0fb00c6bd7829e5dd93', '王啸宇', null, '0', null, 'iaeiwfsjkfhewui', '0', null, null);
INSERT INTO `sys_user` VALUES ('260131635448647680', 'test3', '3e5f2b890825f0fb00c6bd7829e5dd93', '李加保', null, '0', null, 'iaeiwfsjkfhewui', '0', null, null);
INSERT INTO `sys_user` VALUES ('260473052700217344', 'wangxiaoyu', '3e5f2b890825f0fb00c6bd7829e5dd93', '王啸宇', null, '0', null, 'iaeiwfsjkfhewui', '0', null, null);
INSERT INTO `sys_user` VALUES ('305737669911121920', '11111111111', '3b32c8017e9d7c55d2baca3afae82ed9', '11111', null, '0', null, 'iaeiwfsjkfhewui', '0', null, null);
INSERT INTO `sys_user` VALUES ('305737725988966400', '22222222', '43700d088304ad3626516d07ba7cc541', '2222', null, '0', null, 'iaeiwfsjkfhewui', '0', null, null);
INSERT INTO `sys_user` VALUES ('305737776672935936', '333333', 'd54ef062c1ba40bb9311f270d528a7d6', '333333', null, '0', null, 'iaeiwfsjkfhewui', '0', null, null);
INSERT INTO `sys_user` VALUES ('305737823418454016', '4444444', 'f2365237a96d55542e9dd0dee9d76c05', '444444', null, '0', null, 'iaeiwfsjkfhewui', '0', null, null);
INSERT INTO `sys_user` VALUES ('305737896739082240', '555555', 'd925b7b7a359ec445e2372ee5d135040', '555555', null, '0', null, 'iaeiwfsjkfhewui', '0', null, null);
INSERT INTO `sys_user` VALUES ('305737959691390976', '666666', '5351e69d43f8d6c9bcdb1090b4190e7a', '666666', null, '0', null, 'iaeiwfsjkfhewui', '1', null, null);
INSERT INTO `sys_user` VALUES ('305738004847267840', '777777', '5fc103004b07c3d4a3fdee59ad6970f8', '7777777', null, '22', '女', 'iaeiwfsjkfhewui', '0', null, null);
INSERT INTO `sys_user` VALUES ('305738048891654144', '888888', 'fcce359ca1d7b6990bc011706908edf5', '888888', null, '0', null, 'iaeiwfsjkfhewui', '0', null, null);
INSERT INTO `sys_user` VALUES ('305738099504320512', '999999', '5daa03f9f5d481f69a801557e9c4df61', '999999', null, '0', null, 'iaeiwfsjkfhewui', '0', null, null);
INSERT INTO `sys_user` VALUES ('305740030176006144', 'qqqq', '3817495dcbd20f18f8ffcd87c696e782', 'qqq', null, '0', null, 'iaeiwfsjkfhewui', '0', null, null);
INSERT INTO `sys_user` VALUES ('306218396192739328', 'weizhiyu', '3e5f2b890825f0fb00c6bd7829e5dd93', '魏志宇', null, '0', null, 'iaeiwfsjkfhewui', '0', '/uploadImages/avatar/defaultAvatar.jpg', null);
INSERT INTO `sys_user` VALUES ('306227866931171328', 'heyang', '3e5f2b890825f0fb00c6bd7829e5dd93', '何阳', null, '0', null, 'iaeiwfsjkfhewui', '0', '/uploadImages/avatar/defaultAvatar.jpg', null);
INSERT INTO `sys_user` VALUES ('306232379880640512', 'lijiahao', '3e5f2b890825f0fb00c6bd7829e5dd93', '李佳浩', null, '0', null, 'iaeiwfsjkfhewui', '0', '/uploadImages/avatar/defaultAvatar.jpg', null);

-- ----------------------------
-- Table structure for sys_user_role
-- ----------------------------
DROP TABLE IF EXISTS `sys_user_role`;
CREATE TABLE `sys_user_role` (
  `id` int(36) NOT NULL auto_increment,
  `sys_user_id` varchar(32) NOT NULL,
  `sys_role_id` varchar(32) NOT NULL default '249151066229313536',
  PRIMARY KEY  (`id`,`sys_user_id`,`sys_role_id`),
  KEY `sys_user_id` (`sys_user_id`),
  KEY `sys_role_id` (`sys_role_id`),
  CONSTRAINT `sys_role_id` FOREIGN KEY (`sys_role_id`) REFERENCES `sys_role` (`id`),
  CONSTRAINT `sys_user_id` FOREIGN KEY (`sys_user_id`) REFERENCES `sys_user` (`id`)
) ENGINE=InnoDB AUTO_INCREMENT=10810033 DEFAULT CHARSET=utf8;

-- ----------------------------
-- Records of sys_user_role
-- ----------------------------
INSERT INTO `sys_user_role` VALUES ('10810014', '258220253845262336', '1');
INSERT INTO `sys_user_role` VALUES ('10810015', '258220666812239872', '2');
INSERT INTO `sys_user_role` VALUES ('10810016', '259998818651738112', '2');
INSERT INTO `sys_user_role` VALUES ('10810017', '259998995865276416', '2');
INSERT INTO `sys_user_role` VALUES ('10810018', '260131635448647680', '2');
INSERT INTO `sys_user_role` VALUES ('10810019', '260473052700217344', '2');
INSERT INTO `sys_user_role` VALUES ('10810020', '305737669911121920', '2');
INSERT INTO `sys_user_role` VALUES ('10810021', '305737725988966400', '2');
INSERT INTO `sys_user_role` VALUES ('10810022', '305737776672935936', '2');
INSERT INTO `sys_user_role` VALUES ('10810023', '305737823418454016', '2');
INSERT INTO `sys_user_role` VALUES ('10810024', '305737896739082240', '2');
INSERT INTO `sys_user_role` VALUES ('10810025', '305737959691390976', '2');
INSERT INTO `sys_user_role` VALUES ('10810026', '305738004847267840', '2');
INSERT INTO `sys_user_role` VALUES ('10810027', '305738048891654144', '2');
INSERT INTO `sys_user_role` VALUES ('10810028', '305738099504320512', '2');
INSERT INTO `sys_user_role` VALUES ('10810029', '305740030176006144', '2');
INSERT INTO `sys_user_role` VALUES ('10810030', '306218396192739328', '2');
INSERT INTO `sys_user_role` VALUES ('10810031', '306227866931171328', '2');
INSERT INTO `sys_user_role` VALUES ('10810032', '306232379880640512', '2');
DROP TRIGGER IF EXISTS `user_insert`;
DELIMITER ;;
CREATE TRIGGER `user_insert` AFTER INSERT ON `sys_user` FOR EACH ROW insert into sys_user_role(id,sys_user_id,sys_role_id)
values(null,NEW.id,'2')
;;
DELIMITER ;
DROP TRIGGER IF EXISTS `user_delete`;
DELIMITER ;;
CREATE TRIGGER `user_delete` BEFORE DELETE ON `sys_user` FOR EACH ROW delete from 
sys_user_role
where sys_user_id = OLD.id
;;
DELIMITER ;
